Analysis & Synthesis report for Practica2
Wed Apr 30 18:06:13 2025
Quartus Prime Version 23.1std.1 Build 993 05/14/2024 SC Lite Edition


---------------------
; Table of Contents ;
---------------------
  1. Legal Notice
  2. Analysis & Synthesis Summary
  3. Analysis & Synthesis Settings
  4. Parallel Compilation
  5. Analysis & Synthesis Source Files Read
  6. Analysis & Synthesis Resource Usage Summary
  7. Analysis & Synthesis Resource Utilization by Entity
  8. Analysis & Synthesis DSP Block Usage Summary
  9. Analysis & Synthesis IP Cores Summary
 10. State Machine - |Practica2|LCD:lcdCtrl|CurrentState
 11. State Machine - |Practica2|LCD:lcdCtrl|NextState
 12. User-Specified and Inferred Latches
 13. Registers Removed During Synthesis
 14. Removed Registers Triggering Further Register Optimizations
 15. General Register Statistics
 16. Inverted Register Statistics
 17. Multiplexer Restructuring Statistics (Restructuring Performed)
 18. Source assignments for PLL:u0|PLL_altpll_0:altpll_0
 19. Source assignments for PLL:u0|PLL_altpll_0:altpll_0|PLL_altpll_0_stdsync_sv6:stdsync2|PLL_altpll_0_dffpipe_l2c:dffpipe3
 20. Parameter Settings for User Entity Instance: Keyboard:Kb|Debounce:deb_inst
 21. Parameter Settings for User Entity Instance: Sync:U1
 22. Parameter Settings for User Entity Instance: LCD:lcdCtrl
 23. Parameter Settings for Inferred Entity Instance: Sync:U1|lpm_divide:Mod0
 24. Parameter Settings for Inferred Entity Instance: Sync:U1|lpm_divide:Mod1
 25. Parameter Settings for Inferred Entity Instance: Sync:U1|lpm_mult:Mult0
 26. Parameter Settings for Inferred Entity Instance: Sync:U1|lpm_mult:Mult3
 27. Parameter Settings for Inferred Entity Instance: Sync:U1|lpm_mult:Mult6
 28. Parameter Settings for Inferred Entity Instance: Sync:U1|lpm_mult:Mult8
 29. Parameter Settings for Inferred Entity Instance: Sync:U1|lpm_mult:Mult2
 30. Parameter Settings for Inferred Entity Instance: Sync:U1|lpm_mult:Mult1
 31. Parameter Settings for Inferred Entity Instance: Sync:U1|lpm_mult:Mult5
 32. Parameter Settings for Inferred Entity Instance: Sync:U1|lpm_mult:Mult7
 33. Parameter Settings for Inferred Entity Instance: Sync:U1|lpm_mult:Mult4
 34. Parameter Settings for Inferred Entity Instance: Sync:U1|lpm_divide:Div0
 35. Parameter Settings for Inferred Entity Instance: Sync:U1|lpm_mult:Mult9
 36. lpm_mult Parameter Settings by Entity Instance
 37. Port Connectivity Checks: "PLL:u0|PLL_altpll_0:altpll_0|PLL_altpll_0_altpll_hra2:sd1"
 38. Port Connectivity Checks: "PLL:u0|PLL_altpll_0:altpll_0"
 39. Port Connectivity Checks: "PLL:u0"
 40. Post-Synthesis Netlist Statistics for Top Partition
 41. Elapsed Time Per Partition
 42. Analysis & Synthesis Messages
 43. Analysis & Synthesis Suppressed Messages



----------------
; Legal Notice ;
----------------
Copyright (C) 2024  Intel Corporation. All rights reserved.
Your use of Intel Corporation's design tools, logic functions 
and other software and tools, and any partner logic 
functions, and any output files from any of the foregoing 
(including device programming or simulation files), and any 
associated documentation or information are expressly subject 
to the terms and conditions of the Intel Program License 
Subscription Agreement, the Intel Quartus Prime License Agreement,
the Intel FPGA IP License Agreement, or other applicable license
agreement, including, without limitation, that your use is for
the sole purpose of programming logic devices manufactured by
Intel and sold by Intel or its authorized distributors.  Please
refer to the applicable agreement for further details, at
https://fpgasoftware.intel.com/eula.



+-------------------------------------------------------------------------------------+
; Analysis & Synthesis Summary                                                        ;
+------------------------------------+------------------------------------------------+
; Analysis & Synthesis Status        ; Successful - Wed Apr 30 18:06:13 2025          ;
; Quartus Prime Version              ; 23.1std.1 Build 993 05/14/2024 SC Lite Edition ;
; Revision Name                      ; Practica2                                      ;
; Top-level Entity Name              ; Practica2                                      ;
; Family                             ; Cyclone IV E                                   ;
; Total logic elements               ; 3,216                                          ;
;     Total combinational functions  ; 3,172                                          ;
;     Dedicated logic registers      ; 216                                            ;
; Total registers                    ; 216                                            ;
; Total pins                         ; 74                                             ;
; Total virtual pins                 ; 0                                              ;
; Total memory bits                  ; 0                                              ;
; Embedded Multiplier 9-bit elements ; 108                                            ;
; Total PLLs                         ; 1                                              ;
+------------------------------------+------------------------------------------------+


+------------------------------------------------------------------------------------------------------------+
; Analysis & Synthesis Settings                                                                              ;
+------------------------------------------------------------------+--------------------+--------------------+
; Option                                                           ; Setting            ; Default Value      ;
+------------------------------------------------------------------+--------------------+--------------------+
; Device                                                           ; EP4CE115F29C8L     ;                    ;
; Top-level entity name                                            ; Practica2          ; Practica2          ;
; Family name                                                      ; Cyclone IV E       ; Cyclone V          ;
; Type of Retiming Performed During Resynthesis                    ; Full               ;                    ;
; Resynthesis Optimization Effort                                  ; Normal             ;                    ;
; Physical Synthesis Level for Resynthesis                         ; Normal             ;                    ;
; Use Generated Physical Constraints File                          ; On                 ;                    ;
; Use smart compilation                                            ; Off                ; Off                ;
; Enable parallel Assembler and Timing Analyzer during compilation ; On                 ; On                 ;
; Enable compact report table                                      ; Off                ; Off                ;
; Restructure Multiplexers                                         ; Auto               ; Auto               ;
; Create Debugging Nodes for IP Cores                              ; Off                ; Off                ;
; Preserve fewer node names                                        ; On                 ; On                 ;
; Intel FPGA IP Evaluation Mode                                    ; Enable             ; Enable             ;
; Verilog Version                                                  ; Verilog_2001       ; Verilog_2001       ;
; VHDL Version                                                     ; VHDL_1993          ; VHDL_1993          ;
; State Machine Processing                                         ; Auto               ; Auto               ;
; Safe State Machine                                               ; Off                ; Off                ;
; Extract Verilog State Machines                                   ; On                 ; On                 ;
; Extract VHDL State Machines                                      ; On                 ; On                 ;
; Ignore Verilog initial constructs                                ; Off                ; Off                ;
; Iteration limit for constant Verilog loops                       ; 5000               ; 5000               ;
; Iteration limit for non-constant Verilog loops                   ; 250                ; 250                ;
; Add Pass-Through Logic to Inferred RAMs                          ; On                 ; On                 ;
; Infer RAMs from Raw Logic                                        ; On                 ; On                 ;
; Parallel Synthesis                                               ; On                 ; On                 ;
; DSP Block Balancing                                              ; Auto               ; Auto               ;
; NOT Gate Push-Back                                               ; On                 ; On                 ;
; Power-Up Don't Care                                              ; On                 ; On                 ;
; Remove Redundant Logic Cells                                     ; Off                ; Off                ;
; Remove Duplicate Registers                                       ; On                 ; On                 ;
; Ignore CARRY Buffers                                             ; Off                ; Off                ;
; Ignore CASCADE Buffers                                           ; Off                ; Off                ;
; Ignore GLOBAL Buffers                                            ; Off                ; Off                ;
; Ignore ROW GLOBAL Buffers                                        ; Off                ; Off                ;
; Ignore LCELL Buffers                                             ; Off                ; Off                ;
; Ignore SOFT Buffers                                              ; On                 ; On                 ;
; Limit AHDL Integers to 32 Bits                                   ; Off                ; Off                ;
; Optimization Technique                                           ; Balanced           ; Balanced           ;
; Carry Chain Length                                               ; 70                 ; 70                 ;
; Auto Carry Chains                                                ; On                 ; On                 ;
; Auto Open-Drain Pins                                             ; On                 ; On                 ;
; Perform WYSIWYG Primitive Resynthesis                            ; Off                ; Off                ;
; Auto ROM Replacement                                             ; On                 ; On                 ;
; Auto RAM Replacement                                             ; On                 ; On                 ;
; Auto DSP Block Replacement                                       ; On                 ; On                 ;
; Auto Shift Register Replacement                                  ; Auto               ; Auto               ;
; Allow Shift Register Merging across Hierarchies                  ; Auto               ; Auto               ;
; Auto Clock Enable Replacement                                    ; On                 ; On                 ;
; Strict RAM Replacement                                           ; Off                ; Off                ;
; Allow Synchronous Control Signals                                ; On                 ; On                 ;
; Force Use of Synchronous Clear Signals                           ; Off                ; Off                ;
; Auto RAM Block Balancing                                         ; On                 ; On                 ;
; Auto RAM to Logic Cell Conversion                                ; Off                ; Off                ;
; Auto Resource Sharing                                            ; Off                ; Off                ;
; Allow Any RAM Size For Recognition                               ; Off                ; Off                ;
; Allow Any ROM Size For Recognition                               ; Off                ; Off                ;
; Allow Any Shift Register Size For Recognition                    ; Off                ; Off                ;
; Use LogicLock Constraints during Resource Balancing              ; On                 ; On                 ;
; Ignore translate_off and synthesis_off directives                ; Off                ; Off                ;
; Timing-Driven Synthesis                                          ; On                 ; On                 ;
; Report Parameter Settings                                        ; On                 ; On                 ;
; Report Source Assignments                                        ; On                 ; On                 ;
; Report Connectivity Checks                                       ; On                 ; On                 ;
; Ignore Maximum Fan-Out Assignments                               ; Off                ; Off                ;
; Synchronization Register Chain Length                            ; 2                  ; 2                  ;
; Power Optimization During Synthesis                              ; Normal compilation ; Normal compilation ;
; HDL message level                                                ; Level2             ; Level2             ;
; Suppress Register Optimization Related Messages                  ; Off                ; Off                ;
; Number of Removed Registers Reported in Synthesis Report         ; 5000               ; 5000               ;
; Number of Swept Nodes Reported in Synthesis Report               ; 5000               ; 5000               ;
; Number of Inverted Registers Reported in Synthesis Report        ; 100                ; 100                ;
; Clock MUX Protection                                             ; On                 ; On                 ;
; Auto Gated Clock Conversion                                      ; Off                ; Off                ;
; Block Design Naming                                              ; Auto               ; Auto               ;
; SDC constraint protection                                        ; Off                ; Off                ;
; Synthesis Effort                                                 ; Auto               ; Auto               ;
; Shift Register Replacement - Allow Asynchronous Clear Signal     ; On                 ; On                 ;
; Pre-Mapping Resynthesis Optimization                             ; Off                ; Off                ;
; Analysis & Synthesis Message Level                               ; Medium             ; Medium             ;
; Disable Register Merging Across Hierarchies                      ; Auto               ; Auto               ;
; Resource Aware Inference For Block RAM                           ; On                 ; On                 ;
+------------------------------------------------------------------+--------------------+--------------------+


+------------------------------------------+
; Parallel Compilation                     ;
+----------------------------+-------------+
; Processors                 ; Number      ;
+----------------------------+-------------+
; Number detected on machine ; 16          ;
; Maximum allowed            ; 16          ;
;                            ;             ;
; Average used               ; 1.02        ;
; Maximum used               ; 16          ;
;                            ;             ;
; Usage by Processor         ; % Time Used ;
;     Processor 1            ; 100.0%      ;
;     Processor 2            ;   0.2%      ;
;     Processor 3            ;   0.2%      ;
;     Processor 4            ;   0.2%      ;
;     Processor 5            ;   0.1%      ;
;     Processor 6            ;   0.1%      ;
;     Processor 7            ;   0.1%      ;
;     Processor 8            ;   0.1%      ;
;     Processors 9-16        ;   0.1%      ;
+----------------------------+-------------+


+---------------------------------------------------------------------------------------------------------------------------------------------------------------------------------------------+
; Analysis & Synthesis Source Files Read                                                                                                                                                      ;
+-----------------------------------------+-----------------+------------------------------+----------------------------------------------------------------------------------------+---------+
; File Name with User-Entered Path        ; Used in Netlist ; File Type                    ; File Name with Absolute Path                                                           ; Library ;
+-----------------------------------------+-----------------+------------------------------+----------------------------------------------------------------------------------------+---------+
; Hex.v                                   ; yes             ; User Verilog HDL File        ; /home/Irmin/Documents/Practica2/Hex.v                                                  ;         ;
; Debounce.v                              ; yes             ; User Verilog HDL File        ; /home/Irmin/Documents/Practica2/Debounce.v                                             ;         ;
; PLL/synthesis/PLL.v                     ; yes             ; User Verilog HDL File        ; /home/Irmin/Documents/Practica2/PLL/synthesis/PLL.v                                    ; PLL     ;
; PLL/synthesis/submodules/PLL_altpll_0.v ; yes             ; User Verilog HDL File        ; /home/Irmin/Documents/Practica2/PLL/synthesis/submodules/PLL_altpll_0.v                ; PLL     ;
; Practica2.v                             ; yes             ; User Verilog HDL File        ; /home/Irmin/Documents/Practica2/Practica2.v                                            ;         ;
; Keyboard.v                              ; yes             ; User Verilog HDL File        ; /home/Irmin/Documents/Practica2/Keyboard.v                                             ;         ;
; Sync.v                                  ; yes             ; User Verilog HDL File        ; /home/Irmin/Documents/Practica2/Sync.v                                                 ;         ;
; LCD.v                                   ; yes             ; User Verilog HDL File        ; /home/Irmin/Documents/Practica2/LCD.v                                                  ;         ;
; lpm_divide.tdf                          ; yes             ; Megafunction                 ; /home/Irmin/intelFPGA_lite/23.1std/quartus/libraries/megafunctions/lpm_divide.tdf      ;         ;
; abs_divider.inc                         ; yes             ; Megafunction                 ; /home/Irmin/intelFPGA_lite/23.1std/quartus/libraries/megafunctions/abs_divider.inc     ;         ;
; sign_div_unsign.inc                     ; yes             ; Megafunction                 ; /home/Irmin/intelFPGA_lite/23.1std/quartus/libraries/megafunctions/sign_div_unsign.inc ;         ;
; aglobal231.inc                          ; yes             ; Megafunction                 ; /home/Irmin/intelFPGA_lite/23.1std/quartus/libraries/megafunctions/aglobal231.inc      ;         ;
; db/lpm_divide_soo.tdf                   ; yes             ; Auto-Generated Megafunction  ; /home/Irmin/Documents/Practica2/db/lpm_divide_soo.tdf                                  ;         ;
; db/abs_divider_kbg.tdf                  ; yes             ; Auto-Generated Megafunction  ; /home/Irmin/Documents/Practica2/db/abs_divider_kbg.tdf                                 ;         ;
; db/alt_u_div_67f.tdf                    ; yes             ; Auto-Generated Megafunction  ; /home/Irmin/Documents/Practica2/db/alt_u_div_67f.tdf                                   ;         ;
; db/add_sub_7pc.tdf                      ; yes             ; Auto-Generated Megafunction  ; /home/Irmin/Documents/Practica2/db/add_sub_7pc.tdf                                     ;         ;
; db/add_sub_8pc.tdf                      ; yes             ; Auto-Generated Megafunction  ; /home/Irmin/Documents/Practica2/db/add_sub_8pc.tdf                                     ;         ;
; db/lpm_abs_4v9.tdf                      ; yes             ; Auto-Generated Megafunction  ; /home/Irmin/Documents/Practica2/db/lpm_abs_4v9.tdf                                     ;         ;
; db/lpm_abs_g0a.tdf                      ; yes             ; Auto-Generated Megafunction  ; /home/Irmin/Documents/Practica2/db/lpm_abs_g0a.tdf                                     ;         ;
; lpm_mult.tdf                            ; yes             ; Megafunction                 ; /home/Irmin/intelFPGA_lite/23.1std/quartus/libraries/megafunctions/lpm_mult.tdf        ;         ;
; lpm_add_sub.inc                         ; yes             ; Megafunction                 ; /home/Irmin/intelFPGA_lite/23.1std/quartus/libraries/megafunctions/lpm_add_sub.inc     ;         ;
; multcore.inc                            ; yes             ; Megafunction                 ; /home/Irmin/intelFPGA_lite/23.1std/quartus/libraries/megafunctions/multcore.inc        ;         ;
; bypassff.inc                            ; yes             ; Megafunction                 ; /home/Irmin/intelFPGA_lite/23.1std/quartus/libraries/megafunctions/bypassff.inc        ;         ;
; altshift.inc                            ; yes             ; Megafunction                 ; /home/Irmin/intelFPGA_lite/23.1std/quartus/libraries/megafunctions/altshift.inc        ;         ;
; db/mult_sct.tdf                         ; yes             ; Auto-Generated Megafunction  ; /home/Irmin/Documents/Practica2/db/mult_sct.tdf                                        ;         ;
; db/mult_3dt.tdf                         ; yes             ; Auto-Generated Megafunction  ; /home/Irmin/Documents/Practica2/db/mult_3dt.tdf                                        ;         ;
; db/mult_16t.tdf                         ; yes             ; Auto-Generated Megafunction  ; /home/Irmin/Documents/Practica2/db/mult_16t.tdf                                        ;         ;
; db/mult_agt.tdf                         ; yes             ; Auto-Generated Megafunction  ; /home/Irmin/Documents/Practica2/db/mult_agt.tdf                                        ;         ;
; db/mult_bgt.tdf                         ; yes             ; Auto-Generated Megafunction  ; /home/Irmin/Documents/Practica2/db/mult_bgt.tdf                                        ;         ;
; db/lpm_divide_1jm.tdf                   ; yes             ; Auto-Generated Megafunction  ; /home/Irmin/Documents/Practica2/db/lpm_divide_1jm.tdf                                  ;         ;
; db/sign_div_unsign_3nh.tdf              ; yes             ; Auto-Generated Megafunction  ; /home/Irmin/Documents/Practica2/db/sign_div_unsign_3nh.tdf                             ;         ;
; db/alt_u_div_q9f.tdf                    ; yes             ; Auto-Generated Megafunction  ; /home/Irmin/Documents/Practica2/db/alt_u_div_q9f.tdf                                   ;         ;
; db/mult_2ft.tdf                         ; yes             ; Auto-Generated Megafunction  ; /home/Irmin/Documents/Practica2/db/mult_2ft.tdf                                        ;         ;
+-----------------------------------------+-----------------+------------------------------+----------------------------------------------------------------------------------------+---------+


+-------------------------------------------------------------------------------------------------------+
; Analysis & Synthesis Resource Usage Summary                                                           ;
+---------------------------------------------+---------------------------------------------------------+
; Resource                                    ; Usage                                                   ;
+---------------------------------------------+---------------------------------------------------------+
; Estimated Total logic elements              ; 3,216                                                   ;
;                                             ;                                                         ;
; Total combinational functions               ; 3172                                                    ;
; Logic element usage by number of LUT inputs ;                                                         ;
;     -- 4 input functions                    ; 742                                                     ;
;     -- 3 input functions                    ; 1586                                                    ;
;     -- <=2 input functions                  ; 844                                                     ;
;                                             ;                                                         ;
; Logic elements by mode                      ;                                                         ;
;     -- normal mode                          ; 1036                                                    ;
;     -- arithmetic mode                      ; 2136                                                    ;
;                                             ;                                                         ;
; Total registers                             ; 216                                                     ;
;     -- Dedicated logic registers            ; 216                                                     ;
;     -- I/O registers                        ; 0                                                       ;
;                                             ;                                                         ;
; I/O pins                                    ; 74                                                      ;
;                                             ;                                                         ;
; Embedded Multiplier 9-bit elements          ; 108                                                     ;
;                                             ;                                                         ;
; Total PLLs                                  ; 1                                                       ;
;     -- PLLs                                 ; 1                                                       ;
;                                             ;                                                         ;
; Maximum fan-out node                        ; Sync:U1|lpm_mult:Mult2|mult_16t:auto_generated|mac_out2 ;
; Maximum fan-out                             ; 167                                                     ;
; Total fan-out                               ; 10555                                                   ;
; Average fan-out                             ; 2.89                                                    ;
+---------------------------------------------+---------------------------------------------------------+


+-------------------------------------------------------------------------------------------------------------------------------------------------------------------------------------------------------------------------------------------------------------------------------------------------------------------------------------+
; Analysis & Synthesis Resource Utilization by Entity                                                                                                                                                                                                                                                                                 ;
+-------------------------------------------+---------------------+---------------------------+-------------+--------------+---------+-----------+------+--------------+--------------------------------------------------------------------------------------------------------------------+--------------------------+--------------+
; Compilation Hierarchy Node                ; Combinational ALUTs ; Dedicated Logic Registers ; Memory Bits ; DSP Elements ; DSP 9x9 ; DSP 18x18 ; Pins ; Virtual Pins ; Full Hierarchy Name                                                                                                ; Entity Name              ; Library Name ;
+-------------------------------------------+---------------------+---------------------------+-------------+--------------+---------+-----------+------+--------------+--------------------------------------------------------------------------------------------------------------------+--------------------------+--------------+
; |Practica2                                ; 3172 (0)            ; 216 (0)                   ; 0           ; 108          ; 2       ; 53        ; 74   ; 0            ; |Practica2                                                                                                         ; Practica2                ; work         ;
;    |Keyboard:Kb|                          ; 84 (50)             ; 42 (36)                   ; 0           ; 0            ; 0       ; 0         ; 0    ; 0            ; |Practica2|Keyboard:Kb                                                                                             ; Keyboard                 ; work         ;
;       |Debounce:deb_inst|                 ; 6 (6)               ; 6 (6)                     ; 0           ; 0            ; 0       ; 0         ; 0    ; 0            ; |Practica2|Keyboard:Kb|Debounce:deb_inst                                                                           ; Debounce                 ; work         ;
;       |hex:hex_inst_1|                    ; 7 (7)               ; 0 (0)                     ; 0           ; 0            ; 0       ; 0         ; 0    ; 0            ; |Practica2|Keyboard:Kb|hex:hex_inst_1                                                                              ; hex                      ; work         ;
;       |hex:hex_inst_2|                    ; 7 (7)               ; 0 (0)                     ; 0           ; 0            ; 0       ; 0         ; 0    ; 0            ; |Practica2|Keyboard:Kb|hex:hex_inst_2                                                                              ; hex                      ; work         ;
;       |hex:hex_inst_3|                    ; 7 (7)               ; 0 (0)                     ; 0           ; 0            ; 0       ; 0         ; 0    ; 0            ; |Practica2|Keyboard:Kb|hex:hex_inst_3                                                                              ; hex                      ; work         ;
;       |hex:hex_inst_4|                    ; 7 (7)               ; 0 (0)                     ; 0           ; 0            ; 0       ; 0         ; 0    ; 0            ; |Practica2|Keyboard:Kb|hex:hex_inst_4                                                                              ; hex                      ; work         ;
;    |LCD:lcdCtrl|                          ; 149 (149)           ; 60 (60)                   ; 0           ; 0            ; 0       ; 0         ; 0    ; 0            ; |Practica2|LCD:lcdCtrl                                                                                             ; LCD                      ; work         ;
;    |PLL:u0|                               ; 0 (0)               ; 0 (0)                     ; 0           ; 0            ; 0       ; 0         ; 0    ; 0            ; |Practica2|PLL:u0                                                                                                  ; PLL                      ; PLL          ;
;       |PLL_altpll_0:altpll_0|             ; 0 (0)               ; 0 (0)                     ; 0           ; 0            ; 0       ; 0         ; 0    ; 0            ; |Practica2|PLL:u0|PLL_altpll_0:altpll_0                                                                            ; PLL_altpll_0             ; PLL          ;
;          |PLL_altpll_0_altpll_hra2:sd1|   ; 0 (0)               ; 0 (0)                     ; 0           ; 0            ; 0       ; 0         ; 0    ; 0            ; |Practica2|PLL:u0|PLL_altpll_0:altpll_0|PLL_altpll_0_altpll_hra2:sd1                                               ; PLL_altpll_0_altpll_hra2 ; PLL          ;
;    |Sync:U1|                              ; 2939 (1549)         ; 114 (114)                 ; 0           ; 108          ; 2       ; 53        ; 0    ; 0            ; |Practica2|Sync:U1                                                                                                 ; Sync                     ; work         ;
;       |lpm_divide:Div0|                   ; 135 (0)             ; 0 (0)                     ; 0           ; 0            ; 0       ; 0         ; 0    ; 0            ; |Practica2|Sync:U1|lpm_divide:Div0                                                                                 ; lpm_divide               ; work         ;
;          |lpm_divide_1jm:auto_generated|  ; 135 (0)             ; 0 (0)                     ; 0           ; 0            ; 0       ; 0         ; 0    ; 0            ; |Practica2|Sync:U1|lpm_divide:Div0|lpm_divide_1jm:auto_generated                                                   ; lpm_divide_1jm           ; work         ;
;             |sign_div_unsign_3nh:divider| ; 135 (0)             ; 0 (0)                     ; 0           ; 0            ; 0       ; 0         ; 0    ; 0            ; |Practica2|Sync:U1|lpm_divide:Div0|lpm_divide_1jm:auto_generated|sign_div_unsign_3nh:divider                       ; sign_div_unsign_3nh      ; work         ;
;                |alt_u_div_q9f:divider|    ; 135 (135)           ; 0 (0)                     ; 0           ; 0            ; 0       ; 0         ; 0    ; 0            ; |Practica2|Sync:U1|lpm_divide:Div0|lpm_divide_1jm:auto_generated|sign_div_unsign_3nh:divider|alt_u_div_q9f:divider ; alt_u_div_q9f            ; work         ;
;       |lpm_divide:Mod0|                   ; 176 (0)             ; 0 (0)                     ; 0           ; 0            ; 0       ; 0         ; 0    ; 0            ; |Practica2|Sync:U1|lpm_divide:Mod0                                                                                 ; lpm_divide               ; work         ;
;          |lpm_divide_soo:auto_generated|  ; 176 (0)             ; 0 (0)                     ; 0           ; 0            ; 0       ; 0         ; 0    ; 0            ; |Practica2|Sync:U1|lpm_divide:Mod0|lpm_divide_soo:auto_generated                                                   ; lpm_divide_soo           ; work         ;
;             |abs_divider_kbg:divider|     ; 176 (11)            ; 0 (0)                     ; 0           ; 0            ; 0       ; 0         ; 0    ; 0            ; |Practica2|Sync:U1|lpm_divide:Mod0|lpm_divide_soo:auto_generated|abs_divider_kbg:divider                           ; abs_divider_kbg          ; work         ;
;                |alt_u_div_67f:divider|    ; 153 (153)           ; 0 (0)                     ; 0           ; 0            ; 0       ; 0         ; 0    ; 0            ; |Practica2|Sync:U1|lpm_divide:Mod0|lpm_divide_soo:auto_generated|abs_divider_kbg:divider|alt_u_div_67f:divider     ; alt_u_div_67f            ; work         ;
;                |lpm_abs_g0a:my_abs_num|   ; 12 (12)             ; 0 (0)                     ; 0           ; 0            ; 0       ; 0         ; 0    ; 0            ; |Practica2|Sync:U1|lpm_divide:Mod0|lpm_divide_soo:auto_generated|abs_divider_kbg:divider|lpm_abs_g0a:my_abs_num    ; lpm_abs_g0a              ; work         ;
;       |lpm_divide:Mod1|                   ; 178 (0)             ; 0 (0)                     ; 0           ; 0            ; 0       ; 0         ; 0    ; 0            ; |Practica2|Sync:U1|lpm_divide:Mod1                                                                                 ; lpm_divide               ; work         ;
;          |lpm_divide_soo:auto_generated|  ; 178 (0)             ; 0 (0)                     ; 0           ; 0            ; 0       ; 0         ; 0    ; 0            ; |Practica2|Sync:U1|lpm_divide:Mod1|lpm_divide_soo:auto_generated                                                   ; lpm_divide_soo           ; work         ;
;             |abs_divider_kbg:divider|     ; 178 (13)            ; 0 (0)                     ; 0           ; 0            ; 0       ; 0         ; 0    ; 0            ; |Practica2|Sync:U1|lpm_divide:Mod1|lpm_divide_soo:auto_generated|abs_divider_kbg:divider                           ; abs_divider_kbg          ; work         ;
;                |alt_u_div_67f:divider|    ; 153 (153)           ; 0 (0)                     ; 0           ; 0            ; 0       ; 0         ; 0    ; 0            ; |Practica2|Sync:U1|lpm_divide:Mod1|lpm_divide_soo:auto_generated|abs_divider_kbg:divider|alt_u_div_67f:divider     ; alt_u_div_67f            ; work         ;
;                |lpm_abs_g0a:my_abs_num|   ; 12 (12)             ; 0 (0)                     ; 0           ; 0            ; 0       ; 0         ; 0    ; 0            ; |Practica2|Sync:U1|lpm_divide:Mod1|lpm_divide_soo:auto_generated|abs_divider_kbg:divider|lpm_abs_g0a:my_abs_num    ; lpm_abs_g0a              ; work         ;
;       |lpm_mult:Mult0|                    ; 0 (0)               ; 0 (0)                     ; 0           ; 2            ; 0       ; 1         ; 0    ; 0            ; |Practica2|Sync:U1|lpm_mult:Mult0                                                                                  ; lpm_mult                 ; work         ;
;          |mult_sct:auto_generated|        ; 0 (0)               ; 0 (0)                     ; 0           ; 2            ; 0       ; 1         ; 0    ; 0            ; |Practica2|Sync:U1|lpm_mult:Mult0|mult_sct:auto_generated                                                          ; mult_sct                 ; work         ;
;       |lpm_mult:Mult1|                    ; 111 (0)             ; 0 (0)                     ; 0           ; 16           ; 0       ; 8         ; 0    ; 0            ; |Practica2|Sync:U1|lpm_mult:Mult1                                                                                  ; lpm_mult                 ; work         ;
;          |mult_agt:auto_generated|        ; 111 (111)           ; 0 (0)                     ; 0           ; 16           ; 0       ; 8         ; 0    ; 0            ; |Practica2|Sync:U1|lpm_mult:Mult1|mult_agt:auto_generated                                                          ; mult_agt                 ; work         ;
;       |lpm_mult:Mult2|                    ; 0 (0)               ; 0 (0)                     ; 0           ; 2            ; 0       ; 1         ; 0    ; 0            ; |Practica2|Sync:U1|lpm_mult:Mult2                                                                                  ; lpm_mult                 ; work         ;
;          |mult_16t:auto_generated|        ; 0 (0)               ; 0 (0)                     ; 0           ; 2            ; 0       ; 1         ; 0    ; 0            ; |Practica2|Sync:U1|lpm_mult:Mult2|mult_16t:auto_generated                                                          ; mult_16t                 ; work         ;
;       |lpm_mult:Mult3|                    ; 0 (0)               ; 0 (0)                     ; 0           ; 2            ; 0       ; 1         ; 0    ; 0            ; |Practica2|Sync:U1|lpm_mult:Mult3                                                                                  ; lpm_mult                 ; work         ;
;          |mult_sct:auto_generated|        ; 0 (0)               ; 0 (0)                     ; 0           ; 2            ; 0       ; 1         ; 0    ; 0            ; |Practica2|Sync:U1|lpm_mult:Mult3|mult_sct:auto_generated                                                          ; mult_sct                 ; work         ;
;       |lpm_mult:Mult4|                    ; 315 (0)             ; 0 (0)                     ; 0           ; 30           ; 0       ; 15        ; 0    ; 0            ; |Practica2|Sync:U1|lpm_mult:Mult4                                                                                  ; lpm_mult                 ; work         ;
;          |mult_bgt:auto_generated|        ; 315 (315)           ; 0 (0)                     ; 0           ; 30           ; 0       ; 15        ; 0    ; 0            ; |Practica2|Sync:U1|lpm_mult:Mult4|mult_bgt:auto_generated                                                          ; mult_bgt                 ; work         ;
;       |lpm_mult:Mult5|                    ; 0 (0)               ; 0 (0)                     ; 0           ; 2            ; 0       ; 1         ; 0    ; 0            ; |Practica2|Sync:U1|lpm_mult:Mult5                                                                                  ; lpm_mult                 ; work         ;
;          |mult_16t:auto_generated|        ; 0 (0)               ; 0 (0)                     ; 0           ; 2            ; 0       ; 1         ; 0    ; 0            ; |Practica2|Sync:U1|lpm_mult:Mult5|mult_16t:auto_generated                                                          ; mult_16t                 ; work         ;
;       |lpm_mult:Mult6|                    ; 0 (0)               ; 0 (0)                     ; 0           ; 2            ; 0       ; 1         ; 0    ; 0            ; |Practica2|Sync:U1|lpm_mult:Mult6                                                                                  ; lpm_mult                 ; work         ;
;          |mult_sct:auto_generated|        ; 0 (0)               ; 0 (0)                     ; 0           ; 2            ; 0       ; 1         ; 0    ; 0            ; |Practica2|Sync:U1|lpm_mult:Mult6|mult_sct:auto_generated                                                          ; mult_sct                 ; work         ;
;       |lpm_mult:Mult7|                    ; 315 (0)             ; 0 (0)                     ; 0           ; 30           ; 0       ; 15        ; 0    ; 0            ; |Practica2|Sync:U1|lpm_mult:Mult7                                                                                  ; lpm_mult                 ; work         ;
;          |mult_bgt:auto_generated|        ; 315 (315)           ; 0 (0)                     ; 0           ; 30           ; 0       ; 15        ; 0    ; 0            ; |Practica2|Sync:U1|lpm_mult:Mult7|mult_bgt:auto_generated                                                          ; mult_bgt                 ; work         ;
;       |lpm_mult:Mult8|                    ; 49 (0)              ; 0 (0)                     ; 0           ; 7            ; 1       ; 3         ; 0    ; 0            ; |Practica2|Sync:U1|lpm_mult:Mult8                                                                                  ; lpm_mult                 ; work         ;
;          |mult_3dt:auto_generated|        ; 49 (49)             ; 0 (0)                     ; 0           ; 7            ; 1       ; 3         ; 0    ; 0            ; |Practica2|Sync:U1|lpm_mult:Mult8|mult_3dt:auto_generated                                                          ; mult_3dt                 ; work         ;
;       |lpm_mult:Mult9|                    ; 111 (0)             ; 0 (0)                     ; 0           ; 15           ; 1       ; 7         ; 0    ; 0            ; |Practica2|Sync:U1|lpm_mult:Mult9                                                                                  ; lpm_mult                 ; work         ;
;          |mult_2ft:auto_generated|        ; 111 (111)           ; 0 (0)                     ; 0           ; 15           ; 1       ; 7         ; 0    ; 0            ; |Practica2|Sync:U1|lpm_mult:Mult9|mult_2ft:auto_generated                                                          ; mult_2ft                 ; work         ;
+-------------------------------------------+---------------------+---------------------------+-------------+--------------+---------+-----------+------+--------------+--------------------------------------------------------------------------------------------------------------------+--------------------------+--------------+
Note: For table entries with two numbers listed, the numbers in parentheses indicate the number of resources of the given type used by the specific entity alone. The numbers listed outside of parentheses indicate the total resources of the given type used by the specific entity and all of its sub-entities in the hierarchy.


+-----------------------------------------------------+
; Analysis & Synthesis DSP Block Usage Summary        ;
+---------------------------------------+-------------+
; Statistic                             ; Number Used ;
+---------------------------------------+-------------+
; Simple Multipliers (9-bit)            ; 2           ;
; Simple Multipliers (18-bit)           ; 53          ;
; Embedded Multiplier Blocks            ; --          ;
; Embedded Multiplier 9-bit elements    ; 108         ;
; Signed Embedded Multipliers           ; 2           ;
; Unsigned Embedded Multipliers         ; 53          ;
; Mixed Sign Embedded Multipliers       ; 0           ;
; Variable Sign Embedded Multipliers    ; 0           ;
; Dedicated Input Shift Register Chains ; 0           ;
+---------------------------------------+-------------+
Note: number of Embedded Multiplier Blocks used is only available after a successful fit.


+---------------------------------------------------------------------------------------------------------------------------+
; Analysis & Synthesis IP Cores Summary                                                                                     ;
+--------+--------------+---------+--------------+--------------+-----------------------------------------+-----------------+
; Vendor ; IP Core Name ; Version ; Release Date ; License Type ; Entity Instance                         ; IP Include File ;
+--------+--------------+---------+--------------+--------------+-----------------------------------------+-----------------+
; Altera ; altpll       ; 23.1    ; N/A          ; N/A          ; |Practica2|PLL:u0|PLL_altpll_0:altpll_0 ; PLL.qsys        ;
+--------+--------------+---------+--------------+--------------+-----------------------------------------+-----------------+


Encoding Type:  One-Hot
+--------------------------------------------------------------------------------------------------------------------------------------------------------------------------------------------------------------------------------------------------------------------------+
; State Machine - |Practica2|LCD:lcdCtrl|CurrentState                                                                                                                                                                                                                      ;
+----------------------+-----------------+-----------------+-------------------+-------------------+-------------------+-------------------+-------------------+--------------------+-------------------+----------------------+--------------------+----------------------+
; Name                 ; CurrentState.L2 ; CurrentState.L1 ; CurrentState.ASK3 ; CurrentState.MSG2 ; CurrentState.ASK2 ; CurrentState.MSG1 ; CurrentState.ASK1 ; CurrentState.ENTRY ; CurrentState.D_ON ; CurrentState.LCD_INI ; CurrentState.D_OFF ; CurrentState.LCD_CLR ;
+----------------------+-----------------+-----------------+-------------------+-------------------+-------------------+-------------------+-------------------+--------------------+-------------------+----------------------+--------------------+----------------------+
; CurrentState.LCD_CLR ; 0               ; 0               ; 0                 ; 0                 ; 0                 ; 0                 ; 0                 ; 0                  ; 0                 ; 0                    ; 0                  ; 0                    ;
; CurrentState.D_OFF   ; 0               ; 0               ; 0                 ; 0                 ; 0                 ; 0                 ; 0                 ; 0                  ; 0                 ; 0                    ; 1                  ; 1                    ;
; CurrentState.LCD_INI ; 0               ; 0               ; 0                 ; 0                 ; 0                 ; 0                 ; 0                 ; 0                  ; 0                 ; 1                    ; 0                  ; 1                    ;
; CurrentState.D_ON    ; 0               ; 0               ; 0                 ; 0                 ; 0                 ; 0                 ; 0                 ; 0                  ; 1                 ; 0                    ; 0                  ; 1                    ;
; CurrentState.ENTRY   ; 0               ; 0               ; 0                 ; 0                 ; 0                 ; 0                 ; 0                 ; 1                  ; 0                 ; 0                    ; 0                  ; 1                    ;
; CurrentState.ASK1    ; 0               ; 0               ; 0                 ; 0                 ; 0                 ; 0                 ; 1                 ; 0                  ; 0                 ; 0                    ; 0                  ; 1                    ;
; CurrentState.MSG1    ; 0               ; 0               ; 0                 ; 0                 ; 0                 ; 1                 ; 0                 ; 0                  ; 0                 ; 0                    ; 0                  ; 1                    ;
; CurrentState.ASK2    ; 0               ; 0               ; 0                 ; 0                 ; 1                 ; 0                 ; 0                 ; 0                  ; 0                 ; 0                    ; 0                  ; 1                    ;
; CurrentState.MSG2    ; 0               ; 0               ; 0                 ; 1                 ; 0                 ; 0                 ; 0                 ; 0                  ; 0                 ; 0                    ; 0                  ; 1                    ;
; CurrentState.ASK3    ; 0               ; 0               ; 1                 ; 0                 ; 0                 ; 0                 ; 0                 ; 0                  ; 0                 ; 0                    ; 0                  ; 1                    ;
; CurrentState.L1      ; 0               ; 1               ; 0                 ; 0                 ; 0                 ; 0                 ; 0                 ; 0                  ; 0                 ; 0                    ; 0                  ; 1                    ;
; CurrentState.L2      ; 1               ; 0               ; 0                 ; 0                 ; 0                 ; 0                 ; 0                 ; 0                  ; 0                 ; 0                    ; 0                  ; 1                    ;
+----------------------+-----------------+-----------------+-------------------+-------------------+-------------------+-------------------+-------------------+--------------------+-------------------+----------------------+--------------------+----------------------+


Encoding Type:  One-Hot
+---------------------------------------------------------------------------------------------------------------------------------------------------------------------------------------------------------------+
; State Machine - |Practica2|LCD:lcdCtrl|NextState                                                                                                                                                              ;
+-------------------+--------------+--------------+----------------+----------------+----------------+----------------+----------------+-----------------+----------------+-------------------+-----------------+
; Name              ; NextState.L2 ; NextState.L1 ; NextState.ASK3 ; NextState.MSG2 ; NextState.ASK2 ; NextState.MSG1 ; NextState.ASK1 ; NextState.ENTRY ; NextState.D_ON ; NextState.LCD_CLR ; NextState.D_OFF ;
+-------------------+--------------+--------------+----------------+----------------+----------------+----------------+----------------+-----------------+----------------+-------------------+-----------------+
; NextState.D_OFF   ; 0            ; 0            ; 0              ; 0              ; 0              ; 0              ; 0              ; 0               ; 0              ; 0                 ; 0               ;
; NextState.LCD_CLR ; 0            ; 0            ; 0              ; 0              ; 0              ; 0              ; 0              ; 0               ; 0              ; 1                 ; 1               ;
; NextState.D_ON    ; 0            ; 0            ; 0              ; 0              ; 0              ; 0              ; 0              ; 0               ; 1              ; 0                 ; 1               ;
; NextState.ENTRY   ; 0            ; 0            ; 0              ; 0              ; 0              ; 0              ; 0              ; 1               ; 0              ; 0                 ; 1               ;
; NextState.ASK1    ; 0            ; 0            ; 0              ; 0              ; 0              ; 0              ; 1              ; 0               ; 0              ; 0                 ; 1               ;
; NextState.MSG1    ; 0            ; 0            ; 0              ; 0              ; 0              ; 1              ; 0              ; 0               ; 0              ; 0                 ; 1               ;
; NextState.ASK2    ; 0            ; 0            ; 0              ; 0              ; 1              ; 0              ; 0              ; 0               ; 0              ; 0                 ; 1               ;
; NextState.MSG2    ; 0            ; 0            ; 0              ; 1              ; 0              ; 0              ; 0              ; 0               ; 0              ; 0                 ; 1               ;
; NextState.ASK3    ; 0            ; 0            ; 1              ; 0              ; 0              ; 0              ; 0              ; 0               ; 0              ; 0                 ; 1               ;
; NextState.L1      ; 0            ; 1            ; 0              ; 0              ; 0              ; 0              ; 0              ; 0               ; 0              ; 0                 ; 1               ;
; NextState.L2      ; 1            ; 0            ; 0              ; 0              ; 0              ; 0              ; 0              ; 0               ; 0              ; 0                 ; 1               ;
+-------------------+--------------+--------------+----------------+----------------+----------------+----------------+----------------+-----------------+----------------+-------------------+-----------------+


+---------------------------------------------------------------------------------------------------+
; User-Specified and Inferred Latches                                                               ;
+----------------------------------------------------+---------------------+------------------------+
; Latch Name                                         ; Latch Enable Signal ; Free of Timing Hazards ;
+----------------------------------------------------+---------------------+------------------------+
; Sync:U1|CONIC_TYPE[0]                              ; Sync:U1|WideNor0    ; yes                    ;
; Sync:U1|CONIC_TYPE[1]                              ; Sync:U1|WideNor0    ; yes                    ;
; Sync:U1|CONIC_TYPE[2]                              ; Sync:U1|WideNor0    ; yes                    ;
; Number of user-specified and inferred latches = 3  ;                     ;                        ;
+----------------------------------------------------+---------------------+------------------------+
Note: All latches listed above may not be present at the end of synthesis due to various synthesis optimizations.


+----------------------------------------------------------------------------------+
; Registers Removed During Synthesis                                               ;
+-----------------------------------------+----------------------------------------+
; Register name                           ; Reason for Removal                     ;
+-----------------------------------------+----------------------------------------+
; PLL:u0|PLL_altpll_0:altpll_0|prev_reset ; Stuck at GND due to stuck port data_in ;
; LCD:lcdCtrl|CurrentState~4              ; Lost fanout                            ;
; LCD:lcdCtrl|CurrentState~5              ; Lost fanout                            ;
; LCD:lcdCtrl|CurrentState~6              ; Lost fanout                            ;
; LCD:lcdCtrl|CurrentState~7              ; Lost fanout                            ;
; LCD:lcdCtrl|NextState~13                ; Lost fanout                            ;
; LCD:lcdCtrl|NextState~14                ; Lost fanout                            ;
; LCD:lcdCtrl|NextState~15                ; Lost fanout                            ;
; LCD:lcdCtrl|NextState~16                ; Lost fanout                            ;
; LCD:lcdCtrl|CurrentState.LCD_INI        ; Stuck at GND due to stuck port data_in ;
; LCD:lcdCtrl|CNT1[2,3]                   ; Stuck at GND due to stuck port data_in ;
; Total Number of Removed Registers = 12  ;                                        ;
+-----------------------------------------+----------------------------------------+


+------------------------------------------------------------------------------------------+
; Removed Registers Triggering Further Register Optimizations                              ;
+---------------------+---------------------------+----------------------------------------+
; Register name       ; Reason for Removal        ; Registers Removed due to This Register ;
+---------------------+---------------------------+----------------------------------------+
; LCD:lcdCtrl|CNT1[3] ; Stuck at GND              ; LCD:lcdCtrl|CNT1[2]                    ;
;                     ; due to stuck port data_in ;                                        ;
+---------------------+---------------------------+----------------------------------------+


+------------------------------------------------------+
; General Register Statistics                          ;
+----------------------------------------------+-------+
; Statistic                                    ; Value ;
+----------------------------------------------+-------+
; Total registers                              ; 216   ;
; Number of registers using Synchronous Clear  ; 42    ;
; Number of registers using Synchronous Load   ; 0     ;
; Number of registers using Asynchronous Clear ; 53    ;
; Number of registers using Asynchronous Load  ; 0     ;
; Number of registers using Clock Enable       ; 161   ;
; Number of registers using Preset             ; 0     ;
+----------------------------------------------+-------+


+---------------------------------------------------+
; Inverted Register Statistics                      ;
+-----------------------------------------+---------+
; Inverted Register                       ; Fan out ;
+-----------------------------------------+---------+
; Keyboard:Kb|parity_reg                  ; 2       ;
; Sync:U1|p[1]                            ; 9       ;
; Sync:U1|p[4]                            ; 9       ;
; Sync:U1|p[5]                            ; 9       ;
; Sync:U1|radius[2]                       ; 3       ;
; Sync:U1|radius[5]                       ; 3       ;
; Sync:U1|radius[6]                       ; 3       ;
; Sync:U1|m[1]                            ; 10      ;
; Sync:U1|m[4]                            ; 10      ;
; Sync:U1|m[5]                            ; 11      ;
; Sync:U1|a[1]                            ; 3       ;
; Sync:U1|a[2]                            ; 3       ;
; Sync:U1|a[4]                            ; 3       ;
; Sync:U1|a[7]                            ; 3       ;
; Sync:U1|b[4]                            ; 3       ;
; Sync:U1|b[6]                            ; 3       ;
; Total number of inverted registers = 16 ;         ;
+-----------------------------------------+---------+


+---------------------------------------------------------------------------------------------------------------------------------------------------+
; Multiplexer Restructuring Statistics (Restructuring Performed)                                                                                    ;
+--------------------+-----------+---------------+----------------------+------------------------+------------+-------------------------------------+
; Multiplexer Inputs ; Bus Width ; Baseline Area ; Area if Restructured ; Saving if Restructured ; Registered ; Example Multiplexer Output          ;
+--------------------+-----------+---------------+----------------------+------------------------+------------+-------------------------------------+
; 3:1                ; 5 bits    ; 10 LEs        ; 5 LEs                ; 5 LEs                  ; Yes        ; |Practica2|Keyboard:Kb|cnt_reg[3]   ;
; 3:1                ; 8 bits    ; 16 LEs        ; 8 LEs                ; 8 LEs                  ; Yes        ; |Practica2|Sync:U1|m[8]             ;
; 3:1                ; 11 bits   ; 22 LEs        ; 11 LEs               ; 11 LEs                 ; Yes        ; |Practica2|Sync:U1|br[4]            ;
; 4:1                ; 4 bits    ; 8 LEs         ; 4 LEs                ; 4 LEs                  ; Yes        ; |Practica2|LCD:lcdCtrl|CNT2[0]      ;
; 5:1                ; 8 bits    ; 24 LEs        ; 16 LEs               ; 8 LEs                  ; Yes        ; |Practica2|Keyboard:Kb|data_reg[13] ;
; 6:1                ; 4 bits    ; 16 LEs        ; 4 LEs                ; 12 LEs                 ; Yes        ; |Practica2|LCD:lcdCtrl|CNT1[0]      ;
; 6:1                ; 2 bits    ; 8 LEs         ; 0 LEs                ; 8 LEs                  ; Yes        ; |Practica2|LCD:lcdCtrl|E            ;
; 3:1                ; 25 bits   ; 50 LEs        ; 25 LEs               ; 25 LEs                 ; Yes        ; |Practica2|Sync:U1|p[10]            ;
; 9:1                ; 11 bits   ; 66 LEs        ; 11 LEs               ; 55 LEs                 ; Yes        ; |Practica2|Sync:U1|a[7]             ;
; 9:1                ; 11 bits   ; 66 LEs        ; 11 LEs               ; 55 LEs                 ; Yes        ; |Practica2|Sync:U1|b[5]             ;
+--------------------+-----------+---------------+----------------------+------------------------+------------+-------------------------------------+


+-----------------------------------------------------+
; Source assignments for PLL:u0|PLL_altpll_0:altpll_0 ;
+----------------+-------+------+---------------------+
; Assignment     ; Value ; From ; To                  ;
+----------------+-------+------+---------------------+
; POWER_UP_LEVEL ; HIGH  ; -    ; pfdena_reg          ;
+----------------+-------+------+---------------------+


+-------------------------------------------------------------------------------------------------------------------------+
; Source assignments for PLL:u0|PLL_altpll_0:altpll_0|PLL_altpll_0_stdsync_sv6:stdsync2|PLL_altpll_0_dffpipe_l2c:dffpipe3 ;
+---------------------------------+-------+------+------------------------------------------------------------------------+
; Assignment                      ; Value ; From ; To                                                                     ;
+---------------------------------+-------+------+------------------------------------------------------------------------+
; AUTO_SHIFT_REGISTER_RECOGNITION ; OFF   ; -    ; -                                                                      ;
+---------------------------------+-------+------+------------------------------------------------------------------------+


+----------------------------------------------------------------------------+
; Parameter Settings for User Entity Instance: Keyboard:Kb|Debounce:deb_inst ;
+----------------+-------+---------------------------------------------------+
; Parameter Name ; Value ; Type                                              ;
+----------------+-------+---------------------------------------------------+
; WIDTH          ; 3     ; Signed Integer                                    ;
+----------------+-------+---------------------------------------------------+
Note: In order to hide this table in the UI and the text report file, please set the "Show Parameter Settings in Synthesis Report" option in "Analysis and Synthesis Settings -> More Settings" to "Off".


+------------------------------------------------------+
; Parameter Settings for User Entity Instance: Sync:U1 ;
+----------------+-------+-----------------------------+
; Parameter Name ; Value ; Type                        ;
+----------------+-------+-----------------------------+
; H_BP           ; 48    ; Signed Integer              ;
; H_SYNC         ; 160   ; Signed Integer              ;
; H_FP           ; 408   ; Signed Integer              ;
; V_BP           ; 1     ; Signed Integer              ;
; V_SYNC         ; 4     ; Signed Integer              ;
; V_FP           ; 42    ; Signed Integer              ;
; H_TOTAL        ; 1688  ; Signed Integer              ;
; V_TOTAL        ; 1066  ; Signed Integer              ;
; CENTER_X       ; 640   ; Signed Integer              ;
; CENTER_Y       ; 512   ; Signed Integer              ;
+----------------+-------+-----------------------------+
Note: In order to hide this table in the UI and the text report file, please set the "Show Parameter Settings in Synthesis Report" option in "Analysis and Synthesis Settings -> More Settings" to "Off".


+----------------------------------------------------------+
; Parameter Settings for User Entity Instance: LCD:lcdCtrl ;
+----------------+---------+-------------------------------+
; Parameter Name ; Value   ; Type                          ;
+----------------+---------+-------------------------------+
; BaseDLY        ; 1000000 ; Signed Integer                ;
; LCD_INI        ; 1       ; Signed Integer                ;
; D_OFF          ; 2       ; Signed Integer                ;
; LCD_CLR        ; 3       ; Signed Integer                ;
; D_ON           ; 4       ; Signed Integer                ;
; ENTRY          ; 5       ; Signed Integer                ;
; ASK1           ; 6       ; Signed Integer                ;
; MSG1           ; 7       ; Signed Integer                ;
; ASK2           ; 8       ; Signed Integer                ;
; MSG2           ; 9       ; Signed Integer                ;
; ASK3           ; 10      ; Signed Integer                ;
; L1             ; 11      ; Signed Integer                ;
; L2             ; 12      ; Signed Integer                ;
+----------------+---------+-------------------------------+
Note: In order to hide this table in the UI and the text report file, please set the "Show Parameter Settings in Synthesis Report" option in "Analysis and Synthesis Settings -> More Settings" to "Off".


+--------------------------------------------------------------------------+
; Parameter Settings for Inferred Entity Instance: Sync:U1|lpm_divide:Mod0 ;
+------------------------+----------------+--------------------------------+
; Parameter Name         ; Value          ; Type                           ;
+------------------------+----------------+--------------------------------+
; LPM_WIDTHN             ; 21             ; Untyped                        ;
; LPM_WIDTHD             ; 7              ; Untyped                        ;
; LPM_NREPRESENTATION    ; SIGNED         ; Untyped                        ;
; LPM_DREPRESENTATION    ; SIGNED         ; Untyped                        ;
; LPM_PIPELINE           ; 0              ; Untyped                        ;
; LPM_REMAINDERPOSITIVE  ; FALSE          ; Untyped                        ;
; MAXIMIZE_SPEED         ; 5              ; Untyped                        ;
; CBXI_PARAMETER         ; lpm_divide_soo ; Untyped                        ;
; CARRY_CHAIN            ; MANUAL         ; Untyped                        ;
; OPTIMIZE_FOR_SPEED     ; 5              ; Untyped                        ;
; AUTO_CARRY_CHAINS      ; ON             ; AUTO_CARRY                     ;
; IGNORE_CARRY_BUFFERS   ; OFF            ; IGNORE_CARRY                   ;
; AUTO_CASCADE_CHAINS    ; ON             ; AUTO_CASCADE                   ;
; IGNORE_CASCADE_BUFFERS ; OFF            ; IGNORE_CASCADE                 ;
+------------------------+----------------+--------------------------------+
Note: In order to hide this table in the UI and the text report file, please set the "Show Parameter Settings in Synthesis Report" option in "Analysis and Synthesis Settings -> More Settings" to "Off".


+--------------------------------------------------------------------------+
; Parameter Settings for Inferred Entity Instance: Sync:U1|lpm_divide:Mod1 ;
+------------------------+----------------+--------------------------------+
; Parameter Name         ; Value          ; Type                           ;
+------------------------+----------------+--------------------------------+
; LPM_WIDTHN             ; 21             ; Untyped                        ;
; LPM_WIDTHD             ; 7              ; Untyped                        ;
; LPM_NREPRESENTATION    ; SIGNED         ; Untyped                        ;
; LPM_DREPRESENTATION    ; SIGNED         ; Untyped                        ;
; LPM_PIPELINE           ; 0              ; Untyped                        ;
; LPM_REMAINDERPOSITIVE  ; FALSE          ; Untyped                        ;
; MAXIMIZE_SPEED         ; 5              ; Untyped                        ;
; CBXI_PARAMETER         ; lpm_divide_soo ; Untyped                        ;
; CARRY_CHAIN            ; MANUAL         ; Untyped                        ;
; OPTIMIZE_FOR_SPEED     ; 5              ; Untyped                        ;
; AUTO_CARRY_CHAINS      ; ON             ; AUTO_CARRY                     ;
; IGNORE_CARRY_BUFFERS   ; OFF            ; IGNORE_CARRY                   ;
; AUTO_CASCADE_CHAINS    ; ON             ; AUTO_CASCADE                   ;
; IGNORE_CASCADE_BUFFERS ; OFF            ; IGNORE_CASCADE                 ;
+------------------------+----------------+--------------------------------+
Note: In order to hide this table in the UI and the text report file, please set the "Show Parameter Settings in Synthesis Report" option in "Analysis and Synthesis Settings -> More Settings" to "Off".


+-------------------------------------------------------------------------------------+
; Parameter Settings for Inferred Entity Instance: Sync:U1|lpm_mult:Mult0             ;
+------------------------------------------------+--------------+---------------------+
; Parameter Name                                 ; Value        ; Type                ;
+------------------------------------------------+--------------+---------------------+
; AUTO_CARRY_CHAINS                              ; ON           ; AUTO_CARRY          ;
; IGNORE_CARRY_BUFFERS                           ; OFF          ; IGNORE_CARRY        ;
; AUTO_CASCADE_CHAINS                            ; ON           ; AUTO_CASCADE        ;
; IGNORE_CASCADE_BUFFERS                         ; OFF          ; IGNORE_CASCADE      ;
; LPM_WIDTHA                                     ; 11           ; Untyped             ;
; LPM_WIDTHB                                     ; 11           ; Untyped             ;
; LPM_WIDTHP                                     ; 22           ; Untyped             ;
; LPM_WIDTHR                                     ; 22           ; Untyped             ;
; LPM_WIDTHS                                     ; 1            ; Untyped             ;
; LPM_REPRESENTATION                             ; UNSIGNED     ; Untyped             ;
; LPM_PIPELINE                                   ; 0            ; Untyped             ;
; LATENCY                                        ; 0            ; Untyped             ;
; INPUT_A_IS_CONSTANT                            ; NO           ; Untyped             ;
; INPUT_B_IS_CONSTANT                            ; NO           ; Untyped             ;
; USE_EAB                                        ; OFF          ; Untyped             ;
; MAXIMIZE_SPEED                                 ; 6            ; Untyped             ;
; DEVICE_FAMILY                                  ; Cyclone IV E ; Untyped             ;
; CARRY_CHAIN                                    ; MANUAL       ; Untyped             ;
; APEX20K_TECHNOLOGY_MAPPER                      ; LUT          ; TECH_MAPPER_APEX20K ;
; DEDICATED_MULTIPLIER_CIRCUITRY                 ; AUTO         ; Untyped             ;
; DEDICATED_MULTIPLIER_MIN_INPUT_WIDTH_FOR_AUTO  ; 0            ; Untyped             ;
; DEDICATED_MULTIPLIER_MIN_OUTPUT_WIDTH_FOR_AUTO ; 0            ; Untyped             ;
; CBXI_PARAMETER                                 ; mult_sct     ; Untyped             ;
; INPUT_A_FIXED_VALUE                            ; Bx           ; Untyped             ;
; INPUT_B_FIXED_VALUE                            ; Bx           ; Untyped             ;
; USE_AHDL_IMPLEMENTATION                        ; OFF          ; Untyped             ;
+------------------------------------------------+--------------+---------------------+
Note: In order to hide this table in the UI and the text report file, please set the "Show Parameter Settings in Synthesis Report" option in "Analysis and Synthesis Settings -> More Settings" to "Off".


+-------------------------------------------------------------------------------------+
; Parameter Settings for Inferred Entity Instance: Sync:U1|lpm_mult:Mult3             ;
+------------------------------------------------+--------------+---------------------+
; Parameter Name                                 ; Value        ; Type                ;
+------------------------------------------------+--------------+---------------------+
; AUTO_CARRY_CHAINS                              ; ON           ; AUTO_CARRY          ;
; IGNORE_CARRY_BUFFERS                           ; OFF          ; IGNORE_CARRY        ;
; AUTO_CASCADE_CHAINS                            ; ON           ; AUTO_CASCADE        ;
; IGNORE_CASCADE_BUFFERS                         ; OFF          ; IGNORE_CASCADE      ;
; LPM_WIDTHA                                     ; 11           ; Untyped             ;
; LPM_WIDTHB                                     ; 11           ; Untyped             ;
; LPM_WIDTHP                                     ; 22           ; Untyped             ;
; LPM_WIDTHR                                     ; 22           ; Untyped             ;
; LPM_WIDTHS                                     ; 1            ; Untyped             ;
; LPM_REPRESENTATION                             ; UNSIGNED     ; Untyped             ;
; LPM_PIPELINE                                   ; 0            ; Untyped             ;
; LATENCY                                        ; 0            ; Untyped             ;
; INPUT_A_IS_CONSTANT                            ; NO           ; Untyped             ;
; INPUT_B_IS_CONSTANT                            ; NO           ; Untyped             ;
; USE_EAB                                        ; OFF          ; Untyped             ;
; MAXIMIZE_SPEED                                 ; 6            ; Untyped             ;
; DEVICE_FAMILY                                  ; Cyclone IV E ; Untyped             ;
; CARRY_CHAIN                                    ; MANUAL       ; Untyped             ;
; APEX20K_TECHNOLOGY_MAPPER                      ; LUT          ; TECH_MAPPER_APEX20K ;
; DEDICATED_MULTIPLIER_CIRCUITRY                 ; AUTO         ; Untyped             ;
; DEDICATED_MULTIPLIER_MIN_INPUT_WIDTH_FOR_AUTO  ; 0            ; Untyped             ;
; DEDICATED_MULTIPLIER_MIN_OUTPUT_WIDTH_FOR_AUTO ; 0            ; Untyped             ;
; CBXI_PARAMETER                                 ; mult_sct     ; Untyped             ;
; INPUT_A_FIXED_VALUE                            ; Bx           ; Untyped             ;
; INPUT_B_FIXED_VALUE                            ; Bx           ; Untyped             ;
; USE_AHDL_IMPLEMENTATION                        ; OFF          ; Untyped             ;
+------------------------------------------------+--------------+---------------------+
Note: In order to hide this table in the UI and the text report file, please set the "Show Parameter Settings in Synthesis Report" option in "Analysis and Synthesis Settings -> More Settings" to "Off".


+-------------------------------------------------------------------------------------+
; Parameter Settings for Inferred Entity Instance: Sync:U1|lpm_mult:Mult6             ;
+------------------------------------------------+--------------+---------------------+
; Parameter Name                                 ; Value        ; Type                ;
+------------------------------------------------+--------------+---------------------+
; AUTO_CARRY_CHAINS                              ; ON           ; AUTO_CARRY          ;
; IGNORE_CARRY_BUFFERS                           ; OFF          ; IGNORE_CARRY        ;
; AUTO_CASCADE_CHAINS                            ; ON           ; AUTO_CASCADE        ;
; IGNORE_CASCADE_BUFFERS                         ; OFF          ; IGNORE_CASCADE      ;
; LPM_WIDTHA                                     ; 11           ; Untyped             ;
; LPM_WIDTHB                                     ; 11           ; Untyped             ;
; LPM_WIDTHP                                     ; 22           ; Untyped             ;
; LPM_WIDTHR                                     ; 22           ; Untyped             ;
; LPM_WIDTHS                                     ; 1            ; Untyped             ;
; LPM_REPRESENTATION                             ; UNSIGNED     ; Untyped             ;
; LPM_PIPELINE                                   ; 0            ; Untyped             ;
; LATENCY                                        ; 0            ; Untyped             ;
; INPUT_A_IS_CONSTANT                            ; NO           ; Untyped             ;
; INPUT_B_IS_CONSTANT                            ; NO           ; Untyped             ;
; USE_EAB                                        ; OFF          ; Untyped             ;
; MAXIMIZE_SPEED                                 ; 6            ; Untyped             ;
; DEVICE_FAMILY                                  ; Cyclone IV E ; Untyped             ;
; CARRY_CHAIN                                    ; MANUAL       ; Untyped             ;
; APEX20K_TECHNOLOGY_MAPPER                      ; LUT          ; TECH_MAPPER_APEX20K ;
; DEDICATED_MULTIPLIER_CIRCUITRY                 ; AUTO         ; Untyped             ;
; DEDICATED_MULTIPLIER_MIN_INPUT_WIDTH_FOR_AUTO  ; 0            ; Untyped             ;
; DEDICATED_MULTIPLIER_MIN_OUTPUT_WIDTH_FOR_AUTO ; 0            ; Untyped             ;
; CBXI_PARAMETER                                 ; mult_sct     ; Untyped             ;
; INPUT_A_FIXED_VALUE                            ; Bx           ; Untyped             ;
; INPUT_B_FIXED_VALUE                            ; Bx           ; Untyped             ;
; USE_AHDL_IMPLEMENTATION                        ; OFF          ; Untyped             ;
+------------------------------------------------+--------------+---------------------+
Note: In order to hide this table in the UI and the text report file, please set the "Show Parameter Settings in Synthesis Report" option in "Analysis and Synthesis Settings -> More Settings" to "Off".


+-------------------------------------------------------------------------------------+
; Parameter Settings for Inferred Entity Instance: Sync:U1|lpm_mult:Mult8             ;
+------------------------------------------------+--------------+---------------------+
; Parameter Name                                 ; Value        ; Type                ;
+------------------------------------------------+--------------+---------------------+
; AUTO_CARRY_CHAINS                              ; ON           ; AUTO_CARRY          ;
; IGNORE_CARRY_BUFFERS                           ; OFF          ; IGNORE_CARRY        ;
; AUTO_CASCADE_CHAINS                            ; ON           ; AUTO_CASCADE        ;
; IGNORE_CASCADE_BUFFERS                         ; OFF          ; IGNORE_CASCADE      ;
; LPM_WIDTHA                                     ; 22           ; Untyped             ;
; LPM_WIDTHB                                     ; 22           ; Untyped             ;
; LPM_WIDTHP                                     ; 44           ; Untyped             ;
; LPM_WIDTHR                                     ; 44           ; Untyped             ;
; LPM_WIDTHS                                     ; 1            ; Untyped             ;
; LPM_REPRESENTATION                             ; UNSIGNED     ; Untyped             ;
; LPM_PIPELINE                                   ; 0            ; Untyped             ;
; LATENCY                                        ; 0            ; Untyped             ;
; INPUT_A_IS_CONSTANT                            ; NO           ; Untyped             ;
; INPUT_B_IS_CONSTANT                            ; NO           ; Untyped             ;
; USE_EAB                                        ; OFF          ; Untyped             ;
; MAXIMIZE_SPEED                                 ; 5            ; Untyped             ;
; DEVICE_FAMILY                                  ; Cyclone IV E ; Untyped             ;
; CARRY_CHAIN                                    ; MANUAL       ; Untyped             ;
; APEX20K_TECHNOLOGY_MAPPER                      ; LUT          ; TECH_MAPPER_APEX20K ;
; DEDICATED_MULTIPLIER_CIRCUITRY                 ; AUTO         ; Untyped             ;
; DEDICATED_MULTIPLIER_MIN_INPUT_WIDTH_FOR_AUTO  ; 0            ; Untyped             ;
; DEDICATED_MULTIPLIER_MIN_OUTPUT_WIDTH_FOR_AUTO ; 0            ; Untyped             ;
; CBXI_PARAMETER                                 ; mult_3dt     ; Untyped             ;
; INPUT_A_FIXED_VALUE                            ; Bx           ; Untyped             ;
; INPUT_B_FIXED_VALUE                            ; Bx           ; Untyped             ;
; USE_AHDL_IMPLEMENTATION                        ; OFF          ; Untyped             ;
+------------------------------------------------+--------------+---------------------+
Note: In order to hide this table in the UI and the text report file, please set the "Show Parameter Settings in Synthesis Report" option in "Analysis and Synthesis Settings -> More Settings" to "Off".


+-------------------------------------------------------------------------------------+
; Parameter Settings for Inferred Entity Instance: Sync:U1|lpm_mult:Mult2             ;
+------------------------------------------------+--------------+---------------------+
; Parameter Name                                 ; Value        ; Type                ;
+------------------------------------------------+--------------+---------------------+
; AUTO_CARRY_CHAINS                              ; ON           ; AUTO_CARRY          ;
; IGNORE_CARRY_BUFFERS                           ; OFF          ; IGNORE_CARRY        ;
; AUTO_CASCADE_CHAINS                            ; ON           ; AUTO_CASCADE        ;
; IGNORE_CASCADE_BUFFERS                         ; OFF          ; IGNORE_CASCADE      ;
; LPM_WIDTHA                                     ; 13           ; Untyped             ;
; LPM_WIDTHB                                     ; 13           ; Untyped             ;
; LPM_WIDTHP                                     ; 26           ; Untyped             ;
; LPM_WIDTHR                                     ; 26           ; Untyped             ;
; LPM_WIDTHS                                     ; 1            ; Untyped             ;
; LPM_REPRESENTATION                             ; SIGNED       ; Untyped             ;
; LPM_PIPELINE                                   ; 0            ; Untyped             ;
; LATENCY                                        ; 0            ; Untyped             ;
; INPUT_A_IS_CONSTANT                            ; NO           ; Untyped             ;
; INPUT_B_IS_CONSTANT                            ; NO           ; Untyped             ;
; USE_EAB                                        ; OFF          ; Untyped             ;
; MAXIMIZE_SPEED                                 ; 6            ; Untyped             ;
; DEVICE_FAMILY                                  ; Cyclone IV E ; Untyped             ;
; CARRY_CHAIN                                    ; MANUAL       ; Untyped             ;
; APEX20K_TECHNOLOGY_MAPPER                      ; LUT          ; TECH_MAPPER_APEX20K ;
; DEDICATED_MULTIPLIER_CIRCUITRY                 ; AUTO         ; Untyped             ;
; DEDICATED_MULTIPLIER_MIN_INPUT_WIDTH_FOR_AUTO  ; 0            ; Untyped             ;
; DEDICATED_MULTIPLIER_MIN_OUTPUT_WIDTH_FOR_AUTO ; 0            ; Untyped             ;
; CBXI_PARAMETER                                 ; mult_16t     ; Untyped             ;
; INPUT_A_FIXED_VALUE                            ; Bx           ; Untyped             ;
; INPUT_B_FIXED_VALUE                            ; Bx           ; Untyped             ;
; USE_AHDL_IMPLEMENTATION                        ; OFF          ; Untyped             ;
+------------------------------------------------+--------------+---------------------+
Note: In order to hide this table in the UI and the text report file, please set the "Show Parameter Settings in Synthesis Report" option in "Analysis and Synthesis Settings -> More Settings" to "Off".


+-------------------------------------------------------------------------------------+
; Parameter Settings for Inferred Entity Instance: Sync:U1|lpm_mult:Mult1             ;
+------------------------------------------------+--------------+---------------------+
; Parameter Name                                 ; Value        ; Type                ;
+------------------------------------------------+--------------+---------------------+
; AUTO_CARRY_CHAINS                              ; ON           ; AUTO_CARRY          ;
; IGNORE_CARRY_BUFFERS                           ; OFF          ; IGNORE_CARRY        ;
; AUTO_CASCADE_CHAINS                            ; ON           ; AUTO_CASCADE        ;
; IGNORE_CASCADE_BUFFERS                         ; OFF          ; IGNORE_CASCADE      ;
; LPM_WIDTHA                                     ; 13           ; Untyped             ;
; LPM_WIDTHB                                     ; 129          ; Untyped             ;
; LPM_WIDTHP                                     ; 142          ; Untyped             ;
; LPM_WIDTHR                                     ; 142          ; Untyped             ;
; LPM_WIDTHS                                     ; 1            ; Untyped             ;
; LPM_REPRESENTATION                             ; UNSIGNED     ; Untyped             ;
; LPM_PIPELINE                                   ; 0            ; Untyped             ;
; LATENCY                                        ; 0            ; Untyped             ;
; INPUT_A_IS_CONSTANT                            ; NO           ; Untyped             ;
; INPUT_B_IS_CONSTANT                            ; NO           ; Untyped             ;
; USE_EAB                                        ; OFF          ; Untyped             ;
; MAXIMIZE_SPEED                                 ; 5            ; Untyped             ;
; DEVICE_FAMILY                                  ; Cyclone IV E ; Untyped             ;
; CARRY_CHAIN                                    ; MANUAL       ; Untyped             ;
; APEX20K_TECHNOLOGY_MAPPER                      ; LUT          ; TECH_MAPPER_APEX20K ;
; DEDICATED_MULTIPLIER_CIRCUITRY                 ; AUTO         ; Untyped             ;
; DEDICATED_MULTIPLIER_MIN_INPUT_WIDTH_FOR_AUTO  ; 0            ; Untyped             ;
; DEDICATED_MULTIPLIER_MIN_OUTPUT_WIDTH_FOR_AUTO ; 0            ; Untyped             ;
; CBXI_PARAMETER                                 ; mult_agt     ; Untyped             ;
; INPUT_A_FIXED_VALUE                            ; Bx           ; Untyped             ;
; INPUT_B_FIXED_VALUE                            ; Bx           ; Untyped             ;
; USE_AHDL_IMPLEMENTATION                        ; OFF          ; Untyped             ;
+------------------------------------------------+--------------+---------------------+
Note: In order to hide this table in the UI and the text report file, please set the "Show Parameter Settings in Synthesis Report" option in "Analysis and Synthesis Settings -> More Settings" to "Off".


+-------------------------------------------------------------------------------------+
; Parameter Settings for Inferred Entity Instance: Sync:U1|lpm_mult:Mult5             ;
+------------------------------------------------+--------------+---------------------+
; Parameter Name                                 ; Value        ; Type                ;
+------------------------------------------------+--------------+---------------------+
; AUTO_CARRY_CHAINS                              ; ON           ; AUTO_CARRY          ;
; IGNORE_CARRY_BUFFERS                           ; OFF          ; IGNORE_CARRY        ;
; AUTO_CASCADE_CHAINS                            ; ON           ; AUTO_CASCADE        ;
; IGNORE_CASCADE_BUFFERS                         ; OFF          ; IGNORE_CASCADE      ;
; LPM_WIDTHA                                     ; 13           ; Untyped             ;
; LPM_WIDTHB                                     ; 13           ; Untyped             ;
; LPM_WIDTHP                                     ; 26           ; Untyped             ;
; LPM_WIDTHR                                     ; 26           ; Untyped             ;
; LPM_WIDTHS                                     ; 1            ; Untyped             ;
; LPM_REPRESENTATION                             ; SIGNED       ; Untyped             ;
; LPM_PIPELINE                                   ; 0            ; Untyped             ;
; LATENCY                                        ; 0            ; Untyped             ;
; INPUT_A_IS_CONSTANT                            ; NO           ; Untyped             ;
; INPUT_B_IS_CONSTANT                            ; NO           ; Untyped             ;
; USE_EAB                                        ; OFF          ; Untyped             ;
; MAXIMIZE_SPEED                                 ; 6            ; Untyped             ;
; DEVICE_FAMILY                                  ; Cyclone IV E ; Untyped             ;
; CARRY_CHAIN                                    ; MANUAL       ; Untyped             ;
; APEX20K_TECHNOLOGY_MAPPER                      ; LUT          ; TECH_MAPPER_APEX20K ;
; DEDICATED_MULTIPLIER_CIRCUITRY                 ; AUTO         ; Untyped             ;
; DEDICATED_MULTIPLIER_MIN_INPUT_WIDTH_FOR_AUTO  ; 0            ; Untyped             ;
; DEDICATED_MULTIPLIER_MIN_OUTPUT_WIDTH_FOR_AUTO ; 0            ; Untyped             ;
; CBXI_PARAMETER                                 ; mult_16t     ; Untyped             ;
; INPUT_A_FIXED_VALUE                            ; Bx           ; Untyped             ;
; INPUT_B_FIXED_VALUE                            ; Bx           ; Untyped             ;
; USE_AHDL_IMPLEMENTATION                        ; OFF          ; Untyped             ;
+------------------------------------------------+--------------+---------------------+
Note: In order to hide this table in the UI and the text report file, please set the "Show Parameter Settings in Synthesis Report" option in "Analysis and Synthesis Settings -> More Settings" to "Off".


+-------------------------------------------------------------------------------------+
; Parameter Settings for Inferred Entity Instance: Sync:U1|lpm_mult:Mult7             ;
+------------------------------------------------+--------------+---------------------+
; Parameter Name                                 ; Value        ; Type                ;
+------------------------------------------------+--------------+---------------------+
; AUTO_CARRY_CHAINS                              ; ON           ; AUTO_CARRY          ;
; IGNORE_CARRY_BUFFERS                           ; OFF          ; IGNORE_CARRY        ;
; AUTO_CASCADE_CHAINS                            ; ON           ; AUTO_CASCADE        ;
; IGNORE_CASCADE_BUFFERS                         ; OFF          ; IGNORE_CASCADE      ;
; LPM_WIDTHA                                     ; 129          ; Untyped             ;
; LPM_WIDTHB                                     ; 22           ; Untyped             ;
; LPM_WIDTHP                                     ; 151          ; Untyped             ;
; LPM_WIDTHR                                     ; 151          ; Untyped             ;
; LPM_WIDTHS                                     ; 1            ; Untyped             ;
; LPM_REPRESENTATION                             ; UNSIGNED     ; Untyped             ;
; LPM_PIPELINE                                   ; 0            ; Untyped             ;
; LATENCY                                        ; 0            ; Untyped             ;
; INPUT_A_IS_CONSTANT                            ; NO           ; Untyped             ;
; INPUT_B_IS_CONSTANT                            ; NO           ; Untyped             ;
; USE_EAB                                        ; OFF          ; Untyped             ;
; MAXIMIZE_SPEED                                 ; 5            ; Untyped             ;
; DEVICE_FAMILY                                  ; Cyclone IV E ; Untyped             ;
; CARRY_CHAIN                                    ; MANUAL       ; Untyped             ;
; APEX20K_TECHNOLOGY_MAPPER                      ; LUT          ; TECH_MAPPER_APEX20K ;
; DEDICATED_MULTIPLIER_CIRCUITRY                 ; AUTO         ; Untyped             ;
; DEDICATED_MULTIPLIER_MIN_INPUT_WIDTH_FOR_AUTO  ; 0            ; Untyped             ;
; DEDICATED_MULTIPLIER_MIN_OUTPUT_WIDTH_FOR_AUTO ; 0            ; Untyped             ;
; CBXI_PARAMETER                                 ; mult_bgt     ; Untyped             ;
; INPUT_A_FIXED_VALUE                            ; Bx           ; Untyped             ;
; INPUT_B_FIXED_VALUE                            ; Bx           ; Untyped             ;
; USE_AHDL_IMPLEMENTATION                        ; OFF          ; Untyped             ;
+------------------------------------------------+--------------+---------------------+
Note: In order to hide this table in the UI and the text report file, please set the "Show Parameter Settings in Synthesis Report" option in "Analysis and Synthesis Settings -> More Settings" to "Off".


+-------------------------------------------------------------------------------------+
; Parameter Settings for Inferred Entity Instance: Sync:U1|lpm_mult:Mult4             ;
+------------------------------------------------+--------------+---------------------+
; Parameter Name                                 ; Value        ; Type                ;
+------------------------------------------------+--------------+---------------------+
; AUTO_CARRY_CHAINS                              ; ON           ; AUTO_CARRY          ;
; IGNORE_CARRY_BUFFERS                           ; OFF          ; IGNORE_CARRY        ;
; AUTO_CASCADE_CHAINS                            ; ON           ; AUTO_CASCADE        ;
; IGNORE_CASCADE_BUFFERS                         ; OFF          ; IGNORE_CASCADE      ;
; LPM_WIDTHA                                     ; 129          ; Untyped             ;
; LPM_WIDTHB                                     ; 22           ; Untyped             ;
; LPM_WIDTHP                                     ; 151          ; Untyped             ;
; LPM_WIDTHR                                     ; 151          ; Untyped             ;
; LPM_WIDTHS                                     ; 1            ; Untyped             ;
; LPM_REPRESENTATION                             ; UNSIGNED     ; Untyped             ;
; LPM_PIPELINE                                   ; 0            ; Untyped             ;
; LATENCY                                        ; 0            ; Untyped             ;
; INPUT_A_IS_CONSTANT                            ; NO           ; Untyped             ;
; INPUT_B_IS_CONSTANT                            ; NO           ; Untyped             ;
; USE_EAB                                        ; OFF          ; Untyped             ;
; MAXIMIZE_SPEED                                 ; 5            ; Untyped             ;
; DEVICE_FAMILY                                  ; Cyclone IV E ; Untyped             ;
; CARRY_CHAIN                                    ; MANUAL       ; Untyped             ;
; APEX20K_TECHNOLOGY_MAPPER                      ; LUT          ; TECH_MAPPER_APEX20K ;
; DEDICATED_MULTIPLIER_CIRCUITRY                 ; AUTO         ; Untyped             ;
; DEDICATED_MULTIPLIER_MIN_INPUT_WIDTH_FOR_AUTO  ; 0            ; Untyped             ;
; DEDICATED_MULTIPLIER_MIN_OUTPUT_WIDTH_FOR_AUTO ; 0            ; Untyped             ;
; CBXI_PARAMETER                                 ; mult_bgt     ; Untyped             ;
; INPUT_A_FIXED_VALUE                            ; Bx           ; Untyped             ;
; INPUT_B_FIXED_VALUE                            ; Bx           ; Untyped             ;
; USE_AHDL_IMPLEMENTATION                        ; OFF          ; Untyped             ;
+------------------------------------------------+--------------+---------------------+
Note: In order to hide this table in the UI and the text report file, please set the "Show Parameter Settings in Synthesis Report" option in "Analysis and Synthesis Settings -> More Settings" to "Off".


+--------------------------------------------------------------------------+
; Parameter Settings for Inferred Entity Instance: Sync:U1|lpm_divide:Div0 ;
+------------------------+----------------+--------------------------------+
; Parameter Name         ; Value          ; Type                           ;
+------------------------+----------------+--------------------------------+
; LPM_WIDTHN             ; 8              ; Untyped                        ;
; LPM_WIDTHD             ; 11             ; Untyped                        ;
; LPM_NREPRESENTATION    ; UNSIGNED       ; Untyped                        ;
; LPM_DREPRESENTATION    ; UNSIGNED       ; Untyped                        ;
; LPM_PIPELINE           ; 0              ; Untyped                        ;
; LPM_REMAINDERPOSITIVE  ; TRUE           ; Untyped                        ;
; MAXIMIZE_SPEED         ; 5              ; Untyped                        ;
; CBXI_PARAMETER         ; lpm_divide_1jm ; Untyped                        ;
; CARRY_CHAIN            ; MANUAL         ; Untyped                        ;
; OPTIMIZE_FOR_SPEED     ; 5              ; Untyped                        ;
; AUTO_CARRY_CHAINS      ; ON             ; AUTO_CARRY                     ;
; IGNORE_CARRY_BUFFERS   ; OFF            ; IGNORE_CARRY                   ;
; AUTO_CASCADE_CHAINS    ; ON             ; AUTO_CASCADE                   ;
; IGNORE_CASCADE_BUFFERS ; OFF            ; IGNORE_CASCADE                 ;
+------------------------+----------------+--------------------------------+
Note: In order to hide this table in the UI and the text report file, please set the "Show Parameter Settings in Synthesis Report" option in "Analysis and Synthesis Settings -> More Settings" to "Off".


+-------------------------------------------------------------------------------------+
; Parameter Settings for Inferred Entity Instance: Sync:U1|lpm_mult:Mult9             ;
+------------------------------------------------+--------------+---------------------+
; Parameter Name                                 ; Value        ; Type                ;
+------------------------------------------------+--------------+---------------------+
; AUTO_CARRY_CHAINS                              ; ON           ; AUTO_CARRY          ;
; IGNORE_CARRY_BUFFERS                           ; OFF          ; IGNORE_CARRY        ;
; AUTO_CASCADE_CHAINS                            ; ON           ; AUTO_CASCADE        ;
; IGNORE_CASCADE_BUFFERS                         ; OFF          ; IGNORE_CASCADE      ;
; LPM_WIDTHA                                     ; 8            ; Untyped             ;
; LPM_WIDTHB                                     ; 129          ; Untyped             ;
; LPM_WIDTHP                                     ; 137          ; Untyped             ;
; LPM_WIDTHR                                     ; 137          ; Untyped             ;
; LPM_WIDTHS                                     ; 1            ; Untyped             ;
; LPM_REPRESENTATION                             ; UNSIGNED     ; Untyped             ;
; LPM_PIPELINE                                   ; 0            ; Untyped             ;
; LATENCY                                        ; 0            ; Untyped             ;
; INPUT_A_IS_CONSTANT                            ; NO           ; Untyped             ;
; INPUT_B_IS_CONSTANT                            ; NO           ; Untyped             ;
; USE_EAB                                        ; OFF          ; Untyped             ;
; MAXIMIZE_SPEED                                 ; 5            ; Untyped             ;
; DEVICE_FAMILY                                  ; Cyclone IV E ; Untyped             ;
; CARRY_CHAIN                                    ; MANUAL       ; Untyped             ;
; APEX20K_TECHNOLOGY_MAPPER                      ; LUT          ; TECH_MAPPER_APEX20K ;
; DEDICATED_MULTIPLIER_CIRCUITRY                 ; AUTO         ; Untyped             ;
; DEDICATED_MULTIPLIER_MIN_INPUT_WIDTH_FOR_AUTO  ; 0            ; Untyped             ;
; DEDICATED_MULTIPLIER_MIN_OUTPUT_WIDTH_FOR_AUTO ; 0            ; Untyped             ;
; CBXI_PARAMETER                                 ; mult_2ft     ; Untyped             ;
; INPUT_A_FIXED_VALUE                            ; Bx           ; Untyped             ;
; INPUT_B_FIXED_VALUE                            ; Bx           ; Untyped             ;
; USE_AHDL_IMPLEMENTATION                        ; OFF          ; Untyped             ;
+------------------------------------------------+--------------+---------------------+
Note: In order to hide this table in the UI and the text report file, please set the "Show Parameter Settings in Synthesis Report" option in "Analysis and Synthesis Settings -> More Settings" to "Off".


+----------------------------------------------------------------+
; lpm_mult Parameter Settings by Entity Instance                 ;
+---------------------------------------+------------------------+
; Name                                  ; Value                  ;
+---------------------------------------+------------------------+
; Number of entity instances            ; 10                     ;
; Entity Instance                       ; Sync:U1|lpm_mult:Mult0 ;
;     -- LPM_WIDTHA                     ; 11                     ;
;     -- LPM_WIDTHB                     ; 11                     ;
;     -- LPM_WIDTHP                     ; 22                     ;
;     -- LPM_REPRESENTATION             ; UNSIGNED               ;
;     -- INPUT_A_IS_CONSTANT            ; NO                     ;
;     -- INPUT_B_IS_CONSTANT            ; NO                     ;
;     -- USE_EAB                        ; OFF                    ;
;     -- DEDICATED_MULTIPLIER_CIRCUITRY ; AUTO                   ;
;     -- INPUT_A_FIXED_VALUE            ; Bx                     ;
;     -- INPUT_B_FIXED_VALUE            ; Bx                     ;
; Entity Instance                       ; Sync:U1|lpm_mult:Mult3 ;
;     -- LPM_WIDTHA                     ; 11                     ;
;     -- LPM_WIDTHB                     ; 11                     ;
;     -- LPM_WIDTHP                     ; 22                     ;
;     -- LPM_REPRESENTATION             ; UNSIGNED               ;
;     -- INPUT_A_IS_CONSTANT            ; NO                     ;
;     -- INPUT_B_IS_CONSTANT            ; NO                     ;
;     -- USE_EAB                        ; OFF                    ;
;     -- DEDICATED_MULTIPLIER_CIRCUITRY ; AUTO                   ;
;     -- INPUT_A_FIXED_VALUE            ; Bx                     ;
;     -- INPUT_B_FIXED_VALUE            ; Bx                     ;
; Entity Instance                       ; Sync:U1|lpm_mult:Mult6 ;
;     -- LPM_WIDTHA                     ; 11                     ;
;     -- LPM_WIDTHB                     ; 11                     ;
;     -- LPM_WIDTHP                     ; 22                     ;
;     -- LPM_REPRESENTATION             ; UNSIGNED               ;
;     -- INPUT_A_IS_CONSTANT            ; NO                     ;
;     -- INPUT_B_IS_CONSTANT            ; NO                     ;
;     -- USE_EAB                        ; OFF                    ;
;     -- DEDICATED_MULTIPLIER_CIRCUITRY ; AUTO                   ;
;     -- INPUT_A_FIXED_VALUE            ; Bx                     ;
;     -- INPUT_B_FIXED_VALUE            ; Bx                     ;
; Entity Instance                       ; Sync:U1|lpm_mult:Mult8 ;
;     -- LPM_WIDTHA                     ; 22                     ;
;     -- LPM_WIDTHB                     ; 22                     ;
;     -- LPM_WIDTHP                     ; 44                     ;
;     -- LPM_REPRESENTATION             ; UNSIGNED               ;
;     -- INPUT_A_IS_CONSTANT            ; NO                     ;
;     -- INPUT_B_IS_CONSTANT            ; NO                     ;
;     -- USE_EAB                        ; OFF                    ;
;     -- DEDICATED_MULTIPLIER_CIRCUITRY ; AUTO                   ;
;     -- INPUT_A_FIXED_VALUE            ; Bx                     ;
;     -- INPUT_B_FIXED_VALUE            ; Bx                     ;
; Entity Instance                       ; Sync:U1|lpm_mult:Mult2 ;
;     -- LPM_WIDTHA                     ; 13                     ;
;     -- LPM_WIDTHB                     ; 13                     ;
;     -- LPM_WIDTHP                     ; 26                     ;
;     -- LPM_REPRESENTATION             ; SIGNED                 ;
;     -- INPUT_A_IS_CONSTANT            ; NO                     ;
;     -- INPUT_B_IS_CONSTANT            ; NO                     ;
;     -- USE_EAB                        ; OFF                    ;
;     -- DEDICATED_MULTIPLIER_CIRCUITRY ; AUTO                   ;
;     -- INPUT_A_FIXED_VALUE            ; Bx                     ;
;     -- INPUT_B_FIXED_VALUE            ; Bx                     ;
; Entity Instance                       ; Sync:U1|lpm_mult:Mult1 ;
;     -- LPM_WIDTHA                     ; 13                     ;
;     -- LPM_WIDTHB                     ; 129                    ;
;     -- LPM_WIDTHP                     ; 142                    ;
;     -- LPM_REPRESENTATION             ; UNSIGNED               ;
;     -- INPUT_A_IS_CONSTANT            ; NO                     ;
;     -- INPUT_B_IS_CONSTANT            ; NO                     ;
;     -- USE_EAB                        ; OFF                    ;
;     -- DEDICATED_MULTIPLIER_CIRCUITRY ; AUTO                   ;
;     -- INPUT_A_FIXED_VALUE            ; Bx                     ;
;     -- INPUT_B_FIXED_VALUE            ; Bx                     ;
; Entity Instance                       ; Sync:U1|lpm_mult:Mult5 ;
;     -- LPM_WIDTHA                     ; 13                     ;
;     -- LPM_WIDTHB                     ; 13                     ;
;     -- LPM_WIDTHP                     ; 26                     ;
;     -- LPM_REPRESENTATION             ; SIGNED                 ;
;     -- INPUT_A_IS_CONSTANT            ; NO                     ;
;     -- INPUT_B_IS_CONSTANT            ; NO                     ;
;     -- USE_EAB                        ; OFF                    ;
;     -- DEDICATED_MULTIPLIER_CIRCUITRY ; AUTO                   ;
;     -- INPUT_A_FIXED_VALUE            ; Bx                     ;
;     -- INPUT_B_FIXED_VALUE            ; Bx                     ;
; Entity Instance                       ; Sync:U1|lpm_mult:Mult7 ;
;     -- LPM_WIDTHA                     ; 129                    ;
;     -- LPM_WIDTHB                     ; 22                     ;
;     -- LPM_WIDTHP                     ; 151                    ;
;     -- LPM_REPRESENTATION             ; UNSIGNED               ;
;     -- INPUT_A_IS_CONSTANT            ; NO                     ;
;     -- INPUT_B_IS_CONSTANT            ; NO                     ;
;     -- USE_EAB                        ; OFF                    ;
;     -- DEDICATED_MULTIPLIER_CIRCUITRY ; AUTO                   ;
;     -- INPUT_A_FIXED_VALUE            ; Bx                     ;
;     -- INPUT_B_FIXED_VALUE            ; Bx                     ;
; Entity Instance                       ; Sync:U1|lpm_mult:Mult4 ;
;     -- LPM_WIDTHA                     ; 129                    ;
;     -- LPM_WIDTHB                     ; 22                     ;
;     -- LPM_WIDTHP                     ; 151                    ;
;     -- LPM_REPRESENTATION             ; UNSIGNED               ;
;     -- INPUT_A_IS_CONSTANT            ; NO                     ;
;     -- INPUT_B_IS_CONSTANT            ; NO                     ;
;     -- USE_EAB                        ; OFF                    ;
;     -- DEDICATED_MULTIPLIER_CIRCUITRY ; AUTO                   ;
;     -- INPUT_A_FIXED_VALUE            ; Bx                     ;
;     -- INPUT_B_FIXED_VALUE            ; Bx                     ;
; Entity Instance                       ; Sync:U1|lpm_mult:Mult9 ;
;     -- LPM_WIDTHA                     ; 8                      ;
;     -- LPM_WIDTHB                     ; 129                    ;
;     -- LPM_WIDTHP                     ; 137                    ;
;     -- LPM_REPRESENTATION             ; UNSIGNED               ;
;     -- INPUT_A_IS_CONSTANT            ; NO                     ;
;     -- INPUT_B_IS_CONSTANT            ; NO                     ;
;     -- USE_EAB                        ; OFF                    ;
;     -- DEDICATED_MULTIPLIER_CIRCUITRY ; AUTO                   ;
;     -- INPUT_A_FIXED_VALUE            ; Bx                     ;
;     -- INPUT_B_FIXED_VALUE            ; Bx                     ;
+---------------------------------------+------------------------+


+---------------------------------------------------------------------------------------------------------------------+
; Port Connectivity Checks: "PLL:u0|PLL_altpll_0:altpll_0|PLL_altpll_0_altpll_hra2:sd1"                               ;
+-----------+--------+----------+-------------------------------------------------------------------------------------+
; Port      ; Type   ; Severity ; Details                                                                             ;
+-----------+--------+----------+-------------------------------------------------------------------------------------+
; clk[4..2] ; Output ; Info     ; Connected to dangling logic. Logic that only feeds a dangling port will be removed. ;
; inclk[1]  ; Input  ; Info     ; Stuck at GND                                                                        ;
+-----------+--------+----------+-------------------------------------------------------------------------------------+


+-----------------------------------------------------------------+
; Port Connectivity Checks: "PLL:u0|PLL_altpll_0:altpll_0"        ;
+--------------------+--------+----------+------------------------+
; Port               ; Type   ; Severity ; Details                ;
+--------------------+--------+----------+------------------------+
; read               ; Input  ; Info     ; Explicitly unconnected ;
; write              ; Input  ; Info     ; Explicitly unconnected ;
; address            ; Input  ; Info     ; Explicitly unconnected ;
; readdata           ; Output ; Info     ; Explicitly unconnected ;
; writedata          ; Input  ; Info     ; Explicitly unconnected ;
; scandone           ; Output ; Info     ; Explicitly unconnected ;
; scandataout        ; Output ; Info     ; Explicitly unconnected ;
; areset             ; Input  ; Info     ; Stuck at GND           ;
; locked             ; Output ; Info     ; Explicitly unconnected ;
; phasedone          ; Output ; Info     ; Explicitly unconnected ;
; phasecounterselect ; Input  ; Info     ; Stuck at GND           ;
; phaseupdown        ; Input  ; Info     ; Stuck at GND           ;
; phasestep          ; Input  ; Info     ; Stuck at GND           ;
; scanclk            ; Input  ; Info     ; Stuck at GND           ;
; scanclkena         ; Input  ; Info     ; Stuck at GND           ;
; scandata           ; Input  ; Info     ; Stuck at GND           ;
; configupdate       ; Input  ; Info     ; Stuck at GND           ;
+--------------------+--------+----------+------------------------+


+-----------------------------------------------+
; Port Connectivity Checks: "PLL:u0"            ;
+-------------+-------+----------+--------------+
; Port        ; Type  ; Severity ; Details      ;
+-------------+-------+----------+--------------+
; reset_reset ; Input ; Info     ; Stuck at GND ;
+-------------+-------+----------+--------------+


+-----------------------------------------------------+
; Post-Synthesis Netlist Statistics for Top Partition ;
+-----------------------+-----------------------------+
; Type                  ; Count                       ;
+-----------------------+-----------------------------+
; boundary_port         ; 74                          ;
; cycloneiii_ff         ; 216                         ;
;     CLR               ; 17                          ;
;     ENA               ; 94                          ;
;     ENA CLR           ; 36                          ;
;     ENA SCLR          ; 31                          ;
;     SCLR              ; 11                          ;
;     plain             ; 27                          ;
; cycloneiii_lcell_comb ; 3178                        ;
;     arith             ; 2136                        ;
;         1 data inputs ; 4                           ;
;         2 data inputs ; 618                         ;
;         3 data inputs ; 1514                        ;
;     normal            ; 1042                        ;
;         0 data inputs ; 29                          ;
;         1 data inputs ; 32                          ;
;         2 data inputs ; 167                         ;
;         3 data inputs ; 72                          ;
;         4 data inputs ; 742                         ;
; cycloneiii_mac_mult   ; 55                          ;
; cycloneiii_mac_out    ; 55                          ;
; cycloneiii_pll        ; 1                           ;
;                       ;                             ;
; Max LUT depth         ; 32.30                       ;
; Average LUT depth     ; 15.26                       ;
+-----------------------+-----------------------------+


+-------------------------------+
; Elapsed Time Per Partition    ;
+----------------+--------------+
; Partition Name ; Elapsed Time ;
+----------------+--------------+
; Top            ; 00:00:04     ;
+----------------+--------------+


+-------------------------------+
; Analysis & Synthesis Messages ;
+-------------------------------+
Info: *******************************************************************
Info: Running Quartus Prime Analysis & Synthesis
    Info: Version 23.1std.1 Build 993 05/14/2024 SC Lite Edition
    Info: Processing started: Wed Apr 30 18:06:03 2025
Info: Command: quartus_map --read_settings_files=on --write_settings_files=off Practica2 -c Practica2
Warning (18236): Number of processors has not been specified which may cause overloading on shared machines.  Set the global assignment NUM_PARALLEL_PROCESSORS in your QSF to an appropriate value for best performance.
Info (20030): Parallel compilation is enabled and will use 16 of the 16 processors detected
Info (12021): Found 1 design units, including 1 entities, in source file Hex.v
    Info (12023): Found entity 1: hex File: /home/Irmin/Documents/Practica2/Hex.v Line: 13
Info (12021): Found 1 design units, including 1 entities, in source file Debounce.v
    Info (12023): Found entity 1: Debounce File: /home/Irmin/Documents/Practica2/Debounce.v Line: 14
Info (12021): Found 1 design units, including 1 entities, in source file PLL/synthesis/PLL.v
    Info (12023): Found entity 1: PLL File: /home/Irmin/Documents/Practica2/PLL/synthesis/PLL.v Line: 6
Info (12021): Found 4 design units, including 4 entities, in source file PLL/synthesis/submodules/PLL_altpll_0.v
    Info (12023): Found entity 1: PLL_altpll_0_dffpipe_l2c File: /home/Irmin/Documents/Practica2/PLL/synthesis/submodules/PLL_altpll_0.v Line: 38
    Info (12023): Found entity 2: PLL_altpll_0_stdsync_sv6 File: /home/Irmin/Documents/Practica2/PLL/synthesis/submodules/PLL_altpll_0.v Line: 99
    Info (12023): Found entity 3: PLL_altpll_0_altpll_hra2 File: /home/Irmin/Documents/Practica2/PLL/synthesis/submodules/PLL_altpll_0.v Line: 131
    Info (12023): Found entity 4: PLL_altpll_0 File: /home/Irmin/Documents/Practica2/PLL/synthesis/submodules/PLL_altpll_0.v Line: 218
Warning (10275): Verilog HDL Module Instantiation warning at Practica2.v(92): ignored dangling comma in List of Port Connections File: /home/Irmin/Documents/Practica2/Practica2.v Line: 92
Info (12021): Found 1 design units, including 1 entities, in source file Practica2.v
    Info (12023): Found entity 1: Practica2 File: /home/Irmin/Documents/Practica2/Practica2.v Line: 16
Info (12021): Found 1 design units, including 1 entities, in source file Keyboard.v
    Info (12023): Found entity 1: Keyboard File: /home/Irmin/Documents/Practica2/Keyboard.v Line: 13
Info (12021): Found 1 design units, including 1 entities, in source file Sync.v
    Info (12023): Found entity 1: Sync File: /home/Irmin/Documents/Practica2/Sync.v Line: 21
Info (12021): Found 1 design units, including 1 entities, in source file LCD.v
    Info (12023): Found entity 1: LCD File: /home/Irmin/Documents/Practica2/LCD.v Line: 13
Warning (10236): Verilog HDL Implicit Net warning at Debounce.v(32): created implicit net for "in_changed" File: /home/Irmin/Documents/Practica2/Debounce.v Line: 32
Warning (10236): Verilog HDL Implicit Net warning at Debounce.v(33): created implicit net for "in_stable" File: /home/Irmin/Documents/Practica2/Debounce.v Line: 33
Warning (12162): EDA synthesis tool is specified as "Custom", but Library Mapping File is not specified
Warning (12163): EDA synthesis tool is specified as "Custom", but VCC is not specified
Warning (12164): EDA synthesis tool is specified as "Custom", but GND is not specified
Info (12127): Elaborating entity "Practica2" for the top level hierarchy
Info (12128): Elaborating entity "Keyboard" for hierarchy "Keyboard:Kb" File: /home/Irmin/Documents/Practica2/Practica2.v Line: 59
Info (12128): Elaborating entity "hex" for hierarchy "Keyboard:Kb|hex:hex_inst_1" File: /home/Irmin/Documents/Practica2/Keyboard.v Line: 31
Info (12128): Elaborating entity "Debounce" for hierarchy "Keyboard:Kb|Debounce:deb_inst" File: /home/Irmin/Documents/Practica2/Keyboard.v Line: 62
Info (12128): Elaborating entity "PLL" for hierarchy "PLL:u0" File: /home/Irmin/Documents/Practica2/Practica2.v Line: 67
Info (12128): Elaborating entity "PLL_altpll_0" for hierarchy "PLL:u0|PLL_altpll_0:altpll_0" File: /home/Irmin/Documents/Practica2/PLL/synthesis/PLL.v Line: 35
Info (12128): Elaborating entity "PLL_altpll_0_stdsync_sv6" for hierarchy "PLL:u0|PLL_altpll_0:altpll_0|PLL_altpll_0_stdsync_sv6:stdsync2" File: /home/Irmin/Documents/Practica2/PLL/synthesis/submodules/PLL_altpll_0.v Line: 283
Info (12128): Elaborating entity "PLL_altpll_0_dffpipe_l2c" for hierarchy "PLL:u0|PLL_altpll_0:altpll_0|PLL_altpll_0_stdsync_sv6:stdsync2|PLL_altpll_0_dffpipe_l2c:dffpipe3" File: /home/Irmin/Documents/Practica2/PLL/synthesis/submodules/PLL_altpll_0.v Line: 117
Info (12128): Elaborating entity "PLL_altpll_0_altpll_hra2" for hierarchy "PLL:u0|PLL_altpll_0:altpll_0|PLL_altpll_0_altpll_hra2:sd1" File: /home/Irmin/Documents/Practica2/PLL/synthesis/submodules/PLL_altpll_0.v Line: 289
Info (12128): Elaborating entity "Sync" for hierarchy "Sync:U1" File: /home/Irmin/Documents/Practica2/Practica2.v Line: 80
Warning (10235): Verilog HDL Always Construct warning at Sync.v(141): variable "CONIC_TYPE" is read inside the Always Construct but isn't in the Always Construct's Event Control File: /home/Irmin/Documents/Practica2/Sync.v Line: 141
Warning (10240): Verilog HDL Always Construct warning at Sync.v(134): inferring latch(es) for variable "CONIC_TYPE", which holds its previous value in one or more paths through the always construct File: /home/Irmin/Documents/Practica2/Sync.v Line: 134
Warning (10230): Verilog HDL assignment warning at Sync.v(74): truncated value with size 32 to match size of target (21) File: /home/Irmin/Documents/Practica2/Sync.v Line: 74
Warning (10230): Verilog HDL assignment warning at Sync.v(75): truncated value with size 32 to match size of target (21) File: /home/Irmin/Documents/Practica2/Sync.v Line: 75
Warning (10776): Verilog HDL warning at Sync.v(97): variable eq_value in static task or function draw_conic may have unintended latch behavior File: /home/Irmin/Documents/Practica2/Sync.v Line: 97
Warning (10230): Verilog HDL assignment warning at Sync.v(166): truncated value with size 32 to match size of target (11) File: /home/Irmin/Documents/Practica2/Sync.v Line: 166
Warning (10230): Verilog HDL assignment warning at Sync.v(170): truncated value with size 32 to match size of target (11) File: /home/Irmin/Documents/Practica2/Sync.v Line: 170
Warning (10230): Verilog HDL assignment warning at Sync.v(177): truncated value with size 32 to match size of target (11) File: /home/Irmin/Documents/Practica2/Sync.v Line: 177
Warning (10230): Verilog HDL assignment warning at Sync.v(180): truncated value with size 32 to match size of target (11) File: /home/Irmin/Documents/Practica2/Sync.v Line: 180
Warning (10230): Verilog HDL assignment warning at Sync.v(186): truncated value with size 32 to match size of target (11) File: /home/Irmin/Documents/Practica2/Sync.v Line: 186
Warning (10230): Verilog HDL assignment warning at Sync.v(189): truncated value with size 32 to match size of target (11) File: /home/Irmin/Documents/Practica2/Sync.v Line: 189
Warning (10230): Verilog HDL assignment warning at Sync.v(194): truncated value with size 32 to match size of target (11) File: /home/Irmin/Documents/Practica2/Sync.v Line: 194
Warning (10230): Verilog HDL assignment warning at Sync.v(197): truncated value with size 32 to match size of target (11) File: /home/Irmin/Documents/Practica2/Sync.v Line: 197
Warning (10230): Verilog HDL assignment warning at Sync.v(200): truncated value with size 32 to match size of target (11) File: /home/Irmin/Documents/Practica2/Sync.v Line: 200
Warning (10230): Verilog HDL assignment warning at Sync.v(203): truncated value with size 32 to match size of target (11) File: /home/Irmin/Documents/Practica2/Sync.v Line: 203
Warning (10230): Verilog HDL assignment warning at Sync.v(208): truncated value with size 32 to match size of target (11) File: /home/Irmin/Documents/Practica2/Sync.v Line: 208
Warning (10230): Verilog HDL assignment warning at Sync.v(211): truncated value with size 32 to match size of target (11) File: /home/Irmin/Documents/Practica2/Sync.v Line: 211
Warning (10230): Verilog HDL assignment warning at Sync.v(214): truncated value with size 32 to match size of target (11) File: /home/Irmin/Documents/Practica2/Sync.v Line: 214
Warning (10230): Verilog HDL assignment warning at Sync.v(217): truncated value with size 32 to match size of target (11) File: /home/Irmin/Documents/Practica2/Sync.v Line: 217
Warning (10230): Verilog HDL assignment warning at Sync.v(222): truncated value with size 32 to match size of target (11) File: /home/Irmin/Documents/Practica2/Sync.v Line: 222
Warning (10230): Verilog HDL assignment warning at Sync.v(225): truncated value with size 32 to match size of target (11) File: /home/Irmin/Documents/Practica2/Sync.v Line: 225
Warning (10230): Verilog HDL assignment warning at Sync.v(228): truncated value with size 32 to match size of target (11) File: /home/Irmin/Documents/Practica2/Sync.v Line: 228
Warning (10230): Verilog HDL assignment warning at Sync.v(231): truncated value with size 32 to match size of target (11) File: /home/Irmin/Documents/Practica2/Sync.v Line: 231
Warning (10034): Output port "LED" at Sync.v(31) has no driver File: /home/Irmin/Documents/Practica2/Sync.v Line: 31
Info (10041): Inferred latch for "CONIC_TYPE[0]" at Sync.v(134) File: /home/Irmin/Documents/Practica2/Sync.v Line: 134
Info (10041): Inferred latch for "CONIC_TYPE[1]" at Sync.v(134) File: /home/Irmin/Documents/Practica2/Sync.v Line: 134
Info (10041): Inferred latch for "CONIC_TYPE[2]" at Sync.v(134) File: /home/Irmin/Documents/Practica2/Sync.v Line: 134
Info (12128): Elaborating entity "LCD" for hierarchy "LCD:lcdCtrl" File: /home/Irmin/Documents/Practica2/Practica2.v Line: 92
Warning (10230): Verilog HDL assignment warning at LCD.v(173): truncated value with size 32 to match size of target (4) File: /home/Irmin/Documents/Practica2/LCD.v Line: 173
Warning (10230): Verilog HDL assignment warning at LCD.v(184): truncated value with size 32 to match size of target (4) File: /home/Irmin/Documents/Practica2/LCD.v Line: 184
Warning (10230): Verilog HDL assignment warning at LCD.v(195): truncated value with size 32 to match size of target (4) File: /home/Irmin/Documents/Practica2/LCD.v Line: 195
Warning (10230): Verilog HDL assignment warning at LCD.v(206): truncated value with size 32 to match size of target (4) File: /home/Irmin/Documents/Practica2/LCD.v Line: 206
Warning (10230): Verilog HDL assignment warning at LCD.v(217): truncated value with size 32 to match size of target (4) File: /home/Irmin/Documents/Practica2/LCD.v Line: 217
Warning (10230): Verilog HDL assignment warning at LCD.v(228): truncated value with size 32 to match size of target (4) File: /home/Irmin/Documents/Practica2/LCD.v Line: 228
Warning (10230): Verilog HDL assignment warning at LCD.v(248): truncated value with size 32 to match size of target (4) File: /home/Irmin/Documents/Practica2/LCD.v Line: 248
Warning (10230): Verilog HDL assignment warning at LCD.v(251): truncated value with size 32 to match size of target (4) File: /home/Irmin/Documents/Practica2/LCD.v Line: 251
Warning (10230): Verilog HDL assignment warning at LCD.v(265): truncated value with size 32 to match size of target (4) File: /home/Irmin/Documents/Practica2/LCD.v Line: 265
Warning (10230): Verilog HDL assignment warning at LCD.v(285): truncated value with size 32 to match size of target (4) File: /home/Irmin/Documents/Practica2/LCD.v Line: 285
Warning (10230): Verilog HDL assignment warning at LCD.v(288): truncated value with size 32 to match size of target (4) File: /home/Irmin/Documents/Practica2/LCD.v Line: 288
Warning (10230): Verilog HDL assignment warning at LCD.v(312): truncated value with size 32 to match size of target (20) File: /home/Irmin/Documents/Practica2/LCD.v Line: 312
Warning (10030): Net "CircleChars.data_a" at LCD.v(39) has no driver or initial value, using a default initial value '0' File: /home/Irmin/Documents/Practica2/LCD.v Line: 39
Warning (10030): Net "CircleChars.waddr_a" at LCD.v(39) has no driver or initial value, using a default initial value '0' File: /home/Irmin/Documents/Practica2/LCD.v Line: 39
Warning (10030): Net "EllipseChars.data_a" at LCD.v(40) has no driver or initial value, using a default initial value '0' File: /home/Irmin/Documents/Practica2/LCD.v Line: 40
Warning (10030): Net "EllipseChars.waddr_a" at LCD.v(40) has no driver or initial value, using a default initial value '0' File: /home/Irmin/Documents/Practica2/LCD.v Line: 40
Warning (10030): Net "ParabolaChars.data_a" at LCD.v(41) has no driver or initial value, using a default initial value '0' File: /home/Irmin/Documents/Practica2/LCD.v Line: 41
Warning (10030): Net "ParabolaChars.waddr_a" at LCD.v(41) has no driver or initial value, using a default initial value '0' File: /home/Irmin/Documents/Practica2/LCD.v Line: 41
Warning (10030): Net "HyperbolaChars.data_a" at LCD.v(42) has no driver or initial value, using a default initial value '0' File: /home/Irmin/Documents/Practica2/LCD.v Line: 42
Warning (10030): Net "HyperbolaChars.waddr_a" at LCD.v(42) has no driver or initial value, using a default initial value '0' File: /home/Irmin/Documents/Practica2/LCD.v Line: 42
Warning (10030): Net "LinearChars.data_a" at LCD.v(43) has no driver or initial value, using a default initial value '0' File: /home/Irmin/Documents/Practica2/LCD.v Line: 43
Warning (10030): Net "LinearChars.waddr_a" at LCD.v(43) has no driver or initial value, using a default initial value '0' File: /home/Irmin/Documents/Practica2/LCD.v Line: 43
Warning (10030): Net "CircleChars.we_a" at LCD.v(39) has no driver or initial value, using a default initial value '0' File: /home/Irmin/Documents/Practica2/LCD.v Line: 39
Warning (10030): Net "EllipseChars.we_a" at LCD.v(40) has no driver or initial value, using a default initial value '0' File: /home/Irmin/Documents/Practica2/LCD.v Line: 40
Warning (10030): Net "ParabolaChars.we_a" at LCD.v(41) has no driver or initial value, using a default initial value '0' File: /home/Irmin/Documents/Practica2/LCD.v Line: 41
Warning (10030): Net "HyperbolaChars.we_a" at LCD.v(42) has no driver or initial value, using a default initial value '0' File: /home/Irmin/Documents/Practica2/LCD.v Line: 42
Warning (10030): Net "LinearChars.we_a" at LCD.v(43) has no driver or initial value, using a default initial value '0' File: /home/Irmin/Documents/Practica2/LCD.v Line: 43
Info (276014): Found 5 instances of uninferred RAM logic
    Info (276004): RAM logic "LCD:lcdCtrl|CircleChars" is uninferred due to inappropriate RAM size File: /home/Irmin/Documents/Practica2/LCD.v Line: 39
    Info (276004): RAM logic "LCD:lcdCtrl|EllipseChars" is uninferred due to inappropriate RAM size File: /home/Irmin/Documents/Practica2/LCD.v Line: 40
    Info (276004): RAM logic "LCD:lcdCtrl|ParabolaChars" is uninferred due to inappropriate RAM size File: /home/Irmin/Documents/Practica2/LCD.v Line: 41
    Info (276004): RAM logic "LCD:lcdCtrl|HyperbolaChars" is uninferred due to inappropriate RAM size File: /home/Irmin/Documents/Practica2/LCD.v Line: 42
    Info (276004): RAM logic "LCD:lcdCtrl|LinearChars" is uninferred due to inappropriate RAM size File: /home/Irmin/Documents/Practica2/LCD.v Line: 43
Info (278001): Inferred 13 megafunctions from design logic
    Info (278004): Inferred divider/modulo megafunction ("lpm_divide") from the following logic: "Sync:U1|Mod0" File: /home/Irmin/Documents/Practica2/Sync.v Line: 78
    Info (278004): Inferred divider/modulo megafunction ("lpm_divide") from the following logic: "Sync:U1|Mod1" File: /home/Irmin/Documents/Practica2/Sync.v Line: 79
    Info (278003): Inferred multiplier megafunction ("lpm_mult") from the following logic: "Sync:U1|Mult0" File: /home/Irmin/Documents/Practica2/Sync.v Line: 104
    Info (278003): Inferred multiplier megafunction ("lpm_mult") from the following logic: "Sync:U1|Mult3" File: /home/Irmin/Documents/Practica2/Sync.v Line: 119
    Info (278003): Inferred multiplier megafunction ("lpm_mult") from the following logic: "Sync:U1|Mult6" File: /home/Irmin/Documents/Practica2/Sync.v Line: 119
    Info (278003): Inferred multiplier megafunction ("lpm_mult") from the following logic: "Sync:U1|Mult8" File: /home/Irmin/Documents/Practica2/Sync.v Line: 119
    Info (278003): Inferred multiplier megafunction ("lpm_mult") from the following logic: "Sync:U1|Mult2" File: /home/Irmin/Documents/Practica2/Sync.v Line: 119
    Info (278003): Inferred multiplier megafunction ("lpm_mult") from the following logic: "Sync:U1|Mult1" File: /home/Irmin/Documents/Practica2/Sync.v Line: 114
    Info (278003): Inferred multiplier megafunction ("lpm_mult") from the following logic: "Sync:U1|Mult5" File: /home/Irmin/Documents/Practica2/Sync.v Line: 119
    Info (278003): Inferred multiplier megafunction ("lpm_mult") from the following logic: "Sync:U1|Mult7" File: /home/Irmin/Documents/Practica2/Sync.v Line: 119
    Info (278003): Inferred multiplier megafunction ("lpm_mult") from the following logic: "Sync:U1|Mult4" File: /home/Irmin/Documents/Practica2/Sync.v Line: 119
    Info (278004): Inferred divider/modulo megafunction ("lpm_divide") from the following logic: "Sync:U1|Div0" File: /home/Irmin/Documents/Practica2/Sync.v Line: 124
    Info (278003): Inferred multiplier megafunction ("lpm_mult") from the following logic: "Sync:U1|Mult9" File: /home/Irmin/Documents/Practica2/Sync.v Line: 124
Info (12130): Elaborated megafunction instantiation "Sync:U1|lpm_divide:Mod0" File: /home/Irmin/Documents/Practica2/Sync.v Line: 78
Info (12133): Instantiated megafunction "Sync:U1|lpm_divide:Mod0" with the following parameter: File: /home/Irmin/Documents/Practica2/Sync.v Line: 78
    Info (12134): Parameter "LPM_WIDTHN" = "21"
    Info (12134): Parameter "LPM_WIDTHD" = "7"
    Info (12134): Parameter "LPM_NREPRESENTATION" = "SIGNED"
    Info (12134): Parameter "LPM_DREPRESENTATION" = "SIGNED"
    Info (12134): Parameter "LPM_HINT" = "LPM_REMAINDERPOSITIVE=FALSE"
Info (12021): Found 1 design units, including 1 entities, in source file db/lpm_divide_soo.tdf
    Info (12023): Found entity 1: lpm_divide_soo File: /home/Irmin/Documents/Practica2/db/lpm_divide_soo.tdf Line: 25
Info (12021): Found 1 design units, including 1 entities, in source file db/abs_divider_kbg.tdf
    Info (12023): Found entity 1: abs_divider_kbg File: /home/Irmin/Documents/Practica2/db/abs_divider_kbg.tdf Line: 29
Info (12021): Found 1 design units, including 1 entities, in source file db/alt_u_div_67f.tdf
    Info (12023): Found entity 1: alt_u_div_67f File: /home/Irmin/Documents/Practica2/db/alt_u_div_67f.tdf Line: 27
Info (12021): Found 1 design units, including 1 entities, in source file db/add_sub_7pc.tdf
    Info (12023): Found entity 1: add_sub_7pc File: /home/Irmin/Documents/Practica2/db/add_sub_7pc.tdf Line: 23
Info (12021): Found 1 design units, including 1 entities, in source file db/add_sub_8pc.tdf
    Info (12023): Found entity 1: add_sub_8pc File: /home/Irmin/Documents/Practica2/db/add_sub_8pc.tdf Line: 23
Info (12021): Found 1 design units, including 1 entities, in source file db/lpm_abs_4v9.tdf
    Info (12023): Found entity 1: lpm_abs_4v9 File: /home/Irmin/Documents/Practica2/db/lpm_abs_4v9.tdf Line: 25
Info (12021): Found 1 design units, including 1 entities, in source file db/lpm_abs_g0a.tdf
    Info (12023): Found entity 1: lpm_abs_g0a File: /home/Irmin/Documents/Practica2/db/lpm_abs_g0a.tdf Line: 25
Info (12130): Elaborated megafunction instantiation "Sync:U1|lpm_mult:Mult0" File: /home/Irmin/Documents/Practica2/Sync.v Line: 104
Info (12133): Instantiated megafunction "Sync:U1|lpm_mult:Mult0" with the following parameter: File: /home/Irmin/Documents/Practica2/Sync.v Line: 104
    Info (12134): Parameter "LPM_WIDTHA" = "11"
    Info (12134): Parameter "LPM_WIDTHB" = "11"
    Info (12134): Parameter "LPM_WIDTHP" = "22"
    Info (12134): Parameter "LPM_WIDTHR" = "22"
    Info (12134): Parameter "LPM_WIDTHS" = "1"
    Info (12134): Parameter "LPM_REPRESENTATION" = "UNSIGNED"
    Info (12134): Parameter "INPUT_A_IS_CONSTANT" = "NO"
    Info (12134): Parameter "INPUT_B_IS_CONSTANT" = "NO"
    Info (12134): Parameter "MAXIMIZE_SPEED" = "6"
Info (12021): Found 1 design units, including 1 entities, in source file db/mult_sct.tdf
    Info (12023): Found entity 1: mult_sct File: /home/Irmin/Documents/Practica2/db/mult_sct.tdf Line: 29
Info (12130): Elaborated megafunction instantiation "Sync:U1|lpm_mult:Mult8" File: /home/Irmin/Documents/Practica2/Sync.v Line: 119
Info (12133): Instantiated megafunction "Sync:U1|lpm_mult:Mult8" with the following parameter: File: /home/Irmin/Documents/Practica2/Sync.v Line: 119
    Info (12134): Parameter "LPM_WIDTHA" = "22"
    Info (12134): Parameter "LPM_WIDTHB" = "22"
    Info (12134): Parameter "LPM_WIDTHP" = "44"
    Info (12134): Parameter "LPM_WIDTHR" = "44"
    Info (12134): Parameter "LPM_WIDTHS" = "1"
    Info (12134): Parameter "LPM_REPRESENTATION" = "UNSIGNED"
    Info (12134): Parameter "INPUT_A_IS_CONSTANT" = "NO"
    Info (12134): Parameter "INPUT_B_IS_CONSTANT" = "NO"
    Info (12134): Parameter "MAXIMIZE_SPEED" = "5"
Info (12021): Found 1 design units, including 1 entities, in source file db/mult_3dt.tdf
    Info (12023): Found entity 1: mult_3dt File: /home/Irmin/Documents/Practica2/db/mult_3dt.tdf Line: 31
Info (12130): Elaborated megafunction instantiation "Sync:U1|lpm_mult:Mult2" File: /home/Irmin/Documents/Practica2/Sync.v Line: 119
Info (12133): Instantiated megafunction "Sync:U1|lpm_mult:Mult2" with the following parameter: File: /home/Irmin/Documents/Practica2/Sync.v Line: 119
    Info (12134): Parameter "LPM_WIDTHA" = "13"
    Info (12134): Parameter "LPM_WIDTHB" = "13"
    Info (12134): Parameter "LPM_WIDTHP" = "26"
    Info (12134): Parameter "LPM_WIDTHR" = "26"
    Info (12134): Parameter "LPM_WIDTHS" = "1"
    Info (12134): Parameter "LPM_REPRESENTATION" = "SIGNED"
    Info (12134): Parameter "INPUT_A_IS_CONSTANT" = "NO"
    Info (12134): Parameter "INPUT_B_IS_CONSTANT" = "NO"
    Info (12134): Parameter "MAXIMIZE_SPEED" = "6"
Info (12021): Found 1 design units, including 1 entities, in source file db/mult_16t.tdf
    Info (12023): Found entity 1: mult_16t File: /home/Irmin/Documents/Practica2/db/mult_16t.tdf Line: 29
Info (12130): Elaborated megafunction instantiation "Sync:U1|lpm_mult:Mult1" File: /home/Irmin/Documents/Practica2/Sync.v Line: 114
Info (12133): Instantiated megafunction "Sync:U1|lpm_mult:Mult1" with the following parameter: File: /home/Irmin/Documents/Practica2/Sync.v Line: 114
    Info (12134): Parameter "LPM_WIDTHA" = "13"
    Info (12134): Parameter "LPM_WIDTHB" = "129"
    Info (12134): Parameter "LPM_WIDTHP" = "142"
    Info (12134): Parameter "LPM_WIDTHR" = "142"
    Info (12134): Parameter "LPM_WIDTHS" = "1"
    Info (12134): Parameter "LPM_REPRESENTATION" = "UNSIGNED"
    Info (12134): Parameter "INPUT_A_IS_CONSTANT" = "NO"
    Info (12134): Parameter "INPUT_B_IS_CONSTANT" = "NO"
    Info (12134): Parameter "MAXIMIZE_SPEED" = "5"
Info (12021): Found 1 design units, including 1 entities, in source file db/mult_agt.tdf
    Info (12023): Found entity 1: mult_agt File: /home/Irmin/Documents/Practica2/db/mult_agt.tdf Line: 31
Info (12130): Elaborated megafunction instantiation "Sync:U1|lpm_mult:Mult7" File: /home/Irmin/Documents/Practica2/Sync.v Line: 119
Info (12133): Instantiated megafunction "Sync:U1|lpm_mult:Mult7" with the following parameter: File: /home/Irmin/Documents/Practica2/Sync.v Line: 119
    Info (12134): Parameter "LPM_WIDTHA" = "129"
    Info (12134): Parameter "LPM_WIDTHB" = "22"
    Info (12134): Parameter "LPM_WIDTHP" = "151"
    Info (12134): Parameter "LPM_WIDTHR" = "151"
    Info (12134): Parameter "LPM_WIDTHS" = "1"
    Info (12134): Parameter "LPM_REPRESENTATION" = "UNSIGNED"
    Info (12134): Parameter "INPUT_A_IS_CONSTANT" = "NO"
    Info (12134): Parameter "INPUT_B_IS_CONSTANT" = "NO"
    Info (12134): Parameter "MAXIMIZE_SPEED" = "5"
Info (12021): Found 1 design units, including 1 entities, in source file db/mult_bgt.tdf
    Info (12023): Found entity 1: mult_bgt File: /home/Irmin/Documents/Practica2/db/mult_bgt.tdf Line: 31
Info (12130): Elaborated megafunction instantiation "Sync:U1|lpm_divide:Div0" File: /home/Irmin/Documents/Practica2/Sync.v Line: 124
Info (12133): Instantiated megafunction "Sync:U1|lpm_divide:Div0" with the following parameter: File: /home/Irmin/Documents/Practica2/Sync.v Line: 124
    Info (12134): Parameter "LPM_WIDTHN" = "8"
    Info (12134): Parameter "LPM_WIDTHD" = "11"
    Info (12134): Parameter "LPM_NREPRESENTATION" = "UNSIGNED"
    Info (12134): Parameter "LPM_DREPRESENTATION" = "UNSIGNED"
Info (12021): Found 1 design units, including 1 entities, in source file db/lpm_divide_1jm.tdf
    Info (12023): Found entity 1: lpm_divide_1jm File: /home/Irmin/Documents/Practica2/db/lpm_divide_1jm.tdf Line: 25
Info (12021): Found 1 design units, including 1 entities, in source file db/sign_div_unsign_3nh.tdf
    Info (12023): Found entity 1: sign_div_unsign_3nh File: /home/Irmin/Documents/Practica2/db/sign_div_unsign_3nh.tdf Line: 25
Info (12021): Found 1 design units, including 1 entities, in source file db/alt_u_div_q9f.tdf
    Info (12023): Found entity 1: alt_u_div_q9f File: /home/Irmin/Documents/Practica2/db/alt_u_div_q9f.tdf Line: 27
Info (12130): Elaborated megafunction instantiation "Sync:U1|lpm_mult:Mult9" File: /home/Irmin/Documents/Practica2/Sync.v Line: 124
Info (12133): Instantiated megafunction "Sync:U1|lpm_mult:Mult9" with the following parameter: File: /home/Irmin/Documents/Practica2/Sync.v Line: 124
    Info (12134): Parameter "LPM_WIDTHA" = "8"
    Info (12134): Parameter "LPM_WIDTHB" = "129"
    Info (12134): Parameter "LPM_WIDTHP" = "137"
    Info (12134): Parameter "LPM_WIDTHR" = "137"
    Info (12134): Parameter "LPM_WIDTHS" = "1"
    Info (12134): Parameter "LPM_REPRESENTATION" = "UNSIGNED"
    Info (12134): Parameter "INPUT_A_IS_CONSTANT" = "NO"
    Info (12134): Parameter "INPUT_B_IS_CONSTANT" = "NO"
    Info (12134): Parameter "MAXIMIZE_SPEED" = "5"
Info (12021): Found 1 design units, including 1 entities, in source file db/mult_2ft.tdf
    Info (12023): Found entity 1: mult_2ft File: /home/Irmin/Documents/Practica2/db/mult_2ft.tdf Line: 31
Warning (14284): Synthesized away the following node(s):
    Warning (14285): Synthesized away the following DSP element node(s):
        Warning (14320): Synthesized away node "Sync:U1|lpm_mult:Mult4|mult_bgt:auto_generated|mac_mult31" File: /home/Irmin/Documents/Practica2/db/mult_bgt.tdf Line: 149
        Warning (14320): Synthesized away node "Sync:U1|lpm_mult:Mult4|mult_bgt:auto_generated|mac_out32" File: /home/Irmin/Documents/Practica2/db/mult_bgt.tdf Line: 245
        Warning (14320): Synthesized away node "Sync:U1|lpm_mult:Mult7|mult_bgt:auto_generated|mac_mult31" File: /home/Irmin/Documents/Practica2/db/mult_bgt.tdf Line: 149
        Warning (14320): Synthesized away node "Sync:U1|lpm_mult:Mult7|mult_bgt:auto_generated|mac_out32" File: /home/Irmin/Documents/Practica2/db/mult_bgt.tdf Line: 245
Warning (12162): EDA synthesis tool is specified as "Custom", but Library Mapping File is not specified
Warning (12163): EDA synthesis tool is specified as "Custom", but VCC is not specified
Warning (12164): EDA synthesis tool is specified as "Custom", but GND is not specified
Info (13014): Ignored 2490 buffer(s)
    Info (13016): Ignored 22 CARRY_SUM buffer(s)
    Info (13019): Ignored 2468 SOFT buffer(s)
Warning (13012): Latch Sync:U1|CONIC_TYPE[0] has unsafe behavior File: /home/Irmin/Documents/Practica2/Sync.v Line: 134
    Warning (13013): Ports D and ENA on the latch are fed by the same signal Keyboard:Kb|data_reg[15] File: /home/Irmin/Documents/Practica2/Keyboard.v Line: 79
Warning (13012): Latch Sync:U1|CONIC_TYPE[1] has unsafe behavior File: /home/Irmin/Documents/Practica2/Sync.v Line: 134
    Warning (13013): Ports D and ENA on the latch are fed by the same signal Keyboard:Kb|data_reg[15] File: /home/Irmin/Documents/Practica2/Keyboard.v Line: 79
Warning (13012): Latch Sync:U1|CONIC_TYPE[2] has unsafe behavior File: /home/Irmin/Documents/Practica2/Sync.v Line: 134
    Warning (13013): Ports D and ENA on the latch are fed by the same signal Keyboard:Kb|data_reg[15] File: /home/Irmin/Documents/Practica2/Keyboard.v Line: 79
Info (13000): Registers with preset signals will power-up high File: /home/Irmin/Documents/Practica2/Keyboard.v Line: 39
Info (13003): DEV_CLRn pin will set, and not reset, register with preset signal due to NOT Gate Push-Back
Warning (13024): Output pins are stuck at VCC or GND
    Warning (13410): Pin "VGA_SYNC_N" is stuck at VCC File: /home/Irmin/Documents/Practica2/Practica2.v Line: 25
    Warning (13410): Pin "VGA_BLANK_N" is stuck at VCC File: /home/Irmin/Documents/Practica2/Practica2.v Line: 26
    Warning (13410): Pin "LCD_Rw" is stuck at GND File: /home/Irmin/Documents/Practica2/Practica2.v Line: 32
    Warning (13410): Pin "LED" is stuck at GND File: /home/Irmin/Documents/Practica2/Practica2.v Line: 34
Info (286030): Timing-Driven Synthesis is running
Info (17049): 8 registers lost all their fanouts during netlist optimizations.
Info (144001): Generated suppressed messages file /home/Irmin/Documents/Practica2/output_files/Practica2.map.smsg
Info (16010): Generating hard_block partition "hard_block:auto_generated_inst"
    Info (16011): Adding 1 node(s), including 0 DDIO, 1 PLL, 0 transceiver and 0 LCELL
Info (21057): Implemented 3409 device resources after synthesis - the final resource count might be different
    Info (21058): Implemented 5 input pins
    Info (21059): Implemented 69 output pins
    Info (21061): Implemented 3226 logic cells
    Info (21065): Implemented 1 PLLs
    Info (21062): Implemented 108 DSP elements
Info: Quartus Prime Analysis & Synthesis was successful. 0 errors, 78 warnings
    Info: Peak virtual memory: 513 megabytes
    Info: Processing ended: Wed Apr 30 18:06:13 2025
    Info: Elapsed time: 00:00:10
    Info: Total CPU time (on all processors): 00:00:20


+------------------------------------------+
; Analysis & Synthesis Suppressed Messages ;
+------------------------------------------+
The suppressed messages can be found in /home/Irmin/Documents/Practica2/output_files/Practica2.map.smsg.


