Timing Analyzer report for Practica2
Wed Apr 30 18:06:48 2025
Quartus Prime Version 23.1std.1 Build 993 05/14/2024 SC Lite Edition


---------------------
; Table of Contents ;
---------------------
  1. Legal Notice
  2. Timing Analyzer Summary
  3. Parallel Compilation
  4. Clocks
  5. Slow 1000mV 85C Model Fmax Summary
  6. Timing Closure Recommendations
  7. Slow 1000mV 85C Model Setup Summary
  8. Slow 1000mV 85C Model Hold Summary
  9. Slow 1000mV 85C Model Recovery Summary
 10. Slow 1000mV 85C Model Removal Summary
 11. Slow 1000mV 85C Model Minimum Pulse Width Summary
 12. Slow 1000mV 85C Model Setup: 'u0|altpll_0|sd1|pll7|clk[0]'
 13. Slow 1000mV 85C Model Setup: 'Keyboard:Kb|data_reg[0]'
 14. Slow 1000mV 85C Model Setup: 'LCD:lcdCtrl|CLK_DLY'
 15. Slow 1000mV 85C Model Setup: 'CLK_50'
 16. Slow 1000mV 85C Model Hold: 'Keyboard:Kb|data_reg[0]'
 17. Slow 1000mV 85C Model Hold: 'LCD:lcdCtrl|CLK_DLY'
 18. Slow 1000mV 85C Model Hold: 'CLK_50'
 19. Slow 1000mV 85C Model Hold: 'u0|altpll_0|sd1|pll7|clk[0]'
 20. Slow 1000mV 85C Model Metastability Summary
 21. Slow 1000mV 0C Model Fmax Summary
 22. Slow 1000mV 0C Model Setup Summary
 23. Slow 1000mV 0C Model Hold Summary
 24. Slow 1000mV 0C Model Recovery Summary
 25. Slow 1000mV 0C Model Removal Summary
 26. Slow 1000mV 0C Model Minimum Pulse Width Summary
 27. Slow 1000mV 0C Model Setup: 'u0|altpll_0|sd1|pll7|clk[0]'
 28. Slow 1000mV 0C Model Setup: 'Keyboard:Kb|data_reg[0]'
 29. Slow 1000mV 0C Model Setup: 'LCD:lcdCtrl|CLK_DLY'
 30. Slow 1000mV 0C Model Setup: 'CLK_50'
 31. Slow 1000mV 0C Model Hold: 'Keyboard:Kb|data_reg[0]'
 32. Slow 1000mV 0C Model Hold: 'CLK_50'
 33. Slow 1000mV 0C Model Hold: 'LCD:lcdCtrl|CLK_DLY'
 34. Slow 1000mV 0C Model Hold: 'u0|altpll_0|sd1|pll7|clk[0]'
 35. Slow 1000mV 0C Model Metastability Summary
 36. Fast 1000mV 0C Model Setup Summary
 37. Fast 1000mV 0C Model Hold Summary
 38. Fast 1000mV 0C Model Recovery Summary
 39. Fast 1000mV 0C Model Removal Summary
 40. Fast 1000mV 0C Model Minimum Pulse Width Summary
 41. Fast 1000mV 0C Model Setup: 'u0|altpll_0|sd1|pll7|clk[0]'
 42. Fast 1000mV 0C Model Setup: 'Keyboard:Kb|data_reg[0]'
 43. Fast 1000mV 0C Model Setup: 'LCD:lcdCtrl|CLK_DLY'
 44. Fast 1000mV 0C Model Setup: 'CLK_50'
 45. Fast 1000mV 0C Model Hold: 'Keyboard:Kb|data_reg[0]'
 46. Fast 1000mV 0C Model Hold: 'CLK_50'
 47. Fast 1000mV 0C Model Hold: 'LCD:lcdCtrl|CLK_DLY'
 48. Fast 1000mV 0C Model Hold: 'u0|altpll_0|sd1|pll7|clk[0]'
 49. Fast 1000mV 0C Model Metastability Summary
 50. Multicorner Timing Analysis Summary
 51. Board Trace Model Assignments
 52. Input Transition Times
 53. Signal Integrity Metrics (Slow 1000mv 0c Model)
 54. Signal Integrity Metrics (Slow 1000mv 85c Model)
 55. Signal Integrity Metrics (Fast 1000mv 0c Model)
 56. Setup Transfers
 57. Hold Transfers
 58. Report TCCS
 59. Report RSKM
 60. Unconstrained Paths Summary
 61. Clock Status Summary
 62. Unconstrained Input Ports
 63. Unconstrained Output Ports
 64. Unconstrained Input Ports
 65. Unconstrained Output Ports
 66. Timing Analyzer Messages



----------------
; Legal Notice ;
----------------
Copyright (C) 2024  Intel Corporation. All rights reserved.
Your use of Intel Corporation's design tools, logic functions 
and other software and tools, and any partner logic 
functions, and any output files from any of the foregoing 
(including device programming or simulation files), and any 
associated documentation or information are expressly subject 
to the terms and conditions of the Intel Program License 
Subscription Agreement, the Intel Quartus Prime License Agreement,
the Intel FPGA IP License Agreement, or other applicable license
agreement, including, without limitation, that your use is for
the sole purpose of programming logic devices manufactured by
Intel and sold by Intel or its authorized distributors.  Please
refer to the applicable agreement for further details, at
https://fpgasoftware.intel.com/eula.



+--------------------------------------------------------------------------------+
; Timing Analyzer Summary                                                        ;
+-----------------------+--------------------------------------------------------+
; Quartus Prime Version ; Version 23.1std.1 Build 993 05/14/2024 SC Lite Edition ;
; Timing Analyzer       ; Legacy Timing Analyzer                                 ;
; Revision Name         ; Practica2                                              ;
; Device Family         ; Cyclone IV E                                           ;
; Device Name           ; EP4CE115F29C8L                                         ;
; Timing Models         ; Final                                                  ;
; Delay Model           ; Combined                                               ;
; Rise/Fall Delays      ; Enabled                                                ;
+-----------------------+--------------------------------------------------------+


+------------------------------------------+
; Parallel Compilation                     ;
+----------------------------+-------------+
; Processors                 ; Number      ;
+----------------------------+-------------+
; Number detected on machine ; 16          ;
; Maximum allowed            ; 16          ;
;                            ;             ;
; Average used               ; 3.99        ;
; Maximum used               ; 16          ;
;                            ;             ;
; Usage by Processor         ; % Time Used ;
;     Processor 1            ; 100.0%      ;
;     Processor 2            ;  58.1%      ;
;     Processor 3            ;  56.8%      ;
;     Processor 4            ;  55.3%      ;
;     Processors 5-16        ;  10.8%      ;
+----------------------------+-------------+


+-------------------------------------------------------------------------------------------------------------------------------------------------------------------------------------------------------------------------------------------------------+
; Clocks                                                                                                                                                                                                                                                ;
+-----------------------------+-----------+--------+------------+-------+--------+------------+-----------+-------------+-------+--------+-----------+------------+----------+--------+-------------------------------+---------------------------------+
; Clock Name                  ; Type      ; Period ; Frequency  ; Rise  ; Fall   ; Duty Cycle ; Divide by ; Multiply by ; Phase ; Offset ; Edge List ; Edge Shift ; Inverted ; Master ; Source                        ; Targets                         ;
+-----------------------------+-----------+--------+------------+-------+--------+------------+-----------+-------------+-------+--------+-----------+------------+----------+--------+-------------------------------+---------------------------------+
; CLK_50                      ; Base      ; 20.000 ; 50.0 MHz   ; 0.000 ; 10.000 ;            ;           ;             ;       ;        ;           ;            ;          ;        ;                               ; { CLK_50 }                      ;
; Keyboard:Kb|data_reg[0]     ; Base      ; 1.000  ; 1000.0 MHz ; 0.000 ; 0.500  ;            ;           ;             ;       ;        ;           ;            ;          ;        ;                               ; { Keyboard:Kb|data_reg[0] }     ;
; LCD:lcdCtrl|CLK_DLY         ; Base      ; 1.000  ; 1000.0 MHz ; 0.000 ; 0.500  ;            ;           ;             ;       ;        ;           ;            ;          ;        ;                               ; { LCD:lcdCtrl|CLK_DLY }         ;
; u0|altpll_0|sd1|pll7|clk[0] ; Generated ; 9.259  ; 108.0 MHz  ; 0.000 ; 4.629  ; 50.00      ; 25        ; 54          ;       ;        ;           ;            ; false    ; CLK_50 ; u0|altpll_0|sd1|pll7|inclk[0] ; { u0|altpll_0|sd1|pll7|clk[0] } ;
; u0|altpll_0|sd1|pll7|clk[1] ; Generated ; 9.259  ; 108.0 MHz  ; 0.000 ; 4.629  ; 50.00      ; 25        ; 54          ;       ;        ;           ;            ; false    ; CLK_50 ; u0|altpll_0|sd1|pll7|inclk[0] ; { u0|altpll_0|sd1|pll7|clk[1] } ;
+-----------------------------+-----------+--------+------------+-------+--------+------------+-----------+-------------+-------+--------+-----------+------------+----------+--------+-------------------------------+---------------------------------+


+-------------------------------------------------------------------+
; Slow 1000mV 85C Model Fmax Summary                                ;
+------------+-----------------+-----------------------------+------+
; Fmax       ; Restricted Fmax ; Clock Name                  ; Note ;
+------------+-----------------+-----------------------------+------+
; 19.87 MHz  ; 19.87 MHz       ; u0|altpll_0|sd1|pll7|clk[0] ;      ;
; 110.11 MHz ; 110.11 MHz      ; CLK_50                      ;      ;
; 137.36 MHz ; 137.36 MHz      ; Keyboard:Kb|data_reg[0]     ;      ;
; 218.2 MHz  ; 218.2 MHz       ; LCD:lcdCtrl|CLK_DLY         ;      ;
+------------+-----------------+-----------------------------+------+
This panel reports FMAX for every clock in the design, regardless of the user-specified clock periods.  FMAX is only computed for paths where the source and destination registers or ports are driven by the same clock.  Paths of different clocks, including generated clocks, are ignored.  For paths between a clock and its inversion, FMAX is computed as if the rising and falling edges are scaled along with FMAX, such that the duty cycle (in terms of a percentage) is maintained. Altera recommends that you always use clock constraints and other slack reports for sign-off analysis.


----------------------------------
; Timing Closure Recommendations ;
----------------------------------
HTML report is unavailable in plain text report export.


+-------------------------------------------------------+
; Slow 1000mV 85C Model Setup Summary                   ;
+-----------------------------+---------+---------------+
; Clock                       ; Slack   ; End Point TNS ;
+-----------------------------+---------+---------------+
; u0|altpll_0|sd1|pll7|clk[0] ; -41.063 ; -1480.316     ;
; Keyboard:Kb|data_reg[0]     ; -9.117  ; -26.307       ;
; LCD:lcdCtrl|CLK_DLY         ; -6.600  ; -106.323      ;
; CLK_50                      ; -1.569  ; -19.549       ;
+-----------------------------+---------+---------------+


+-----------------------------------------------------+
; Slow 1000mV 85C Model Hold Summary                  ;
+-----------------------------+-------+---------------+
; Clock                       ; Slack ; End Point TNS ;
+-----------------------------+-------+---------------+
; Keyboard:Kb|data_reg[0]     ; 0.305 ; 0.000         ;
; LCD:lcdCtrl|CLK_DLY         ; 0.514 ; 0.000         ;
; CLK_50                      ; 0.517 ; 0.000         ;
; u0|altpll_0|sd1|pll7|clk[0] ; 0.535 ; 0.000         ;
+-----------------------------+-------+---------------+


------------------------------------------
; Slow 1000mV 85C Model Recovery Summary ;
------------------------------------------
No paths to report.


-----------------------------------------
; Slow 1000mV 85C Model Removal Summary ;
-----------------------------------------
No paths to report.


+------------------------------------------------------+
; Slow 1000mV 85C Model Minimum Pulse Width Summary    ;
+-----------------------------+--------+---------------+
; Clock                       ; Slack  ; End Point TNS ;
+-----------------------------+--------+---------------+
; LCD:lcdCtrl|CLK_DLY         ; -1.763 ; -49.364       ;
; Keyboard:Kb|data_reg[0]     ; -0.206 ; -1.482        ;
; u0|altpll_0|sd1|pll7|clk[0] ; 4.293  ; 0.000         ;
; CLK_50                      ; 9.704  ; 0.000         ;
+-----------------------------+--------+---------------+


+-----------------------------------------------------------------------------------------------------------------------------------------------+
; Slow 1000mV 85C Model Setup: 'u0|altpll_0|sd1|pll7|clk[0]'                                                                                    ;
+---------+-----------------+--------------+-----------------------------+-----------------------------+--------------+------------+------------+
; Slack   ; From Node       ; To Node      ; Launch Clock                ; Latch Clock                 ; Relationship ; Clock Skew ; Data Delay ;
+---------+-----------------+--------------+-----------------------------+-----------------------------+--------------+------------+------------+
; -41.063 ; Sync:U1|m[8]    ; Sync:U1|R[2] ; u0|altpll_0|sd1|pll7|clk[0] ; u0|altpll_0|sd1|pll7|clk[0] ; 9.259        ; -0.102     ; 50.225     ;
; -41.062 ; Sync:U1|m[8]    ; Sync:U1|R[3] ; u0|altpll_0|sd1|pll7|clk[0] ; u0|altpll_0|sd1|pll7|clk[0] ; 9.259        ; -0.102     ; 50.224     ;
; -41.062 ; Sync:U1|m[8]    ; Sync:U1|R[4] ; u0|altpll_0|sd1|pll7|clk[0] ; u0|altpll_0|sd1|pll7|clk[0] ; 9.259        ; -0.102     ; 50.224     ;
; -41.061 ; Sync:U1|m[8]    ; Sync:U1|R[0] ; u0|altpll_0|sd1|pll7|clk[0] ; u0|altpll_0|sd1|pll7|clk[0] ; 9.259        ; -0.102     ; 50.223     ;
; -41.061 ; Sync:U1|m[8]    ; Sync:U1|R[1] ; u0|altpll_0|sd1|pll7|clk[0] ; u0|altpll_0|sd1|pll7|clk[0] ; 9.259        ; -0.102     ; 50.223     ;
; -41.058 ; Sync:U1|m[8]    ; Sync:U1|R[5] ; u0|altpll_0|sd1|pll7|clk[0] ; u0|altpll_0|sd1|pll7|clk[0] ; 9.259        ; -0.102     ; 50.220     ;
; -41.058 ; Sync:U1|m[7]    ; Sync:U1|R[2] ; u0|altpll_0|sd1|pll7|clk[0] ; u0|altpll_0|sd1|pll7|clk[0] ; 9.259        ; -0.102     ; 50.220     ;
; -41.057 ; Sync:U1|m[7]    ; Sync:U1|R[3] ; u0|altpll_0|sd1|pll7|clk[0] ; u0|altpll_0|sd1|pll7|clk[0] ; 9.259        ; -0.102     ; 50.219     ;
; -41.057 ; Sync:U1|m[7]    ; Sync:U1|R[4] ; u0|altpll_0|sd1|pll7|clk[0] ; u0|altpll_0|sd1|pll7|clk[0] ; 9.259        ; -0.102     ; 50.219     ;
; -41.056 ; Sync:U1|m[8]    ; Sync:U1|R[6] ; u0|altpll_0|sd1|pll7|clk[0] ; u0|altpll_0|sd1|pll7|clk[0] ; 9.259        ; -0.102     ; 50.218     ;
; -41.056 ; Sync:U1|m[7]    ; Sync:U1|R[0] ; u0|altpll_0|sd1|pll7|clk[0] ; u0|altpll_0|sd1|pll7|clk[0] ; 9.259        ; -0.102     ; 50.218     ;
; -41.056 ; Sync:U1|m[7]    ; Sync:U1|R[1] ; u0|altpll_0|sd1|pll7|clk[0] ; u0|altpll_0|sd1|pll7|clk[0] ; 9.259        ; -0.102     ; 50.218     ;
; -41.053 ; Sync:U1|m[7]    ; Sync:U1|R[5] ; u0|altpll_0|sd1|pll7|clk[0] ; u0|altpll_0|sd1|pll7|clk[0] ; 9.259        ; -0.102     ; 50.215     ;
; -41.051 ; Sync:U1|m[7]    ; Sync:U1|R[6] ; u0|altpll_0|sd1|pll7|clk[0] ; u0|altpll_0|sd1|pll7|clk[0] ; 9.259        ; -0.102     ; 50.213     ;
; -41.020 ; Sync:U1|m[2]    ; Sync:U1|R[2] ; u0|altpll_0|sd1|pll7|clk[0] ; u0|altpll_0|sd1|pll7|clk[0] ; 9.259        ; -0.102     ; 50.182     ;
; -41.019 ; Sync:U1|m[2]    ; Sync:U1|R[3] ; u0|altpll_0|sd1|pll7|clk[0] ; u0|altpll_0|sd1|pll7|clk[0] ; 9.259        ; -0.102     ; 50.181     ;
; -41.019 ; Sync:U1|m[2]    ; Sync:U1|R[4] ; u0|altpll_0|sd1|pll7|clk[0] ; u0|altpll_0|sd1|pll7|clk[0] ; 9.259        ; -0.102     ; 50.181     ;
; -41.018 ; Sync:U1|m[2]    ; Sync:U1|R[0] ; u0|altpll_0|sd1|pll7|clk[0] ; u0|altpll_0|sd1|pll7|clk[0] ; 9.259        ; -0.102     ; 50.180     ;
; -41.018 ; Sync:U1|m[2]    ; Sync:U1|R[1] ; u0|altpll_0|sd1|pll7|clk[0] ; u0|altpll_0|sd1|pll7|clk[0] ; 9.259        ; -0.102     ; 50.180     ;
; -41.015 ; Sync:U1|m[2]    ; Sync:U1|R[5] ; u0|altpll_0|sd1|pll7|clk[0] ; u0|altpll_0|sd1|pll7|clk[0] ; 9.259        ; -0.102     ; 50.177     ;
; -41.013 ; Sync:U1|m[2]    ; Sync:U1|R[6] ; u0|altpll_0|sd1|pll7|clk[0] ; u0|altpll_0|sd1|pll7|clk[0] ; 9.259        ; -0.102     ; 50.175     ;
; -40.994 ; Sync:U1|m[0]    ; Sync:U1|R[2] ; u0|altpll_0|sd1|pll7|clk[0] ; u0|altpll_0|sd1|pll7|clk[0] ; 9.259        ; -0.103     ; 50.155     ;
; -40.993 ; Sync:U1|m[0]    ; Sync:U1|R[3] ; u0|altpll_0|sd1|pll7|clk[0] ; u0|altpll_0|sd1|pll7|clk[0] ; 9.259        ; -0.103     ; 50.154     ;
; -40.993 ; Sync:U1|m[0]    ; Sync:U1|R[4] ; u0|altpll_0|sd1|pll7|clk[0] ; u0|altpll_0|sd1|pll7|clk[0] ; 9.259        ; -0.103     ; 50.154     ;
; -40.992 ; Sync:U1|m[0]    ; Sync:U1|R[0] ; u0|altpll_0|sd1|pll7|clk[0] ; u0|altpll_0|sd1|pll7|clk[0] ; 9.259        ; -0.103     ; 50.153     ;
; -40.992 ; Sync:U1|m[0]    ; Sync:U1|R[1] ; u0|altpll_0|sd1|pll7|clk[0] ; u0|altpll_0|sd1|pll7|clk[0] ; 9.259        ; -0.103     ; 50.153     ;
; -40.989 ; Sync:U1|m[0]    ; Sync:U1|R[5] ; u0|altpll_0|sd1|pll7|clk[0] ; u0|altpll_0|sd1|pll7|clk[0] ; 9.259        ; -0.103     ; 50.150     ;
; -40.987 ; Sync:U1|m[0]    ; Sync:U1|R[6] ; u0|altpll_0|sd1|pll7|clk[0] ; u0|altpll_0|sd1|pll7|clk[0] ; 9.259        ; -0.103     ; 50.148     ;
; -40.914 ; Sync:U1|m[1]    ; Sync:U1|R[2] ; u0|altpll_0|sd1|pll7|clk[0] ; u0|altpll_0|sd1|pll7|clk[0] ; 9.259        ; -0.103     ; 50.075     ;
; -40.913 ; Sync:U1|m[1]    ; Sync:U1|R[3] ; u0|altpll_0|sd1|pll7|clk[0] ; u0|altpll_0|sd1|pll7|clk[0] ; 9.259        ; -0.103     ; 50.074     ;
; -40.913 ; Sync:U1|m[1]    ; Sync:U1|R[4] ; u0|altpll_0|sd1|pll7|clk[0] ; u0|altpll_0|sd1|pll7|clk[0] ; 9.259        ; -0.103     ; 50.074     ;
; -40.912 ; Sync:U1|m[1]    ; Sync:U1|R[0] ; u0|altpll_0|sd1|pll7|clk[0] ; u0|altpll_0|sd1|pll7|clk[0] ; 9.259        ; -0.103     ; 50.073     ;
; -40.912 ; Sync:U1|m[1]    ; Sync:U1|R[1] ; u0|altpll_0|sd1|pll7|clk[0] ; u0|altpll_0|sd1|pll7|clk[0] ; 9.259        ; -0.103     ; 50.073     ;
; -40.909 ; Sync:U1|m[1]    ; Sync:U1|R[5] ; u0|altpll_0|sd1|pll7|clk[0] ; u0|altpll_0|sd1|pll7|clk[0] ; 9.259        ; -0.103     ; 50.070     ;
; -40.907 ; Sync:U1|m[1]    ; Sync:U1|R[6] ; u0|altpll_0|sd1|pll7|clk[0] ; u0|altpll_0|sd1|pll7|clk[0] ; 9.259        ; -0.103     ; 50.068     ;
; -40.863 ; Sync:U1|m[10]   ; Sync:U1|R[2] ; u0|altpll_0|sd1|pll7|clk[0] ; u0|altpll_0|sd1|pll7|clk[0] ; 9.259        ; -0.102     ; 50.025     ;
; -40.862 ; Sync:U1|m[10]   ; Sync:U1|R[3] ; u0|altpll_0|sd1|pll7|clk[0] ; u0|altpll_0|sd1|pll7|clk[0] ; 9.259        ; -0.102     ; 50.024     ;
; -40.862 ; Sync:U1|m[10]   ; Sync:U1|R[4] ; u0|altpll_0|sd1|pll7|clk[0] ; u0|altpll_0|sd1|pll7|clk[0] ; 9.259        ; -0.102     ; 50.024     ;
; -40.861 ; Sync:U1|m[10]   ; Sync:U1|R[0] ; u0|altpll_0|sd1|pll7|clk[0] ; u0|altpll_0|sd1|pll7|clk[0] ; 9.259        ; -0.102     ; 50.023     ;
; -40.861 ; Sync:U1|m[10]   ; Sync:U1|R[1] ; u0|altpll_0|sd1|pll7|clk[0] ; u0|altpll_0|sd1|pll7|clk[0] ; 9.259        ; -0.102     ; 50.023     ;
; -40.858 ; Sync:U1|m[10]   ; Sync:U1|R[5] ; u0|altpll_0|sd1|pll7|clk[0] ; u0|altpll_0|sd1|pll7|clk[0] ; 9.259        ; -0.102     ; 50.020     ;
; -40.856 ; Sync:U1|m[10]   ; Sync:U1|R[6] ; u0|altpll_0|sd1|pll7|clk[0] ; u0|altpll_0|sd1|pll7|clk[0] ; 9.259        ; -0.102     ; 50.018     ;
; -40.842 ; Sync:U1|m[5]    ; Sync:U1|R[2] ; u0|altpll_0|sd1|pll7|clk[0] ; u0|altpll_0|sd1|pll7|clk[0] ; 9.259        ; -0.142     ; 49.964     ;
; -40.841 ; Sync:U1|m[5]    ; Sync:U1|R[3] ; u0|altpll_0|sd1|pll7|clk[0] ; u0|altpll_0|sd1|pll7|clk[0] ; 9.259        ; -0.142     ; 49.963     ;
; -40.841 ; Sync:U1|m[5]    ; Sync:U1|R[4] ; u0|altpll_0|sd1|pll7|clk[0] ; u0|altpll_0|sd1|pll7|clk[0] ; 9.259        ; -0.142     ; 49.963     ;
; -40.840 ; Sync:U1|m[5]    ; Sync:U1|R[0] ; u0|altpll_0|sd1|pll7|clk[0] ; u0|altpll_0|sd1|pll7|clk[0] ; 9.259        ; -0.142     ; 49.962     ;
; -40.840 ; Sync:U1|m[5]    ; Sync:U1|R[1] ; u0|altpll_0|sd1|pll7|clk[0] ; u0|altpll_0|sd1|pll7|clk[0] ; 9.259        ; -0.142     ; 49.962     ;
; -40.837 ; Sync:U1|m[5]    ; Sync:U1|R[5] ; u0|altpll_0|sd1|pll7|clk[0] ; u0|altpll_0|sd1|pll7|clk[0] ; 9.259        ; -0.142     ; 49.959     ;
; -40.835 ; Sync:U1|m[5]    ; Sync:U1|R[6] ; u0|altpll_0|sd1|pll7|clk[0] ; u0|altpll_0|sd1|pll7|clk[0] ; 9.259        ; -0.142     ; 49.957     ;
; -40.712 ; Sync:U1|m[9]    ; Sync:U1|R[2] ; u0|altpll_0|sd1|pll7|clk[0] ; u0|altpll_0|sd1|pll7|clk[0] ; 9.259        ; -0.102     ; 49.874     ;
; -40.711 ; Sync:U1|m[9]    ; Sync:U1|R[3] ; u0|altpll_0|sd1|pll7|clk[0] ; u0|altpll_0|sd1|pll7|clk[0] ; 9.259        ; -0.102     ; 49.873     ;
; -40.711 ; Sync:U1|m[9]    ; Sync:U1|R[4] ; u0|altpll_0|sd1|pll7|clk[0] ; u0|altpll_0|sd1|pll7|clk[0] ; 9.259        ; -0.102     ; 49.873     ;
; -40.710 ; Sync:U1|m[9]    ; Sync:U1|R[0] ; u0|altpll_0|sd1|pll7|clk[0] ; u0|altpll_0|sd1|pll7|clk[0] ; 9.259        ; -0.102     ; 49.872     ;
; -40.710 ; Sync:U1|m[9]    ; Sync:U1|R[1] ; u0|altpll_0|sd1|pll7|clk[0] ; u0|altpll_0|sd1|pll7|clk[0] ; 9.259        ; -0.102     ; 49.872     ;
; -40.707 ; Sync:U1|m[9]    ; Sync:U1|R[5] ; u0|altpll_0|sd1|pll7|clk[0] ; u0|altpll_0|sd1|pll7|clk[0] ; 9.259        ; -0.102     ; 49.869     ;
; -40.705 ; Sync:U1|m[9]    ; Sync:U1|R[6] ; u0|altpll_0|sd1|pll7|clk[0] ; u0|altpll_0|sd1|pll7|clk[0] ; 9.259        ; -0.102     ; 49.867     ;
; -40.600 ; Sync:U1|m[6]    ; Sync:U1|R[2] ; u0|altpll_0|sd1|pll7|clk[0] ; u0|altpll_0|sd1|pll7|clk[0] ; 9.259        ; -0.102     ; 49.762     ;
; -40.599 ; Sync:U1|m[6]    ; Sync:U1|R[3] ; u0|altpll_0|sd1|pll7|clk[0] ; u0|altpll_0|sd1|pll7|clk[0] ; 9.259        ; -0.102     ; 49.761     ;
; -40.599 ; Sync:U1|m[6]    ; Sync:U1|R[4] ; u0|altpll_0|sd1|pll7|clk[0] ; u0|altpll_0|sd1|pll7|clk[0] ; 9.259        ; -0.102     ; 49.761     ;
; -40.598 ; Sync:U1|m[6]    ; Sync:U1|R[0] ; u0|altpll_0|sd1|pll7|clk[0] ; u0|altpll_0|sd1|pll7|clk[0] ; 9.259        ; -0.102     ; 49.760     ;
; -40.598 ; Sync:U1|m[6]    ; Sync:U1|R[1] ; u0|altpll_0|sd1|pll7|clk[0] ; u0|altpll_0|sd1|pll7|clk[0] ; 9.259        ; -0.102     ; 49.760     ;
; -40.595 ; Sync:U1|m[6]    ; Sync:U1|R[5] ; u0|altpll_0|sd1|pll7|clk[0] ; u0|altpll_0|sd1|pll7|clk[0] ; 9.259        ; -0.102     ; 49.757     ;
; -40.593 ; Sync:U1|m[6]    ; Sync:U1|R[6] ; u0|altpll_0|sd1|pll7|clk[0] ; u0|altpll_0|sd1|pll7|clk[0] ; 9.259        ; -0.102     ; 49.755     ;
; -40.572 ; Sync:U1|m[8]    ; Sync:U1|R[7] ; u0|altpll_0|sd1|pll7|clk[0] ; u0|altpll_0|sd1|pll7|clk[0] ; 9.259        ; -0.102     ; 49.734     ;
; -40.567 ; Sync:U1|m[7]    ; Sync:U1|R[7] ; u0|altpll_0|sd1|pll7|clk[0] ; u0|altpll_0|sd1|pll7|clk[0] ; 9.259        ; -0.102     ; 49.729     ;
; -40.558 ; Sync:U1|m[4]    ; Sync:U1|R[2] ; u0|altpll_0|sd1|pll7|clk[0] ; u0|altpll_0|sd1|pll7|clk[0] ; 9.259        ; -0.102     ; 49.720     ;
; -40.557 ; Sync:U1|m[4]    ; Sync:U1|R[3] ; u0|altpll_0|sd1|pll7|clk[0] ; u0|altpll_0|sd1|pll7|clk[0] ; 9.259        ; -0.102     ; 49.719     ;
; -40.557 ; Sync:U1|m[4]    ; Sync:U1|R[4] ; u0|altpll_0|sd1|pll7|clk[0] ; u0|altpll_0|sd1|pll7|clk[0] ; 9.259        ; -0.102     ; 49.719     ;
; -40.556 ; Sync:U1|m[4]    ; Sync:U1|R[0] ; u0|altpll_0|sd1|pll7|clk[0] ; u0|altpll_0|sd1|pll7|clk[0] ; 9.259        ; -0.102     ; 49.718     ;
; -40.556 ; Sync:U1|m[4]    ; Sync:U1|R[1] ; u0|altpll_0|sd1|pll7|clk[0] ; u0|altpll_0|sd1|pll7|clk[0] ; 9.259        ; -0.102     ; 49.718     ;
; -40.553 ; Sync:U1|m[4]    ; Sync:U1|R[5] ; u0|altpll_0|sd1|pll7|clk[0] ; u0|altpll_0|sd1|pll7|clk[0] ; 9.259        ; -0.102     ; 49.715     ;
; -40.551 ; Sync:U1|m[4]    ; Sync:U1|R[6] ; u0|altpll_0|sd1|pll7|clk[0] ; u0|altpll_0|sd1|pll7|clk[0] ; 9.259        ; -0.102     ; 49.713     ;
; -40.529 ; Sync:U1|m[2]    ; Sync:U1|R[7] ; u0|altpll_0|sd1|pll7|clk[0] ; u0|altpll_0|sd1|pll7|clk[0] ; 9.259        ; -0.102     ; 49.691     ;
; -40.503 ; Sync:U1|m[0]    ; Sync:U1|R[7] ; u0|altpll_0|sd1|pll7|clk[0] ; u0|altpll_0|sd1|pll7|clk[0] ; 9.259        ; -0.103     ; 49.664     ;
; -40.423 ; Sync:U1|m[1]    ; Sync:U1|R[7] ; u0|altpll_0|sd1|pll7|clk[0] ; u0|altpll_0|sd1|pll7|clk[0] ; 9.259        ; -0.103     ; 49.584     ;
; -40.372 ; Sync:U1|m[10]   ; Sync:U1|R[7] ; u0|altpll_0|sd1|pll7|clk[0] ; u0|altpll_0|sd1|pll7|clk[0] ; 9.259        ; -0.102     ; 49.534     ;
; -40.351 ; Sync:U1|m[5]    ; Sync:U1|R[7] ; u0|altpll_0|sd1|pll7|clk[0] ; u0|altpll_0|sd1|pll7|clk[0] ; 9.259        ; -0.142     ; 49.473     ;
; -40.221 ; Sync:U1|m[9]    ; Sync:U1|R[7] ; u0|altpll_0|sd1|pll7|clk[0] ; u0|altpll_0|sd1|pll7|clk[0] ; 9.259        ; -0.102     ; 49.383     ;
; -40.109 ; Sync:U1|m[6]    ; Sync:U1|R[7] ; u0|altpll_0|sd1|pll7|clk[0] ; u0|altpll_0|sd1|pll7|clk[0] ; 9.259        ; -0.102     ; 49.271     ;
; -40.067 ; Sync:U1|m[4]    ; Sync:U1|R[7] ; u0|altpll_0|sd1|pll7|clk[0] ; u0|altpll_0|sd1|pll7|clk[0] ; 9.259        ; -0.102     ; 49.229     ;
; -39.834 ; Sync:U1|m[3]    ; Sync:U1|R[2] ; u0|altpll_0|sd1|pll7|clk[0] ; u0|altpll_0|sd1|pll7|clk[0] ; 9.259        ; -0.102     ; 48.996     ;
; -39.833 ; Sync:U1|m[3]    ; Sync:U1|R[3] ; u0|altpll_0|sd1|pll7|clk[0] ; u0|altpll_0|sd1|pll7|clk[0] ; 9.259        ; -0.102     ; 48.995     ;
; -39.833 ; Sync:U1|m[3]    ; Sync:U1|R[4] ; u0|altpll_0|sd1|pll7|clk[0] ; u0|altpll_0|sd1|pll7|clk[0] ; 9.259        ; -0.102     ; 48.995     ;
; -39.832 ; Sync:U1|m[3]    ; Sync:U1|R[0] ; u0|altpll_0|sd1|pll7|clk[0] ; u0|altpll_0|sd1|pll7|clk[0] ; 9.259        ; -0.102     ; 48.994     ;
; -39.832 ; Sync:U1|m[3]    ; Sync:U1|R[1] ; u0|altpll_0|sd1|pll7|clk[0] ; u0|altpll_0|sd1|pll7|clk[0] ; 9.259        ; -0.102     ; 48.994     ;
; -39.829 ; Sync:U1|m[3]    ; Sync:U1|R[5] ; u0|altpll_0|sd1|pll7|clk[0] ; u0|altpll_0|sd1|pll7|clk[0] ; 9.259        ; -0.102     ; 48.991     ;
; -39.827 ; Sync:U1|m[3]    ; Sync:U1|R[6] ; u0|altpll_0|sd1|pll7|clk[0] ; u0|altpll_0|sd1|pll7|clk[0] ; 9.259        ; -0.102     ; 48.989     ;
; -39.343 ; Sync:U1|m[3]    ; Sync:U1|R[7] ; u0|altpll_0|sd1|pll7|clk[0] ; u0|altpll_0|sd1|pll7|clk[0] ; 9.259        ; -0.102     ; 48.505     ;
; -33.352 ; Sync:U1|VPOS[2] ; Sync:U1|R[2] ; u0|altpll_0|sd1|pll7|clk[0] ; u0|altpll_0|sd1|pll7|clk[0] ; 9.259        ; -0.116     ; 42.500     ;
; -33.351 ; Sync:U1|VPOS[2] ; Sync:U1|R[3] ; u0|altpll_0|sd1|pll7|clk[0] ; u0|altpll_0|sd1|pll7|clk[0] ; 9.259        ; -0.116     ; 42.499     ;
; -33.351 ; Sync:U1|VPOS[2] ; Sync:U1|R[4] ; u0|altpll_0|sd1|pll7|clk[0] ; u0|altpll_0|sd1|pll7|clk[0] ; 9.259        ; -0.116     ; 42.499     ;
; -33.350 ; Sync:U1|VPOS[2] ; Sync:U1|R[0] ; u0|altpll_0|sd1|pll7|clk[0] ; u0|altpll_0|sd1|pll7|clk[0] ; 9.259        ; -0.116     ; 42.498     ;
; -33.350 ; Sync:U1|VPOS[2] ; Sync:U1|R[1] ; u0|altpll_0|sd1|pll7|clk[0] ; u0|altpll_0|sd1|pll7|clk[0] ; 9.259        ; -0.116     ; 42.498     ;
; -33.347 ; Sync:U1|VPOS[2] ; Sync:U1|R[5] ; u0|altpll_0|sd1|pll7|clk[0] ; u0|altpll_0|sd1|pll7|clk[0] ; 9.259        ; -0.116     ; 42.495     ;
; -33.345 ; Sync:U1|VPOS[2] ; Sync:U1|R[6] ; u0|altpll_0|sd1|pll7|clk[0] ; u0|altpll_0|sd1|pll7|clk[0] ; 9.259        ; -0.116     ; 42.493     ;
; -33.330 ; Sync:U1|VPOS[1] ; Sync:U1|R[2] ; u0|altpll_0|sd1|pll7|clk[0] ; u0|altpll_0|sd1|pll7|clk[0] ; 9.259        ; -0.116     ; 42.478     ;
; -33.329 ; Sync:U1|VPOS[1] ; Sync:U1|R[3] ; u0|altpll_0|sd1|pll7|clk[0] ; u0|altpll_0|sd1|pll7|clk[0] ; 9.259        ; -0.116     ; 42.477     ;
; -33.329 ; Sync:U1|VPOS[1] ; Sync:U1|R[4] ; u0|altpll_0|sd1|pll7|clk[0] ; u0|altpll_0|sd1|pll7|clk[0] ; 9.259        ; -0.116     ; 42.477     ;
; -33.328 ; Sync:U1|VPOS[1] ; Sync:U1|R[0] ; u0|altpll_0|sd1|pll7|clk[0] ; u0|altpll_0|sd1|pll7|clk[0] ; 9.259        ; -0.116     ; 42.476     ;
; -33.328 ; Sync:U1|VPOS[1] ; Sync:U1|R[1] ; u0|altpll_0|sd1|pll7|clk[0] ; u0|altpll_0|sd1|pll7|clk[0] ; 9.259        ; -0.116     ; 42.476     ;
+---------+-----------------+--------------+-----------------------------+-----------------------------+--------------+------------+------------+


+--------------------------------------------------------------------------------------------------------------------------------------------------------+
; Slow 1000mV 85C Model Setup: 'Keyboard:Kb|data_reg[0]'                                                                                                 ;
+--------+--------------------------+-----------------------+-------------------------+-------------------------+--------------+------------+------------+
; Slack  ; From Node                ; To Node               ; Launch Clock            ; Latch Clock             ; Relationship ; Clock Skew ; Data Delay ;
+--------+--------------------------+-----------------------+-------------------------+-------------------------+--------------+------------+------------+
; -9.117 ; Keyboard:Kb|data_reg[13] ; Sync:U1|CONIC_TYPE[0] ; CLK_50                  ; Keyboard:Kb|data_reg[0] ; 0.500        ; 1.912      ; 10.182     ;
; -9.052 ; Keyboard:Kb|data_reg[14] ; Sync:U1|CONIC_TYPE[0] ; CLK_50                  ; Keyboard:Kb|data_reg[0] ; 0.500        ; 1.912      ; 10.117     ;
; -9.018 ; Keyboard:Kb|data_reg[6]  ; Sync:U1|CONIC_TYPE[0] ; CLK_50                  ; Keyboard:Kb|data_reg[0] ; 0.500        ; 1.912      ; 10.083     ;
; -8.989 ; Keyboard:Kb|data_reg[8]  ; Sync:U1|CONIC_TYPE[0] ; CLK_50                  ; Keyboard:Kb|data_reg[0] ; 0.500        ; 1.914      ; 10.056     ;
; -8.982 ; Keyboard:Kb|data_reg[10] ; Sync:U1|CONIC_TYPE[0] ; CLK_50                  ; Keyboard:Kb|data_reg[0] ; 0.500        ; 1.914      ; 10.049     ;
; -8.859 ; Keyboard:Kb|data_reg[13] ; Sync:U1|CONIC_TYPE[0] ; CLK_50                  ; Keyboard:Kb|data_reg[0] ; 1.000        ; 1.670      ; 10.182     ;
; -8.840 ; Keyboard:Kb|data_reg[15] ; Sync:U1|CONIC_TYPE[0] ; CLK_50                  ; Keyboard:Kb|data_reg[0] ; 0.500        ; 1.912      ; 9.905      ;
; -8.816 ; Keyboard:Kb|data_reg[13] ; Sync:U1|CONIC_TYPE[2] ; CLK_50                  ; Keyboard:Kb|data_reg[0] ; 0.500        ; 1.660      ; 9.802      ;
; -8.794 ; Keyboard:Kb|data_reg[14] ; Sync:U1|CONIC_TYPE[0] ; CLK_50                  ; Keyboard:Kb|data_reg[0] ; 1.000        ; 1.670      ; 10.117     ;
; -8.784 ; Keyboard:Kb|data_reg[11] ; Sync:U1|CONIC_TYPE[0] ; CLK_50                  ; Keyboard:Kb|data_reg[0] ; 0.500        ; 1.914      ; 9.851      ;
; -8.760 ; Keyboard:Kb|data_reg[6]  ; Sync:U1|CONIC_TYPE[0] ; CLK_50                  ; Keyboard:Kb|data_reg[0] ; 1.000        ; 1.670      ; 10.083     ;
; -8.731 ; Keyboard:Kb|data_reg[8]  ; Sync:U1|CONIC_TYPE[0] ; CLK_50                  ; Keyboard:Kb|data_reg[0] ; 1.000        ; 1.672      ; 10.056     ;
; -8.724 ; Keyboard:Kb|data_reg[10] ; Sync:U1|CONIC_TYPE[0] ; CLK_50                  ; Keyboard:Kb|data_reg[0] ; 1.000        ; 1.672      ; 10.049     ;
; -8.718 ; Keyboard:Kb|data_reg[14] ; Sync:U1|CONIC_TYPE[2] ; CLK_50                  ; Keyboard:Kb|data_reg[0] ; 0.500        ; 1.660      ; 9.704      ;
; -8.701 ; Keyboard:Kb|data_reg[7]  ; Sync:U1|CONIC_TYPE[0] ; CLK_50                  ; Keyboard:Kb|data_reg[0] ; 0.500        ; 1.912      ; 9.766      ;
; -8.688 ; Keyboard:Kb|data_reg[6]  ; Sync:U1|CONIC_TYPE[2] ; CLK_50                  ; Keyboard:Kb|data_reg[0] ; 0.500        ; 1.660      ; 9.674      ;
; -8.664 ; Keyboard:Kb|data_reg[8]  ; Sync:U1|CONIC_TYPE[2] ; CLK_50                  ; Keyboard:Kb|data_reg[0] ; 0.500        ; 1.662      ; 9.652      ;
; -8.660 ; Keyboard:Kb|data_reg[10] ; Sync:U1|CONIC_TYPE[2] ; CLK_50                  ; Keyboard:Kb|data_reg[0] ; 0.500        ; 1.662      ; 9.648      ;
; -8.659 ; Keyboard:Kb|data_reg[5]  ; Sync:U1|CONIC_TYPE[0] ; CLK_50                  ; Keyboard:Kb|data_reg[0] ; 0.500        ; 1.921      ; 9.733      ;
; -8.634 ; Keyboard:Kb|data_reg[9]  ; Sync:U1|CONIC_TYPE[0] ; CLK_50                  ; Keyboard:Kb|data_reg[0] ; 0.500        ; 1.914      ; 9.701      ;
; -8.582 ; Keyboard:Kb|data_reg[15] ; Sync:U1|CONIC_TYPE[0] ; CLK_50                  ; Keyboard:Kb|data_reg[0] ; 1.000        ; 1.670      ; 9.905      ;
; -8.573 ; Keyboard:Kb|data_reg[2]  ; Sync:U1|CONIC_TYPE[0] ; CLK_50                  ; Keyboard:Kb|data_reg[0] ; 0.500        ; 1.974      ; 9.700      ;
; -8.563 ; Keyboard:Kb|data_reg[5]  ; Sync:U1|CONIC_TYPE[2] ; CLK_50                  ; Keyboard:Kb|data_reg[0] ; 0.500        ; 1.669      ; 9.558      ;
; -8.558 ; Keyboard:Kb|data_reg[13] ; Sync:U1|CONIC_TYPE[2] ; CLK_50                  ; Keyboard:Kb|data_reg[0] ; 1.000        ; 1.418      ; 9.802      ;
; -8.526 ; Keyboard:Kb|data_reg[11] ; Sync:U1|CONIC_TYPE[0] ; CLK_50                  ; Keyboard:Kb|data_reg[0] ; 1.000        ; 1.672      ; 9.851      ;
; -8.471 ; Keyboard:Kb|data_reg[15] ; Sync:U1|CONIC_TYPE[2] ; CLK_50                  ; Keyboard:Kb|data_reg[0] ; 0.500        ; 1.660      ; 9.457      ;
; -8.460 ; Keyboard:Kb|data_reg[14] ; Sync:U1|CONIC_TYPE[2] ; CLK_50                  ; Keyboard:Kb|data_reg[0] ; 1.000        ; 1.418      ; 9.704      ;
; -8.443 ; Keyboard:Kb|data_reg[7]  ; Sync:U1|CONIC_TYPE[0] ; CLK_50                  ; Keyboard:Kb|data_reg[0] ; 1.000        ; 1.670      ; 9.766      ;
; -8.431 ; Keyboard:Kb|data_reg[11] ; Sync:U1|CONIC_TYPE[2] ; CLK_50                  ; Keyboard:Kb|data_reg[0] ; 0.500        ; 1.662      ; 9.419      ;
; -8.430 ; Keyboard:Kb|data_reg[6]  ; Sync:U1|CONIC_TYPE[2] ; CLK_50                  ; Keyboard:Kb|data_reg[0] ; 1.000        ; 1.418      ; 9.674      ;
; -8.406 ; Keyboard:Kb|data_reg[8]  ; Sync:U1|CONIC_TYPE[2] ; CLK_50                  ; Keyboard:Kb|data_reg[0] ; 1.000        ; 1.420      ; 9.652      ;
; -8.402 ; Keyboard:Kb|data_reg[10] ; Sync:U1|CONIC_TYPE[2] ; CLK_50                  ; Keyboard:Kb|data_reg[0] ; 1.000        ; 1.420      ; 9.648      ;
; -8.401 ; Keyboard:Kb|data_reg[5]  ; Sync:U1|CONIC_TYPE[0] ; CLK_50                  ; Keyboard:Kb|data_reg[0] ; 1.000        ; 1.679      ; 9.733      ;
; -8.399 ; Keyboard:Kb|data_reg[2]  ; Sync:U1|CONIC_TYPE[2] ; CLK_50                  ; Keyboard:Kb|data_reg[0] ; 0.500        ; 1.722      ; 9.447      ;
; -8.376 ; Keyboard:Kb|data_reg[9]  ; Sync:U1|CONIC_TYPE[0] ; CLK_50                  ; Keyboard:Kb|data_reg[0] ; 1.000        ; 1.672      ; 9.701      ;
; -8.374 ; Keyboard:Kb|data_reg[14] ; Sync:U1|CONIC_TYPE[1] ; CLK_50                  ; Keyboard:Kb|data_reg[0] ; 0.500        ; 1.692      ; 9.438      ;
; -8.344 ; Keyboard:Kb|data_reg[6]  ; Sync:U1|CONIC_TYPE[1] ; CLK_50                  ; Keyboard:Kb|data_reg[0] ; 0.500        ; 1.692      ; 9.408      ;
; -8.330 ; Keyboard:Kb|data_reg[7]  ; Sync:U1|CONIC_TYPE[2] ; CLK_50                  ; Keyboard:Kb|data_reg[0] ; 0.500        ; 1.660      ; 9.316      ;
; -8.315 ; Keyboard:Kb|data_reg[2]  ; Sync:U1|CONIC_TYPE[0] ; CLK_50                  ; Keyboard:Kb|data_reg[0] ; 1.000        ; 1.732      ; 9.700      ;
; -8.305 ; Keyboard:Kb|data_reg[5]  ; Sync:U1|CONIC_TYPE[2] ; CLK_50                  ; Keyboard:Kb|data_reg[0] ; 1.000        ; 1.427      ; 9.558      ;
; -8.280 ; Keyboard:Kb|data_reg[9]  ; Sync:U1|CONIC_TYPE[2] ; CLK_50                  ; Keyboard:Kb|data_reg[0] ; 0.500        ; 1.662      ; 9.268      ;
; -8.255 ; Keyboard:Kb|data_reg[4]  ; Sync:U1|CONIC_TYPE[0] ; CLK_50                  ; Keyboard:Kb|data_reg[0] ; 0.500        ; 1.974      ; 9.382      ;
; -8.254 ; Keyboard:Kb|data_reg[1]  ; Sync:U1|CONIC_TYPE[0] ; CLK_50                  ; Keyboard:Kb|data_reg[0] ; 0.500        ; 1.974      ; 9.381      ;
; -8.213 ; Keyboard:Kb|data_reg[15] ; Sync:U1|CONIC_TYPE[2] ; CLK_50                  ; Keyboard:Kb|data_reg[0] ; 1.000        ; 1.418      ; 9.457      ;
; -8.176 ; Keyboard:Kb|data_reg[13] ; Sync:U1|CONIC_TYPE[1] ; CLK_50                  ; Keyboard:Kb|data_reg[0] ; 0.500        ; 1.692      ; 9.240      ;
; -8.173 ; Keyboard:Kb|data_reg[11] ; Sync:U1|CONIC_TYPE[2] ; CLK_50                  ; Keyboard:Kb|data_reg[0] ; 1.000        ; 1.420      ; 9.419      ;
; -8.141 ; Keyboard:Kb|data_reg[2]  ; Sync:U1|CONIC_TYPE[2] ; CLK_50                  ; Keyboard:Kb|data_reg[0] ; 1.000        ; 1.480      ; 9.447      ;
; -8.135 ; Keyboard:Kb|data_reg[3]  ; Sync:U1|CONIC_TYPE[0] ; CLK_50                  ; Keyboard:Kb|data_reg[0] ; 0.500        ; 1.974      ; 9.262      ;
; -8.127 ; Keyboard:Kb|data_reg[15] ; Sync:U1|CONIC_TYPE[1] ; CLK_50                  ; Keyboard:Kb|data_reg[0] ; 0.500        ; 1.692      ; 9.191      ;
; -8.116 ; Keyboard:Kb|data_reg[14] ; Sync:U1|CONIC_TYPE[1] ; CLK_50                  ; Keyboard:Kb|data_reg[0] ; 1.000        ; 1.450      ; 9.438      ;
; -8.086 ; Keyboard:Kb|data_reg[6]  ; Sync:U1|CONIC_TYPE[1] ; CLK_50                  ; Keyboard:Kb|data_reg[0] ; 1.000        ; 1.450      ; 9.408      ;
; -8.077 ; Keyboard:Kb|data_reg[1]  ; Sync:U1|CONIC_TYPE[2] ; CLK_50                  ; Keyboard:Kb|data_reg[0] ; 0.500        ; 1.722      ; 9.125      ;
; -8.072 ; Keyboard:Kb|data_reg[7]  ; Sync:U1|CONIC_TYPE[2] ; CLK_50                  ; Keyboard:Kb|data_reg[0] ; 1.000        ; 1.418      ; 9.316      ;
; -8.067 ; Keyboard:Kb|data_reg[8]  ; Sync:U1|CONIC_TYPE[1] ; CLK_50                  ; Keyboard:Kb|data_reg[0] ; 0.500        ; 1.694      ; 9.133      ;
; -8.063 ; Keyboard:Kb|data_reg[10] ; Sync:U1|CONIC_TYPE[1] ; CLK_50                  ; Keyboard:Kb|data_reg[0] ; 0.500        ; 1.694      ; 9.129      ;
; -8.022 ; Keyboard:Kb|data_reg[9]  ; Sync:U1|CONIC_TYPE[2] ; CLK_50                  ; Keyboard:Kb|data_reg[0] ; 1.000        ; 1.420      ; 9.268      ;
; -8.014 ; Keyboard:Kb|data_reg[12] ; Sync:U1|CONIC_TYPE[0] ; CLK_50                  ; Keyboard:Kb|data_reg[0] ; 0.500        ; 1.974      ; 9.141      ;
; -7.997 ; Keyboard:Kb|data_reg[4]  ; Sync:U1|CONIC_TYPE[0] ; CLK_50                  ; Keyboard:Kb|data_reg[0] ; 1.000        ; 1.732      ; 9.382      ;
; -7.996 ; Keyboard:Kb|data_reg[1]  ; Sync:U1|CONIC_TYPE[0] ; CLK_50                  ; Keyboard:Kb|data_reg[0] ; 1.000        ; 1.732      ; 9.381      ;
; -7.986 ; Keyboard:Kb|data_reg[7]  ; Sync:U1|CONIC_TYPE[1] ; CLK_50                  ; Keyboard:Kb|data_reg[0] ; 0.500        ; 1.692      ; 9.050      ;
; -7.918 ; Keyboard:Kb|data_reg[13] ; Sync:U1|CONIC_TYPE[1] ; CLK_50                  ; Keyboard:Kb|data_reg[0] ; 1.000        ; 1.450      ; 9.240      ;
; -7.914 ; Keyboard:Kb|data_reg[4]  ; Sync:U1|CONIC_TYPE[2] ; CLK_50                  ; Keyboard:Kb|data_reg[0] ; 0.500        ; 1.722      ; 8.962      ;
; -7.877 ; Keyboard:Kb|data_reg[3]  ; Sync:U1|CONIC_TYPE[0] ; CLK_50                  ; Keyboard:Kb|data_reg[0] ; 1.000        ; 1.732      ; 9.262      ;
; -7.869 ; Keyboard:Kb|data_reg[15] ; Sync:U1|CONIC_TYPE[1] ; CLK_50                  ; Keyboard:Kb|data_reg[0] ; 1.000        ; 1.450      ; 9.191      ;
; -7.834 ; Keyboard:Kb|data_reg[11] ; Sync:U1|CONIC_TYPE[1] ; CLK_50                  ; Keyboard:Kb|data_reg[0] ; 0.500        ; 1.694      ; 8.900      ;
; -7.819 ; Keyboard:Kb|data_reg[1]  ; Sync:U1|CONIC_TYPE[2] ; CLK_50                  ; Keyboard:Kb|data_reg[0] ; 1.000        ; 1.480      ; 9.125      ;
; -7.809 ; Keyboard:Kb|data_reg[8]  ; Sync:U1|CONIC_TYPE[1] ; CLK_50                  ; Keyboard:Kb|data_reg[0] ; 1.000        ; 1.452      ; 9.133      ;
; -7.809 ; Keyboard:Kb|data_reg[12] ; Sync:U1|CONIC_TYPE[2] ; CLK_50                  ; Keyboard:Kb|data_reg[0] ; 0.500        ; 1.722      ; 8.857      ;
; -7.805 ; Keyboard:Kb|data_reg[10] ; Sync:U1|CONIC_TYPE[1] ; CLK_50                  ; Keyboard:Kb|data_reg[0] ; 1.000        ; 1.452      ; 9.129      ;
; -7.805 ; Keyboard:Kb|data_reg[3]  ; Sync:U1|CONIC_TYPE[2] ; CLK_50                  ; Keyboard:Kb|data_reg[0] ; 0.500        ; 1.722      ; 8.853      ;
; -7.759 ; Keyboard:Kb|data_reg[2]  ; Sync:U1|CONIC_TYPE[1] ; CLK_50                  ; Keyboard:Kb|data_reg[0] ; 0.500        ; 1.754      ; 8.885      ;
; -7.756 ; Keyboard:Kb|data_reg[12] ; Sync:U1|CONIC_TYPE[0] ; CLK_50                  ; Keyboard:Kb|data_reg[0] ; 1.000        ; 1.732      ; 9.141      ;
; -7.733 ; Keyboard:Kb|data_reg[1]  ; Sync:U1|CONIC_TYPE[1] ; CLK_50                  ; Keyboard:Kb|data_reg[0] ; 0.500        ; 1.754      ; 8.859      ;
; -7.728 ; Keyboard:Kb|data_reg[7]  ; Sync:U1|CONIC_TYPE[1] ; CLK_50                  ; Keyboard:Kb|data_reg[0] ; 1.000        ; 1.450      ; 9.050      ;
; -7.683 ; Keyboard:Kb|data_reg[9]  ; Sync:U1|CONIC_TYPE[1] ; CLK_50                  ; Keyboard:Kb|data_reg[0] ; 0.500        ; 1.694      ; 8.749      ;
; -7.656 ; Keyboard:Kb|data_reg[4]  ; Sync:U1|CONIC_TYPE[2] ; CLK_50                  ; Keyboard:Kb|data_reg[0] ; 1.000        ; 1.480      ; 8.962      ;
; -7.576 ; Keyboard:Kb|data_reg[11] ; Sync:U1|CONIC_TYPE[1] ; CLK_50                  ; Keyboard:Kb|data_reg[0] ; 1.000        ; 1.452      ; 8.900      ;
; -7.551 ; Keyboard:Kb|data_reg[12] ; Sync:U1|CONIC_TYPE[2] ; CLK_50                  ; Keyboard:Kb|data_reg[0] ; 1.000        ; 1.480      ; 8.857      ;
; -7.547 ; Keyboard:Kb|data_reg[3]  ; Sync:U1|CONIC_TYPE[2] ; CLK_50                  ; Keyboard:Kb|data_reg[0] ; 1.000        ; 1.480      ; 8.853      ;
; -7.501 ; Keyboard:Kb|data_reg[2]  ; Sync:U1|CONIC_TYPE[1] ; CLK_50                  ; Keyboard:Kb|data_reg[0] ; 1.000        ; 1.512      ; 8.885      ;
; -7.475 ; Keyboard:Kb|data_reg[1]  ; Sync:U1|CONIC_TYPE[1] ; CLK_50                  ; Keyboard:Kb|data_reg[0] ; 1.000        ; 1.512      ; 8.859      ;
; -7.465 ; Keyboard:Kb|data_reg[12] ; Sync:U1|CONIC_TYPE[1] ; CLK_50                  ; Keyboard:Kb|data_reg[0] ; 0.500        ; 1.754      ; 8.591      ;
; -7.425 ; Keyboard:Kb|data_reg[9]  ; Sync:U1|CONIC_TYPE[1] ; CLK_50                  ; Keyboard:Kb|data_reg[0] ; 1.000        ; 1.452      ; 8.749      ;
; -7.207 ; Keyboard:Kb|data_reg[12] ; Sync:U1|CONIC_TYPE[1] ; CLK_50                  ; Keyboard:Kb|data_reg[0] ; 1.000        ; 1.512      ; 8.591      ;
; -7.057 ; Keyboard:Kb|data_reg[5]  ; Sync:U1|CONIC_TYPE[1] ; CLK_50                  ; Keyboard:Kb|data_reg[0] ; 0.500        ; 1.701      ; 8.130      ;
; -6.799 ; Keyboard:Kb|data_reg[5]  ; Sync:U1|CONIC_TYPE[1] ; CLK_50                  ; Keyboard:Kb|data_reg[0] ; 1.000        ; 1.459      ; 8.130      ;
; -6.606 ; Keyboard:Kb|data_reg[3]  ; Sync:U1|CONIC_TYPE[1] ; CLK_50                  ; Keyboard:Kb|data_reg[0] ; 0.500        ; 1.754      ; 7.732      ;
; -6.348 ; Keyboard:Kb|data_reg[3]  ; Sync:U1|CONIC_TYPE[1] ; CLK_50                  ; Keyboard:Kb|data_reg[0] ; 1.000        ; 1.512      ; 7.732      ;
; -6.187 ; Keyboard:Kb|data_reg[4]  ; Sync:U1|CONIC_TYPE[1] ; CLK_50                  ; Keyboard:Kb|data_reg[0] ; 0.500        ; 1.754      ; 7.313      ;
; -5.929 ; Keyboard:Kb|data_reg[4]  ; Sync:U1|CONIC_TYPE[1] ; CLK_50                  ; Keyboard:Kb|data_reg[0] ; 1.000        ; 1.512      ; 7.313      ;
; -3.140 ; Keyboard:Kb|data_reg[0]  ; Sync:U1|CONIC_TYPE[0] ; Keyboard:Kb|data_reg[0] ; Keyboard:Kb|data_reg[0] ; 0.500        ; 5.891      ; 8.504      ;
; -3.059 ; Keyboard:Kb|data_reg[0]  ; Sync:U1|CONIC_TYPE[2] ; Keyboard:Kb|data_reg[0] ; Keyboard:Kb|data_reg[0] ; 0.500        ; 5.639      ; 8.344      ;
; -2.957 ; Keyboard:Kb|data_reg[0]  ; Sync:U1|CONIC_TYPE[0] ; Keyboard:Kb|data_reg[0] ; Keyboard:Kb|data_reg[0] ; 0.500        ; 6.133      ; 8.563      ;
; -2.932 ; Keyboard:Kb|data_reg[0]  ; Sync:U1|CONIC_TYPE[2] ; Keyboard:Kb|data_reg[0] ; Keyboard:Kb|data_reg[0] ; 0.500        ; 5.881      ; 8.459      ;
; -2.767 ; Keyboard:Kb|data_reg[0]  ; Sync:U1|CONIC_TYPE[1] ; Keyboard:Kb|data_reg[0] ; Keyboard:Kb|data_reg[0] ; 0.500        ; 5.671      ; 8.130      ;
; -2.699 ; Keyboard:Kb|data_reg[0]  ; Sync:U1|CONIC_TYPE[0] ; Keyboard:Kb|data_reg[0] ; Keyboard:Kb|data_reg[0] ; 1.000        ; 5.891      ; 8.563      ;
; -2.674 ; Keyboard:Kb|data_reg[0]  ; Sync:U1|CONIC_TYPE[2] ; Keyboard:Kb|data_reg[0] ; Keyboard:Kb|data_reg[0] ; 1.000        ; 5.639      ; 8.459      ;
; -2.588 ; Keyboard:Kb|data_reg[0]  ; Sync:U1|CONIC_TYPE[1] ; Keyboard:Kb|data_reg[0] ; Keyboard:Kb|data_reg[0] ; 0.500        ; 5.913      ; 8.193      ;
; -2.398 ; Keyboard:Kb|data_reg[0]  ; Sync:U1|CONIC_TYPE[0] ; Keyboard:Kb|data_reg[0] ; Keyboard:Kb|data_reg[0] ; 1.000        ; 6.133      ; 8.504      ;
; -2.330 ; Keyboard:Kb|data_reg[0]  ; Sync:U1|CONIC_TYPE[1] ; Keyboard:Kb|data_reg[0] ; Keyboard:Kb|data_reg[0] ; 1.000        ; 5.671      ; 8.193      ;
+--------+--------------------------+-----------------------+-------------------------+-------------------------+--------------+------------+------------+


+----------------------------------------------------------------------------------------------------------------------------------------------------------------+
; Slow 1000mV 85C Model Setup: 'LCD:lcdCtrl|CLK_DLY'                                                                                                             ;
+--------+--------------------------------+-----------------------------+-------------------------+---------------------+--------------+------------+------------+
; Slack  ; From Node                      ; To Node                     ; Launch Clock            ; Latch Clock         ; Relationship ; Clock Skew ; Data Delay ;
+--------+--------------------------------+-----------------------------+-------------------------+---------------------+--------------+------------+------------+
; -6.600 ; Sync:U1|CONIC_TYPE[0]          ; LCD:lcdCtrl|Data[1]         ; Keyboard:Kb|data_reg[0] ; LCD:lcdCtrl|CLK_DLY ; 0.500        ; -3.344     ; 3.761      ;
; -6.580 ; Sync:U1|CONIC_TYPE[1]          ; LCD:lcdCtrl|Data[0]         ; Keyboard:Kb|data_reg[0] ; LCD:lcdCtrl|CLK_DLY ; 0.500        ; -3.115     ; 3.970      ;
; -6.532 ; Sync:U1|CONIC_TYPE[1]          ; LCD:lcdCtrl|Data[1]         ; Keyboard:Kb|data_reg[0] ; LCD:lcdCtrl|CLK_DLY ; 0.500        ; -3.115     ; 3.922      ;
; -6.496 ; Sync:U1|CONIC_TYPE[0]          ; LCD:lcdCtrl|Data[0]         ; Keyboard:Kb|data_reg[0] ; LCD:lcdCtrl|CLK_DLY ; 0.500        ; -3.344     ; 3.657      ;
; -6.457 ; Sync:U1|CONIC_TYPE[0]          ; LCD:lcdCtrl|Data[4]         ; Keyboard:Kb|data_reg[0] ; LCD:lcdCtrl|CLK_DLY ; 0.500        ; -3.343     ; 3.619      ;
; -6.354 ; Sync:U1|CONIC_TYPE[1]          ; LCD:lcdCtrl|Data[2]         ; Keyboard:Kb|data_reg[0] ; LCD:lcdCtrl|CLK_DLY ; 0.500        ; -3.117     ; 3.742      ;
; -6.324 ; Sync:U1|CONIC_TYPE[2]          ; LCD:lcdCtrl|Data[1]         ; Keyboard:Kb|data_reg[0] ; LCD:lcdCtrl|CLK_DLY ; 0.500        ; -3.081     ; 3.748      ;
; -6.272 ; Sync:U1|CONIC_TYPE[0]          ; LCD:lcdCtrl|Data[3]         ; Keyboard:Kb|data_reg[0] ; LCD:lcdCtrl|CLK_DLY ; 0.500        ; -3.347     ; 3.430      ;
; -6.256 ; Sync:U1|CONIC_TYPE[0]          ; LCD:lcdCtrl|Data[7]         ; Keyboard:Kb|data_reg[0] ; LCD:lcdCtrl|CLK_DLY ; 0.500        ; -3.343     ; 3.418      ;
; -6.218 ; Sync:U1|CONIC_TYPE[0]          ; LCD:lcdCtrl|Data[2]         ; Keyboard:Kb|data_reg[0] ; LCD:lcdCtrl|CLK_DLY ; 0.500        ; -3.346     ; 3.377      ;
; -6.215 ; Sync:U1|CONIC_TYPE[0]          ; LCD:lcdCtrl|Data[1]         ; Keyboard:Kb|data_reg[0] ; LCD:lcdCtrl|CLK_DLY ; 1.000        ; -3.459     ; 3.761      ;
; -6.195 ; Sync:U1|CONIC_TYPE[1]          ; LCD:lcdCtrl|Data[0]         ; Keyboard:Kb|data_reg[0] ; LCD:lcdCtrl|CLK_DLY ; 1.000        ; -3.230     ; 3.970      ;
; -6.154 ; Sync:U1|CONIC_TYPE[1]          ; LCD:lcdCtrl|Data[3]         ; Keyboard:Kb|data_reg[0] ; LCD:lcdCtrl|CLK_DLY ; 0.500        ; -3.118     ; 3.541      ;
; -6.149 ; Sync:U1|CONIC_TYPE[2]          ; LCD:lcdCtrl|Data[2]         ; Keyboard:Kb|data_reg[0] ; LCD:lcdCtrl|CLK_DLY ; 0.500        ; -3.083     ; 3.571      ;
; -6.147 ; Sync:U1|CONIC_TYPE[1]          ; LCD:lcdCtrl|Data[1]         ; Keyboard:Kb|data_reg[0] ; LCD:lcdCtrl|CLK_DLY ; 1.000        ; -3.230     ; 3.922      ;
; -6.126 ; Sync:U1|CONIC_TYPE[2]          ; LCD:lcdCtrl|Data[7]         ; Keyboard:Kb|data_reg[0] ; LCD:lcdCtrl|CLK_DLY ; 0.500        ; -3.080     ; 3.551      ;
; -6.111 ; Sync:U1|CONIC_TYPE[0]          ; LCD:lcdCtrl|Data[0]         ; Keyboard:Kb|data_reg[0] ; LCD:lcdCtrl|CLK_DLY ; 1.000        ; -3.459     ; 3.657      ;
; -6.101 ; Sync:U1|CONIC_TYPE[2]          ; LCD:lcdCtrl|Data[0]         ; Keyboard:Kb|data_reg[0] ; LCD:lcdCtrl|CLK_DLY ; 0.500        ; -3.081     ; 3.525      ;
; -6.072 ; Sync:U1|CONIC_TYPE[0]          ; LCD:lcdCtrl|Data[4]         ; Keyboard:Kb|data_reg[0] ; LCD:lcdCtrl|CLK_DLY ; 1.000        ; -3.458     ; 3.619      ;
; -6.050 ; Sync:U1|CONIC_TYPE[0]          ; LCD:lcdCtrl|Data[5]         ; Keyboard:Kb|data_reg[0] ; LCD:lcdCtrl|CLK_DLY ; 0.500        ; -3.343     ; 3.212      ;
; -5.969 ; Sync:U1|CONIC_TYPE[1]          ; LCD:lcdCtrl|Data[2]         ; Keyboard:Kb|data_reg[0] ; LCD:lcdCtrl|CLK_DLY ; 1.000        ; -3.232     ; 3.742      ;
; -5.955 ; Sync:U1|CONIC_TYPE[1]          ; LCD:lcdCtrl|Data[7]         ; Keyboard:Kb|data_reg[0] ; LCD:lcdCtrl|CLK_DLY ; 0.500        ; -3.114     ; 3.346      ;
; -5.951 ; Sync:U1|CONIC_TYPE[1]          ; LCD:lcdCtrl|Data[4]         ; Keyboard:Kb|data_reg[0] ; LCD:lcdCtrl|CLK_DLY ; 0.500        ; -3.114     ; 3.342      ;
; -5.939 ; Sync:U1|CONIC_TYPE[2]          ; LCD:lcdCtrl|Data[1]         ; Keyboard:Kb|data_reg[0] ; LCD:lcdCtrl|CLK_DLY ; 1.000        ; -3.196     ; 3.748      ;
; -5.926 ; Sync:U1|CONIC_TYPE[2]          ; LCD:lcdCtrl|Data[3]         ; Keyboard:Kb|data_reg[0] ; LCD:lcdCtrl|CLK_DLY ; 0.500        ; -3.084     ; 3.347      ;
; -5.905 ; Sync:U1|CONIC_TYPE[2]          ; LCD:lcdCtrl|Data[4]         ; Keyboard:Kb|data_reg[0] ; LCD:lcdCtrl|CLK_DLY ; 0.500        ; -3.080     ; 3.330      ;
; -5.887 ; Sync:U1|CONIC_TYPE[0]          ; LCD:lcdCtrl|Data[3]         ; Keyboard:Kb|data_reg[0] ; LCD:lcdCtrl|CLK_DLY ; 1.000        ; -3.462     ; 3.430      ;
; -5.871 ; Sync:U1|CONIC_TYPE[0]          ; LCD:lcdCtrl|Data[7]         ; Keyboard:Kb|data_reg[0] ; LCD:lcdCtrl|CLK_DLY ; 1.000        ; -3.458     ; 3.418      ;
; -5.833 ; Sync:U1|CONIC_TYPE[0]          ; LCD:lcdCtrl|Data[2]         ; Keyboard:Kb|data_reg[0] ; LCD:lcdCtrl|CLK_DLY ; 1.000        ; -3.461     ; 3.377      ;
; -5.769 ; Sync:U1|CONIC_TYPE[1]          ; LCD:lcdCtrl|Data[3]         ; Keyboard:Kb|data_reg[0] ; LCD:lcdCtrl|CLK_DLY ; 1.000        ; -3.233     ; 3.541      ;
; -5.764 ; Sync:U1|CONIC_TYPE[2]          ; LCD:lcdCtrl|Data[2]         ; Keyboard:Kb|data_reg[0] ; LCD:lcdCtrl|CLK_DLY ; 1.000        ; -3.198     ; 3.571      ;
; -5.741 ; Sync:U1|CONIC_TYPE[2]          ; LCD:lcdCtrl|Data[7]         ; Keyboard:Kb|data_reg[0] ; LCD:lcdCtrl|CLK_DLY ; 1.000        ; -3.195     ; 3.551      ;
; -5.716 ; Sync:U1|CONIC_TYPE[2]          ; LCD:lcdCtrl|Data[0]         ; Keyboard:Kb|data_reg[0] ; LCD:lcdCtrl|CLK_DLY ; 1.000        ; -3.196     ; 3.525      ;
; -5.665 ; Sync:U1|CONIC_TYPE[0]          ; LCD:lcdCtrl|Data[5]         ; Keyboard:Kb|data_reg[0] ; LCD:lcdCtrl|CLK_DLY ; 1.000        ; -3.458     ; 3.212      ;
; -5.570 ; Sync:U1|CONIC_TYPE[1]          ; LCD:lcdCtrl|Data[7]         ; Keyboard:Kb|data_reg[0] ; LCD:lcdCtrl|CLK_DLY ; 1.000        ; -3.229     ; 3.346      ;
; -5.566 ; Sync:U1|CONIC_TYPE[1]          ; LCD:lcdCtrl|Data[4]         ; Keyboard:Kb|data_reg[0] ; LCD:lcdCtrl|CLK_DLY ; 1.000        ; -3.229     ; 3.342      ;
; -5.543 ; Sync:U1|CONIC_TYPE[1]          ; LCD:lcdCtrl|Data[5]         ; Keyboard:Kb|data_reg[0] ; LCD:lcdCtrl|CLK_DLY ; 0.500        ; -3.114     ; 2.934      ;
; -5.541 ; Sync:U1|CONIC_TYPE[2]          ; LCD:lcdCtrl|Data[3]         ; Keyboard:Kb|data_reg[0] ; LCD:lcdCtrl|CLK_DLY ; 1.000        ; -3.199     ; 3.347      ;
; -5.520 ; Sync:U1|CONIC_TYPE[2]          ; LCD:lcdCtrl|Data[4]         ; Keyboard:Kb|data_reg[0] ; LCD:lcdCtrl|CLK_DLY ; 1.000        ; -3.195     ; 3.330      ;
; -5.158 ; Sync:U1|CONIC_TYPE[1]          ; LCD:lcdCtrl|Data[5]         ; Keyboard:Kb|data_reg[0] ; LCD:lcdCtrl|CLK_DLY ; 1.000        ; -3.229     ; 2.934      ;
; -5.102 ; Sync:U1|CONIC_TYPE[2]          ; LCD:lcdCtrl|Data[5]         ; Keyboard:Kb|data_reg[0] ; LCD:lcdCtrl|CLK_DLY ; 0.500        ; -3.080     ; 2.527      ;
; -4.717 ; Sync:U1|CONIC_TYPE[2]          ; LCD:lcdCtrl|Data[5]         ; Keyboard:Kb|data_reg[0] ; LCD:lcdCtrl|CLK_DLY ; 1.000        ; -3.195     ; 2.527      ;
; -3.583 ; LCD:lcdCtrl|CNT2[1]            ; LCD:lcdCtrl|Data[3]         ; LCD:lcdCtrl|CLK_DLY     ; LCD:lcdCtrl|CLK_DLY ; 1.000        ; -0.100     ; 4.488      ;
; -3.567 ; LCD:lcdCtrl|CNT2[3]            ; LCD:lcdCtrl|Data[3]         ; LCD:lcdCtrl|CLK_DLY     ; LCD:lcdCtrl|CLK_DLY ; 1.000        ; -0.100     ; 4.472      ;
; -3.523 ; LCD:lcdCtrl|CurrentState.ASK1  ; LCD:lcdCtrl|Data[3]         ; CLK_50                  ; LCD:lcdCtrl|CLK_DLY ; 1.000        ; -0.475     ; 4.043      ;
; -3.445 ; LCD:lcdCtrl|CurrentState.ASK3  ; LCD:lcdCtrl|Data[3]         ; CLK_50                  ; LCD:lcdCtrl|CLK_DLY ; 1.000        ; -0.475     ; 3.965      ;
; -3.385 ; LCD:lcdCtrl|CurrentState.ENTRY ; LCD:lcdCtrl|E               ; CLK_50                  ; LCD:lcdCtrl|CLK_DLY ; 1.000        ; -0.473     ; 3.907      ;
; -3.385 ; LCD:lcdCtrl|CurrentState.ENTRY ; LCD:lcdCtrl|EN              ; CLK_50                  ; LCD:lcdCtrl|CLK_DLY ; 1.000        ; -0.473     ; 3.907      ;
; -3.378 ; LCD:lcdCtrl|CNT2[0]            ; LCD:lcdCtrl|Data[3]         ; LCD:lcdCtrl|CLK_DLY     ; LCD:lcdCtrl|CLK_DLY ; 1.000        ; -0.100     ; 4.283      ;
; -3.363 ; LCD:lcdCtrl|CurrentState.L2    ; LCD:lcdCtrl|E               ; CLK_50                  ; LCD:lcdCtrl|CLK_DLY ; 1.000        ; -0.473     ; 3.885      ;
; -3.363 ; LCD:lcdCtrl|CurrentState.L2    ; LCD:lcdCtrl|EN              ; CLK_50                  ; LCD:lcdCtrl|CLK_DLY ; 1.000        ; -0.473     ; 3.885      ;
; -3.359 ; LCD:lcdCtrl|CurrentState.ASK1  ; LCD:lcdCtrl|Data[0]         ; CLK_50                  ; LCD:lcdCtrl|CLK_DLY ; 1.000        ; -0.472     ; 3.882      ;
; -3.328 ; LCD:lcdCtrl|CNT2[1]            ; LCD:lcdCtrl|Data[0]         ; LCD:lcdCtrl|CLK_DLY     ; LCD:lcdCtrl|CLK_DLY ; 1.000        ; -0.097     ; 4.236      ;
; -3.312 ; LCD:lcdCtrl|CNT2[3]            ; LCD:lcdCtrl|Data[0]         ; LCD:lcdCtrl|CLK_DLY     ; LCD:lcdCtrl|CLK_DLY ; 1.000        ; -0.097     ; 4.220      ;
; -3.297 ; LCD:lcdCtrl|CurrentState.MSG1  ; LCD:lcdCtrl|NextState.L2    ; CLK_50                  ; LCD:lcdCtrl|CLK_DLY ; 1.000        ; -0.475     ; 3.817      ;
; -3.281 ; LCD:lcdCtrl|CurrentState.ASK3  ; LCD:lcdCtrl|Data[0]         ; CLK_50                  ; LCD:lcdCtrl|CLK_DLY ; 1.000        ; -0.472     ; 3.804      ;
; -3.271 ; LCD:lcdCtrl|CurrentState.ASK2  ; LCD:lcdCtrl|Data[3]         ; CLK_50                  ; LCD:lcdCtrl|CLK_DLY ; 1.000        ; -0.477     ; 3.789      ;
; -3.268 ; LCD:lcdCtrl|CurrentState.ENTRY ; LCD:lcdCtrl|NextState.ENTRY ; CLK_50                  ; LCD:lcdCtrl|CLK_DLY ; 1.000        ; -0.472     ; 3.791      ;
; -3.267 ; LCD:lcdCtrl|CNT2[1]            ; LCD:lcdCtrl|Data[1]         ; LCD:lcdCtrl|CLK_DLY     ; LCD:lcdCtrl|CLK_DLY ; 1.000        ; -0.097     ; 4.175      ;
; -3.264 ; LCD:lcdCtrl|CurrentState.ASK1  ; LCD:lcdCtrl|E               ; CLK_50                  ; LCD:lcdCtrl|CLK_DLY ; 1.000        ; -0.475     ; 3.784      ;
; -3.264 ; LCD:lcdCtrl|CurrentState.ASK1  ; LCD:lcdCtrl|EN              ; CLK_50                  ; LCD:lcdCtrl|CLK_DLY ; 1.000        ; -0.475     ; 3.784      ;
; -3.261 ; LCD:lcdCtrl|CurrentState.ENTRY ; LCD:lcdCtrl|NextState.ASK3  ; CLK_50                  ; LCD:lcdCtrl|CLK_DLY ; 1.000        ; -0.470     ; 3.786      ;
; -3.246 ; LCD:lcdCtrl|CurrentState.L2    ; LCD:lcdCtrl|NextState.ENTRY ; CLK_50                  ; LCD:lcdCtrl|CLK_DLY ; 1.000        ; -0.472     ; 3.769      ;
; -3.239 ; LCD:lcdCtrl|CurrentState.L2    ; LCD:lcdCtrl|NextState.ASK3  ; CLK_50                  ; LCD:lcdCtrl|CLK_DLY ; 1.000        ; -0.470     ; 3.764      ;
; -3.218 ; LCD:lcdCtrl|CurrentState.MSG2  ; LCD:lcdCtrl|E               ; CLK_50                  ; LCD:lcdCtrl|CLK_DLY ; 1.000        ; -0.476     ; 3.737      ;
; -3.218 ; LCD:lcdCtrl|CurrentState.MSG2  ; LCD:lcdCtrl|EN              ; CLK_50                  ; LCD:lcdCtrl|CLK_DLY ; 1.000        ; -0.476     ; 3.737      ;
; -3.214 ; LCD:lcdCtrl|CNT2[1]            ; LCD:lcdCtrl|Data[7]         ; LCD:lcdCtrl|CLK_DLY     ; LCD:lcdCtrl|CLK_DLY ; 1.000        ; -0.096     ; 4.123      ;
; -3.214 ; LCD:lcdCtrl|CNT2[2]            ; LCD:lcdCtrl|Data[3]         ; LCD:lcdCtrl|CLK_DLY     ; LCD:lcdCtrl|CLK_DLY ; 1.000        ; -0.100     ; 4.119      ;
; -3.212 ; LCD:lcdCtrl|CurrentState.D_OFF ; LCD:lcdCtrl|E               ; CLK_50                  ; LCD:lcdCtrl|CLK_DLY ; 1.000        ; -0.475     ; 3.732      ;
; -3.212 ; LCD:lcdCtrl|CurrentState.D_OFF ; LCD:lcdCtrl|EN              ; CLK_50                  ; LCD:lcdCtrl|CLK_DLY ; 1.000        ; -0.475     ; 3.732      ;
; -3.200 ; LCD:lcdCtrl|CNT2[1]            ; LCD:lcdCtrl|Data[2]         ; LCD:lcdCtrl|CLK_DLY     ; LCD:lcdCtrl|CLK_DLY ; 1.000        ; -0.099     ; 4.106      ;
; -3.198 ; LCD:lcdCtrl|CNT2[3]            ; LCD:lcdCtrl|Data[7]         ; LCD:lcdCtrl|CLK_DLY     ; LCD:lcdCtrl|CLK_DLY ; 1.000        ; -0.096     ; 4.107      ;
; -3.194 ; LCD:lcdCtrl|CurrentState.L1    ; LCD:lcdCtrl|E               ; CLK_50                  ; LCD:lcdCtrl|CLK_DLY ; 1.000        ; -0.475     ; 3.714      ;
; -3.194 ; LCD:lcdCtrl|CurrentState.L1    ; LCD:lcdCtrl|EN              ; CLK_50                  ; LCD:lcdCtrl|CLK_DLY ; 1.000        ; -0.475     ; 3.714      ;
; -3.193 ; LCD:lcdCtrl|CNT2[3]            ; LCD:lcdCtrl|Data[1]         ; LCD:lcdCtrl|CLK_DLY     ; LCD:lcdCtrl|CLK_DLY ; 1.000        ; -0.097     ; 4.101      ;
; -3.192 ; LCD:lcdCtrl|CurrentState.ENTRY ; LCD:lcdCtrl|NextState.L2    ; CLK_50                  ; LCD:lcdCtrl|CLK_DLY ; 1.000        ; -0.472     ; 3.715      ;
; -3.186 ; LCD:lcdCtrl|CurrentState.ASK3  ; LCD:lcdCtrl|E               ; CLK_50                  ; LCD:lcdCtrl|CLK_DLY ; 1.000        ; -0.475     ; 3.706      ;
; -3.186 ; LCD:lcdCtrl|CurrentState.ASK3  ; LCD:lcdCtrl|EN              ; CLK_50                  ; LCD:lcdCtrl|CLK_DLY ; 1.000        ; -0.475     ; 3.706      ;
; -3.185 ; LCD:lcdCtrl|CurrentState.D_ON  ; LCD:lcdCtrl|E               ; CLK_50                  ; LCD:lcdCtrl|CLK_DLY ; 1.000        ; -0.473     ; 3.707      ;
; -3.185 ; LCD:lcdCtrl|CurrentState.D_ON  ; LCD:lcdCtrl|EN              ; CLK_50                  ; LCD:lcdCtrl|CLK_DLY ; 1.000        ; -0.473     ; 3.707      ;
; -3.170 ; LCD:lcdCtrl|CurrentState.L2    ; LCD:lcdCtrl|NextState.L2    ; CLK_50                  ; LCD:lcdCtrl|CLK_DLY ; 1.000        ; -0.472     ; 3.693      ;
; -3.154 ; LCD:lcdCtrl|CurrentState.ASK1  ; LCD:lcdCtrl|Data[7]         ; CLK_50                  ; LCD:lcdCtrl|CLK_DLY ; 1.000        ; -0.471     ; 3.678      ;
; -3.148 ; LCD:lcdCtrl|CNT2[1]            ; LCD:lcdCtrl|CNT1[1]         ; LCD:lcdCtrl|CLK_DLY     ; LCD:lcdCtrl|CLK_DLY ; 1.000        ; -0.096     ; 4.057      ;
; -3.148 ; LCD:lcdCtrl|CNT2[1]            ; LCD:lcdCtrl|CNT1[0]         ; LCD:lcdCtrl|CLK_DLY     ; LCD:lcdCtrl|CLK_DLY ; 1.000        ; -0.096     ; 4.057      ;
; -3.147 ; LCD:lcdCtrl|CNT2[2]            ; LCD:lcdCtrl|Data[2]         ; LCD:lcdCtrl|CLK_DLY     ; LCD:lcdCtrl|CLK_DLY ; 1.000        ; -0.099     ; 4.053      ;
; -3.146 ; LCD:lcdCtrl|CurrentState.ASK1  ; LCD:lcdCtrl|CNT1[1]         ; CLK_50                  ; LCD:lcdCtrl|CLK_DLY ; 1.000        ; -0.471     ; 3.670      ;
; -3.146 ; LCD:lcdCtrl|CurrentState.ASK1  ; LCD:lcdCtrl|CNT1[0]         ; CLK_50                  ; LCD:lcdCtrl|CLK_DLY ; 1.000        ; -0.471     ; 3.670      ;
; -3.137 ; LCD:lcdCtrl|CNT2[1]            ; LCD:lcdCtrl|NextState.L2    ; LCD:lcdCtrl|CLK_DLY     ; LCD:lcdCtrl|CLK_DLY ; 1.000        ; -0.099     ; 4.043      ;
; -3.135 ; LCD:lcdCtrl|CurrentState.ENTRY ; LCD:lcdCtrl|NextState.MSG1  ; CLK_50                  ; LCD:lcdCtrl|CLK_DLY ; 1.000        ; -0.469     ; 3.661      ;
; -3.133 ; LCD:lcdCtrl|CNT2[3]            ; LCD:lcdCtrl|CNT1[1]         ; LCD:lcdCtrl|CLK_DLY     ; LCD:lcdCtrl|CLK_DLY ; 1.000        ; -0.096     ; 4.042      ;
; -3.133 ; LCD:lcdCtrl|CNT2[3]            ; LCD:lcdCtrl|CNT1[0]         ; LCD:lcdCtrl|CLK_DLY     ; LCD:lcdCtrl|CLK_DLY ; 1.000        ; -0.096     ; 4.042      ;
; -3.132 ; LCD:lcdCtrl|CurrentState.ENTRY ; LCD:lcdCtrl|NextState.MSG2  ; CLK_50                  ; LCD:lcdCtrl|CLK_DLY ; 1.000        ; -0.469     ; 3.658      ;
; -3.123 ; LCD:lcdCtrl|CurrentState.MSG2  ; LCD:lcdCtrl|Data[3]         ; CLK_50                  ; LCD:lcdCtrl|CLK_DLY ; 1.000        ; -0.476     ; 3.642      ;
; -3.123 ; LCD:lcdCtrl|CNT2[0]            ; LCD:lcdCtrl|Data[0]         ; LCD:lcdCtrl|CLK_DLY     ; LCD:lcdCtrl|CLK_DLY ; 1.000        ; -0.097     ; 4.031      ;
; -3.121 ; LCD:lcdCtrl|CNT2[3]            ; LCD:lcdCtrl|NextState.L2    ; LCD:lcdCtrl|CLK_DLY     ; LCD:lcdCtrl|CLK_DLY ; 1.000        ; -0.099     ; 4.027      ;
; -3.119 ; LCD:lcdCtrl|CurrentState.MSG1  ; LCD:lcdCtrl|E               ; CLK_50                  ; LCD:lcdCtrl|CLK_DLY ; 1.000        ; -0.476     ; 3.638      ;
; -3.119 ; LCD:lcdCtrl|CurrentState.MSG1  ; LCD:lcdCtrl|EN              ; CLK_50                  ; LCD:lcdCtrl|CLK_DLY ; 1.000        ; -0.476     ; 3.638      ;
; -3.117 ; LCD:lcdCtrl|CurrentState.MSG2  ; LCD:lcdCtrl|Data[1]         ; CLK_50                  ; LCD:lcdCtrl|CLK_DLY ; 1.000        ; -0.473     ; 3.639      ;
; -3.113 ; LCD:lcdCtrl|CurrentState.L2    ; LCD:lcdCtrl|NextState.MSG1  ; CLK_50                  ; LCD:lcdCtrl|CLK_DLY ; 1.000        ; -0.469     ; 3.639      ;
; -3.110 ; LCD:lcdCtrl|CurrentState.L2    ; LCD:lcdCtrl|NextState.MSG2  ; CLK_50                  ; LCD:lcdCtrl|CLK_DLY ; 1.000        ; -0.469     ; 3.636      ;
+--------+--------------------------------+-----------------------------+-------------------------+---------------------+--------------+------------+------------+


+--------------------------------------------------------------------------------------------------------------------------------------------------------------------+
; Slow 1000mV 85C Model Setup: 'CLK_50'                                                                                                                              ;
+--------+---------------------------------------+----------------------------------+-------------------------+-------------+--------------+------------+------------+
; Slack  ; From Node                             ; To Node                          ; Launch Clock            ; Latch Clock ; Relationship ; Clock Skew ; Data Delay ;
+--------+---------------------------------------+----------------------------------+-------------------------+-------------+--------------+------------+------------+
; -1.569 ; Keyboard:Kb|data_reg[0]               ; Keyboard:Kb|data_reg[9]          ; Keyboard:Kb|data_reg[0] ; CLK_50      ; 0.500        ; 4.062      ; 6.436      ;
; -1.566 ; Keyboard:Kb|data_reg[0]               ; Keyboard:Kb|data_reg[11]         ; Keyboard:Kb|data_reg[0] ; CLK_50      ; 0.500        ; 4.062      ; 6.433      ;
; -1.566 ; Keyboard:Kb|data_reg[0]               ; Keyboard:Kb|data_reg[8]          ; Keyboard:Kb|data_reg[0] ; CLK_50      ; 0.500        ; 4.062      ; 6.433      ;
; -1.564 ; Keyboard:Kb|data_reg[0]               ; Keyboard:Kb|data_reg[10]         ; Keyboard:Kb|data_reg[0] ; CLK_50      ; 0.500        ; 4.062      ; 6.431      ;
; -1.524 ; Keyboard:Kb|data_reg[0]               ; Keyboard:Kb|data_reg[13]         ; Keyboard:Kb|data_reg[0] ; CLK_50      ; 0.500        ; 4.063      ; 6.392      ;
; -1.524 ; Keyboard:Kb|data_reg[0]               ; Keyboard:Kb|data_reg[14]         ; Keyboard:Kb|data_reg[0] ; CLK_50      ; 0.500        ; 4.063      ; 6.392      ;
; -1.524 ; Keyboard:Kb|data_reg[0]               ; Keyboard:Kb|data_reg[15]         ; Keyboard:Kb|data_reg[0] ; CLK_50      ; 0.500        ; 4.063      ; 6.392      ;
; -1.521 ; Keyboard:Kb|data_reg[0]               ; Keyboard:Kb|data_reg[12]         ; Keyboard:Kb|data_reg[0] ; CLK_50      ; 0.500        ; 4.004      ; 6.330      ;
; -1.083 ; LCD:lcdCtrl|CLK_DLY                   ; LCD:lcdCtrl|CLK_DLY              ; LCD:lcdCtrl|CLK_DLY     ; CLK_50      ; 0.500        ; 3.483      ; 5.371      ;
; -1.056 ; Keyboard:Kb|data_reg[0]               ; Keyboard:Kb|data_reg[9]          ; Keyboard:Kb|data_reg[0] ; CLK_50      ; 1.000        ; 4.062      ; 6.423      ;
; -1.053 ; Keyboard:Kb|data_reg[0]               ; Keyboard:Kb|data_reg[11]         ; Keyboard:Kb|data_reg[0] ; CLK_50      ; 1.000        ; 4.062      ; 6.420      ;
; -1.053 ; Keyboard:Kb|data_reg[0]               ; Keyboard:Kb|data_reg[8]          ; Keyboard:Kb|data_reg[0] ; CLK_50      ; 1.000        ; 4.062      ; 6.420      ;
; -1.051 ; Keyboard:Kb|data_reg[0]               ; Keyboard:Kb|data_reg[10]         ; Keyboard:Kb|data_reg[0] ; CLK_50      ; 1.000        ; 4.062      ; 6.418      ;
; -1.011 ; Keyboard:Kb|data_reg[0]               ; Keyboard:Kb|data_reg[13]         ; Keyboard:Kb|data_reg[0] ; CLK_50      ; 1.000        ; 4.063      ; 6.379      ;
; -1.011 ; Keyboard:Kb|data_reg[0]               ; Keyboard:Kb|data_reg[14]         ; Keyboard:Kb|data_reg[0] ; CLK_50      ; 1.000        ; 4.063      ; 6.379      ;
; -1.011 ; Keyboard:Kb|data_reg[0]               ; Keyboard:Kb|data_reg[15]         ; Keyboard:Kb|data_reg[0] ; CLK_50      ; 1.000        ; 4.063      ; 6.379      ;
; -0.962 ; Keyboard:Kb|data_reg[0]               ; Keyboard:Kb|data_reg[12]         ; Keyboard:Kb|data_reg[0] ; CLK_50      ; 1.000        ; 4.004      ; 6.271      ;
; -0.664 ; LCD:lcdCtrl|NextState.ASK1            ; LCD:lcdCtrl|CurrentState.ASK1    ; LCD:lcdCtrl|CLK_DLY     ; CLK_50      ; 1.000        ; 0.186      ; 1.845      ;
; -0.655 ; LCD:lcdCtrl|NextState.D_OFF           ; LCD:lcdCtrl|CurrentState.D_OFF   ; LCD:lcdCtrl|CLK_DLY     ; CLK_50      ; 1.000        ; 0.186      ; 1.836      ;
; -0.655 ; LCD:lcdCtrl|NextState.ASK2            ; LCD:lcdCtrl|CurrentState.ASK2    ; LCD:lcdCtrl|CLK_DLY     ; CLK_50      ; 1.000        ; 0.185      ; 1.835      ;
; -0.655 ; LCD:lcdCtrl|NextState.LCD_CLR         ; LCD:lcdCtrl|CurrentState.LCD_CLR ; LCD:lcdCtrl|CLK_DLY     ; CLK_50      ; 1.000        ; 0.185      ; 1.835      ;
; -0.642 ; LCD:lcdCtrl|NextState.ASK3            ; LCD:lcdCtrl|CurrentState.ASK3    ; LCD:lcdCtrl|CLK_DLY     ; CLK_50      ; 1.000        ; 0.186      ; 1.823      ;
; -0.583 ; LCD:lcdCtrl|CLK_DLY                   ; LCD:lcdCtrl|CLK_DLY              ; LCD:lcdCtrl|CLK_DLY     ; CLK_50      ; 1.000        ; 3.483      ; 5.371      ;
; -0.535 ; LCD:lcdCtrl|NextState.D_ON            ; LCD:lcdCtrl|CurrentState.D_ON    ; LCD:lcdCtrl|CLK_DLY     ; CLK_50      ; 1.000        ; 0.185      ; 1.715      ;
; -0.497 ; LCD:lcdCtrl|NextState.L2              ; LCD:lcdCtrl|CurrentState.L2      ; LCD:lcdCtrl|CLK_DLY     ; CLK_50      ; 1.000        ; 0.185      ; 1.677      ;
; -0.477 ; LCD:lcdCtrl|NextState.ENTRY           ; LCD:lcdCtrl|CurrentState.ENTRY   ; LCD:lcdCtrl|CLK_DLY     ; CLK_50      ; 1.000        ; 0.185      ; 1.657      ;
; -0.458 ; LCD:lcdCtrl|NextState.MSG2            ; LCD:lcdCtrl|CurrentState.MSG2    ; LCD:lcdCtrl|CLK_DLY     ; CLK_50      ; 1.000        ; 0.185      ; 1.638      ;
; -0.450 ; LCD:lcdCtrl|NextState.L1              ; LCD:lcdCtrl|CurrentState.L1      ; LCD:lcdCtrl|CLK_DLY     ; CLK_50      ; 1.000        ; 0.186      ; 1.631      ;
; -0.420 ; LCD:lcdCtrl|NextState.MSG1            ; LCD:lcdCtrl|CurrentState.MSG1    ; LCD:lcdCtrl|CLK_DLY     ; CLK_50      ; 1.000        ; 0.185      ; 1.600      ;
; 10.918 ; Keyboard:Kb|ps2_clk_deb_previous_reg  ; Keyboard:Kb|data_reg[8]          ; CLK_50                  ; CLK_50      ; 20.000       ; 0.476      ; 9.563      ;
; 10.920 ; Keyboard:Kb|ps2_clk_deb_previous_reg  ; Keyboard:Kb|data_reg[9]          ; CLK_50                  ; CLK_50      ; 20.000       ; 0.476      ; 9.561      ;
; 10.920 ; Keyboard:Kb|ps2_clk_deb_previous_reg  ; Keyboard:Kb|data_reg[10]         ; CLK_50                  ; CLK_50      ; 20.000       ; 0.476      ; 9.561      ;
; 10.923 ; Keyboard:Kb|ps2_clk_deb_previous_reg  ; Keyboard:Kb|data_reg[11]         ; CLK_50                  ; CLK_50      ; 20.000       ; 0.476      ; 9.558      ;
; 10.948 ; Keyboard:Kb|ps2_clk_deb_previous_reg  ; Keyboard:Kb|data_reg[12]         ; CLK_50                  ; CLK_50      ; 20.000       ; 0.418      ; 9.475      ;
; 11.027 ; Keyboard:Kb|ps2_clk_deb_previous_reg  ; Keyboard:Kb|data_reg[15]         ; CLK_50                  ; CLK_50      ; 20.000       ; 0.477      ; 9.455      ;
; 11.028 ; Keyboard:Kb|ps2_clk_deb_previous_reg  ; Keyboard:Kb|data_reg[13]         ; CLK_50                  ; CLK_50      ; 20.000       ; 0.477      ; 9.454      ;
; 11.028 ; Keyboard:Kb|ps2_clk_deb_previous_reg  ; Keyboard:Kb|data_reg[14]         ; CLK_50                  ; CLK_50      ; 20.000       ; 0.477      ; 9.454      ;
; 11.138 ; Keyboard:Kb|Debounce:deb_inst|out_reg ; Keyboard:Kb|data_reg[8]          ; CLK_50                  ; CLK_50      ; 20.000       ; 0.476      ; 9.343      ;
; 11.140 ; Keyboard:Kb|Debounce:deb_inst|out_reg ; Keyboard:Kb|data_reg[9]          ; CLK_50                  ; CLK_50      ; 20.000       ; 0.476      ; 9.341      ;
; 11.140 ; Keyboard:Kb|Debounce:deb_inst|out_reg ; Keyboard:Kb|data_reg[10]         ; CLK_50                  ; CLK_50      ; 20.000       ; 0.476      ; 9.341      ;
; 11.143 ; Keyboard:Kb|Debounce:deb_inst|out_reg ; Keyboard:Kb|data_reg[11]         ; CLK_50                  ; CLK_50      ; 20.000       ; 0.476      ; 9.338      ;
; 11.168 ; Keyboard:Kb|Debounce:deb_inst|out_reg ; Keyboard:Kb|data_reg[12]         ; CLK_50                  ; CLK_50      ; 20.000       ; 0.418      ; 9.255      ;
; 11.247 ; Keyboard:Kb|Debounce:deb_inst|out_reg ; Keyboard:Kb|data_reg[15]         ; CLK_50                  ; CLK_50      ; 20.000       ; 0.477      ; 9.235      ;
; 11.248 ; Keyboard:Kb|Debounce:deb_inst|out_reg ; Keyboard:Kb|data_reg[13]         ; CLK_50                  ; CLK_50      ; 20.000       ; 0.477      ; 9.234      ;
; 11.248 ; Keyboard:Kb|Debounce:deb_inst|out_reg ; Keyboard:Kb|data_reg[14]         ; CLK_50                  ; CLK_50      ; 20.000       ; 0.477      ; 9.234      ;
; 11.332 ; Keyboard:Kb|package_reg[3]            ; Keyboard:Kb|data_reg[8]          ; CLK_50                  ; CLK_50      ; 20.000       ; 0.462      ; 9.135      ;
; 11.334 ; Keyboard:Kb|package_reg[3]            ; Keyboard:Kb|data_reg[9]          ; CLK_50                  ; CLK_50      ; 20.000       ; 0.462      ; 9.133      ;
; 11.334 ; Keyboard:Kb|package_reg[3]            ; Keyboard:Kb|data_reg[10]         ; CLK_50                  ; CLK_50      ; 20.000       ; 0.462      ; 9.133      ;
; 11.337 ; Keyboard:Kb|package_reg[3]            ; Keyboard:Kb|data_reg[11]         ; CLK_50                  ; CLK_50      ; 20.000       ; 0.462      ; 9.130      ;
; 11.362 ; Keyboard:Kb|package_reg[3]            ; Keyboard:Kb|data_reg[12]         ; CLK_50                  ; CLK_50      ; 20.000       ; 0.404      ; 9.047      ;
; 11.441 ; Keyboard:Kb|package_reg[3]            ; Keyboard:Kb|data_reg[15]         ; CLK_50                  ; CLK_50      ; 20.000       ; 0.463      ; 9.027      ;
; 11.442 ; Keyboard:Kb|package_reg[3]            ; Keyboard:Kb|data_reg[14]         ; CLK_50                  ; CLK_50      ; 20.000       ; 0.463      ; 9.026      ;
; 11.442 ; Keyboard:Kb|package_reg[3]            ; Keyboard:Kb|data_reg[13]         ; CLK_50                  ; CLK_50      ; 20.000       ; 0.463      ; 9.026      ;
; 11.917 ; Keyboard:Kb|package_reg[4]            ; Keyboard:Kb|data_reg[8]          ; CLK_50                  ; CLK_50      ; 20.000       ; 0.462      ; 8.550      ;
; 11.919 ; Keyboard:Kb|package_reg[4]            ; Keyboard:Kb|data_reg[9]          ; CLK_50                  ; CLK_50      ; 20.000       ; 0.462      ; 8.548      ;
; 11.919 ; Keyboard:Kb|package_reg[4]            ; Keyboard:Kb|data_reg[10]         ; CLK_50                  ; CLK_50      ; 20.000       ; 0.462      ; 8.548      ;
; 11.922 ; Keyboard:Kb|package_reg[4]            ; Keyboard:Kb|data_reg[11]         ; CLK_50                  ; CLK_50      ; 20.000       ; 0.462      ; 8.545      ;
; 11.947 ; Keyboard:Kb|package_reg[4]            ; Keyboard:Kb|data_reg[12]         ; CLK_50                  ; CLK_50      ; 20.000       ; 0.404      ; 8.462      ;
; 11.964 ; Keyboard:Kb|package_reg[7]            ; Keyboard:Kb|data_reg[9]          ; CLK_50                  ; CLK_50      ; 20.000       ; 0.476      ; 8.517      ;
; 11.965 ; Keyboard:Kb|package_reg[7]            ; Keyboard:Kb|data_reg[8]          ; CLK_50                  ; CLK_50      ; 20.000       ; 0.476      ; 8.516      ;
; 11.967 ; Keyboard:Kb|package_reg[7]            ; Keyboard:Kb|data_reg[10]         ; CLK_50                  ; CLK_50      ; 20.000       ; 0.476      ; 8.514      ;
; 11.967 ; Keyboard:Kb|package_reg[7]            ; Keyboard:Kb|data_reg[11]         ; CLK_50                  ; CLK_50      ; 20.000       ; 0.476      ; 8.514      ;
; 11.995 ; Keyboard:Kb|package_reg[7]            ; Keyboard:Kb|data_reg[12]         ; CLK_50                  ; CLK_50      ; 20.000       ; 0.418      ; 8.428      ;
; 12.009 ; Keyboard:Kb|package_reg[7]            ; Keyboard:Kb|data_reg[15]         ; CLK_50                  ; CLK_50      ; 20.000       ; 0.477      ; 8.473      ;
; 12.009 ; Keyboard:Kb|package_reg[7]            ; Keyboard:Kb|data_reg[13]         ; CLK_50                  ; CLK_50      ; 20.000       ; 0.477      ; 8.473      ;
; 12.009 ; Keyboard:Kb|package_reg[7]            ; Keyboard:Kb|data_reg[14]         ; CLK_50                  ; CLK_50      ; 20.000       ; 0.477      ; 8.473      ;
; 12.026 ; Keyboard:Kb|package_reg[4]            ; Keyboard:Kb|data_reg[15]         ; CLK_50                  ; CLK_50      ; 20.000       ; 0.463      ; 8.442      ;
; 12.027 ; Keyboard:Kb|package_reg[4]            ; Keyboard:Kb|data_reg[14]         ; CLK_50                  ; CLK_50      ; 20.000       ; 0.463      ; 8.441      ;
; 12.027 ; Keyboard:Kb|package_reg[4]            ; Keyboard:Kb|data_reg[13]         ; CLK_50                  ; CLK_50      ; 20.000       ; 0.463      ; 8.441      ;
; 12.059 ; Keyboard:Kb|data_reg[5]               ; Keyboard:Kb|data_reg[8]          ; CLK_50                  ; CLK_50      ; 20.000       ; -0.118     ; 7.828      ;
; 12.061 ; Keyboard:Kb|data_reg[5]               ; Keyboard:Kb|data_reg[9]          ; CLK_50                  ; CLK_50      ; 20.000       ; -0.118     ; 7.826      ;
; 12.061 ; Keyboard:Kb|data_reg[5]               ; Keyboard:Kb|data_reg[10]         ; CLK_50                  ; CLK_50      ; 20.000       ; -0.118     ; 7.826      ;
; 12.064 ; Keyboard:Kb|data_reg[5]               ; Keyboard:Kb|data_reg[11]         ; CLK_50                  ; CLK_50      ; 20.000       ; -0.118     ; 7.823      ;
; 12.089 ; Keyboard:Kb|data_reg[5]               ; Keyboard:Kb|data_reg[12]         ; CLK_50                  ; CLK_50      ; 20.000       ; -0.176     ; 7.740      ;
; 12.126 ; Keyboard:Kb|data_reg[5]               ; Keyboard:Kb|data_reg[13]         ; CLK_50                  ; CLK_50      ; 20.000       ; -0.097     ; 7.782      ;
; 12.126 ; Keyboard:Kb|data_reg[5]               ; Keyboard:Kb|data_reg[14]         ; CLK_50                  ; CLK_50      ; 20.000       ; -0.097     ; 7.782      ;
; 12.126 ; Keyboard:Kb|data_reg[5]               ; Keyboard:Kb|data_reg[15]         ; CLK_50                  ; CLK_50      ; 20.000       ; -0.097     ; 7.782      ;
; 12.294 ; Keyboard:Kb|data_reg[2]               ; Keyboard:Kb|data_reg[8]          ; CLK_50                  ; CLK_50      ; 20.000       ; -0.027     ; 7.684      ;
; 12.296 ; Keyboard:Kb|data_reg[2]               ; Keyboard:Kb|data_reg[9]          ; CLK_50                  ; CLK_50      ; 20.000       ; -0.027     ; 7.682      ;
; 12.296 ; Keyboard:Kb|data_reg[2]               ; Keyboard:Kb|data_reg[10]         ; CLK_50                  ; CLK_50      ; 20.000       ; -0.027     ; 7.682      ;
; 12.299 ; Keyboard:Kb|data_reg[2]               ; Keyboard:Kb|data_reg[11]         ; CLK_50                  ; CLK_50      ; 20.000       ; -0.027     ; 7.679      ;
; 12.350 ; Keyboard:Kb|data_reg[2]               ; Keyboard:Kb|data_reg[12]         ; CLK_50                  ; CLK_50      ; 20.000       ; -0.059     ; 7.596      ;
; 12.360 ; Keyboard:Kb|data_reg[2]               ; Keyboard:Kb|data_reg[13]         ; CLK_50                  ; CLK_50      ; 20.000       ; -0.064     ; 7.581      ;
; 12.360 ; Keyboard:Kb|data_reg[2]               ; Keyboard:Kb|data_reg[14]         ; CLK_50                  ; CLK_50      ; 20.000       ; -0.064     ; 7.581      ;
; 12.360 ; Keyboard:Kb|data_reg[2]               ; Keyboard:Kb|data_reg[15]         ; CLK_50                  ; CLK_50      ; 20.000       ; -0.064     ; 7.581      ;
; 12.408 ; Keyboard:Kb|package_reg[5]            ; Keyboard:Kb|data_reg[8]          ; CLK_50                  ; CLK_50      ; 20.000       ; 0.462      ; 8.059      ;
; 12.410 ; Keyboard:Kb|package_reg[5]            ; Keyboard:Kb|data_reg[9]          ; CLK_50                  ; CLK_50      ; 20.000       ; 0.462      ; 8.057      ;
; 12.410 ; Keyboard:Kb|package_reg[5]            ; Keyboard:Kb|data_reg[10]         ; CLK_50                  ; CLK_50      ; 20.000       ; 0.462      ; 8.057      ;
; 12.413 ; Keyboard:Kb|package_reg[5]            ; Keyboard:Kb|data_reg[11]         ; CLK_50                  ; CLK_50      ; 20.000       ; 0.462      ; 8.054      ;
; 12.417 ; LCD:lcdCtrl|ClkCnt[8]                 ; LCD:lcdCtrl|CLK_DLY              ; CLK_50                  ; CLK_50      ; 20.000       ; -0.062     ; 7.526      ;
; 12.421 ; LCD:lcdCtrl|ClkCnt[9]                 ; LCD:lcdCtrl|CLK_DLY              ; CLK_50                  ; CLK_50      ; 20.000       ; -0.062     ; 7.522      ;
; 12.437 ; Keyboard:Kb|package_reg[8]            ; Keyboard:Kb|data_reg[8]          ; CLK_50                  ; CLK_50      ; 20.000       ; 0.476      ; 8.044      ;
; 12.438 ; Keyboard:Kb|package_reg[5]            ; Keyboard:Kb|data_reg[12]         ; CLK_50                  ; CLK_50      ; 20.000       ; 0.404      ; 7.971      ;
; 12.439 ; Keyboard:Kb|package_reg[8]            ; Keyboard:Kb|data_reg[9]          ; CLK_50                  ; CLK_50      ; 20.000       ; 0.476      ; 8.042      ;
; 12.439 ; Keyboard:Kb|package_reg[8]            ; Keyboard:Kb|data_reg[10]         ; CLK_50                  ; CLK_50      ; 20.000       ; 0.476      ; 8.042      ;
; 12.442 ; Keyboard:Kb|package_reg[8]            ; Keyboard:Kb|data_reg[11]         ; CLK_50                  ; CLK_50      ; 20.000       ; 0.476      ; 8.039      ;
; 12.467 ; Keyboard:Kb|package_reg[8]            ; Keyboard:Kb|data_reg[12]         ; CLK_50                  ; CLK_50      ; 20.000       ; 0.418      ; 7.956      ;
; 12.517 ; Keyboard:Kb|package_reg[5]            ; Keyboard:Kb|data_reg[15]         ; CLK_50                  ; CLK_50      ; 20.000       ; 0.463      ; 7.951      ;
; 12.518 ; Keyboard:Kb|package_reg[5]            ; Keyboard:Kb|data_reg[14]         ; CLK_50                  ; CLK_50      ; 20.000       ; 0.463      ; 7.950      ;
; 12.518 ; Keyboard:Kb|package_reg[5]            ; Keyboard:Kb|data_reg[13]         ; CLK_50                  ; CLK_50      ; 20.000       ; 0.463      ; 7.950      ;
+--------+---------------------------------------+----------------------------------+-------------------------+-------------+--------------+------------+------------+


+-------------------------------------------------------------------------------------------------------------------------------------------------------+
; Slow 1000mV 85C Model Hold: 'Keyboard:Kb|data_reg[0]'                                                                                                 ;
+-------+--------------------------+-----------------------+-------------------------+-------------------------+--------------+------------+------------+
; Slack ; From Node                ; To Node               ; Launch Clock            ; Latch Clock             ; Relationship ; Clock Skew ; Data Delay ;
+-------+--------------------------+-----------------------+-------------------------+-------------------------+--------------+------------+------------+
; 0.305 ; Keyboard:Kb|data_reg[0]  ; Sync:U1|CONIC_TYPE[0] ; Keyboard:Kb|data_reg[0] ; Keyboard:Kb|data_reg[0] ; 0.000        ; 6.586      ; 7.201      ;
; 0.576 ; Keyboard:Kb|data_reg[0]  ; Sync:U1|CONIC_TYPE[0] ; Keyboard:Kb|data_reg[0] ; Keyboard:Kb|data_reg[0] ; 0.000        ; 6.471      ; 7.357      ;
; 0.900 ; Keyboard:Kb|data_reg[0]  ; Sync:U1|CONIC_TYPE[0] ; Keyboard:Kb|data_reg[0] ; Keyboard:Kb|data_reg[0] ; -0.500       ; 6.471      ; 7.201      ;
; 0.935 ; Keyboard:Kb|data_reg[0]  ; Sync:U1|CONIC_TYPE[2] ; Keyboard:Kb|data_reg[0] ; Keyboard:Kb|data_reg[0] ; 0.000        ; 6.323      ; 7.568      ;
; 0.941 ; Keyboard:Kb|data_reg[0]  ; Sync:U1|CONIC_TYPE[0] ; Keyboard:Kb|data_reg[0] ; Keyboard:Kb|data_reg[0] ; -0.500       ; 6.586      ; 7.357      ;
; 1.207 ; Keyboard:Kb|data_reg[0]  ; Sync:U1|CONIC_TYPE[1] ; Keyboard:Kb|data_reg[0] ; Keyboard:Kb|data_reg[0] ; 0.000        ; 6.357      ; 7.874      ;
; 1.261 ; Keyboard:Kb|data_reg[0]  ; Sync:U1|CONIC_TYPE[1] ; Keyboard:Kb|data_reg[0] ; Keyboard:Kb|data_reg[0] ; 0.000        ; 6.242      ; 7.813      ;
; 1.426 ; Keyboard:Kb|data_reg[0]  ; Sync:U1|CONIC_TYPE[2] ; Keyboard:Kb|data_reg[0] ; Keyboard:Kb|data_reg[0] ; 0.000        ; 6.208      ; 7.944      ;
; 1.530 ; Keyboard:Kb|data_reg[0]  ; Sync:U1|CONIC_TYPE[2] ; Keyboard:Kb|data_reg[0] ; Keyboard:Kb|data_reg[0] ; -0.500       ; 6.208      ; 7.568      ;
; 1.626 ; Keyboard:Kb|data_reg[0]  ; Sync:U1|CONIC_TYPE[1] ; Keyboard:Kb|data_reg[0] ; Keyboard:Kb|data_reg[0] ; -0.500       ; 6.357      ; 7.813      ;
; 1.791 ; Keyboard:Kb|data_reg[0]  ; Sync:U1|CONIC_TYPE[2] ; Keyboard:Kb|data_reg[0] ; Keyboard:Kb|data_reg[0] ; -0.500       ; 6.323      ; 7.944      ;
; 1.802 ; Keyboard:Kb|data_reg[0]  ; Sync:U1|CONIC_TYPE[1] ; Keyboard:Kb|data_reg[0] ; Keyboard:Kb|data_reg[0] ; -0.500       ; 6.242      ; 7.874      ;
; 3.837 ; Keyboard:Kb|data_reg[3]  ; Sync:U1|CONIC_TYPE[0] ; CLK_50                  ; Keyboard:Kb|data_reg[0] ; 0.000        ; 2.582      ; 6.449      ;
; 4.392 ; Keyboard:Kb|data_reg[4]  ; Sync:U1|CONIC_TYPE[1] ; CLK_50                  ; Keyboard:Kb|data_reg[0] ; 0.000        ; 2.353      ; 6.775      ;
; 4.452 ; Keyboard:Kb|data_reg[3]  ; Sync:U1|CONIC_TYPE[0] ; CLK_50                  ; Keyboard:Kb|data_reg[0] ; -0.500       ; 2.467      ; 6.449      ;
; 4.502 ; Keyboard:Kb|data_reg[4]  ; Sync:U1|CONIC_TYPE[0] ; CLK_50                  ; Keyboard:Kb|data_reg[0] ; 0.000        ; 2.582      ; 7.114      ;
; 4.557 ; Keyboard:Kb|data_reg[1]  ; Sync:U1|CONIC_TYPE[0] ; CLK_50                  ; Keyboard:Kb|data_reg[0] ; 0.000        ; 2.582      ; 7.169      ;
; 4.810 ; Keyboard:Kb|data_reg[3]  ; Sync:U1|CONIC_TYPE[1] ; CLK_50                  ; Keyboard:Kb|data_reg[0] ; 0.000        ; 2.353      ; 7.193      ;
; 4.903 ; Keyboard:Kb|data_reg[5]  ; Sync:U1|CONIC_TYPE[0] ; CLK_50                  ; Keyboard:Kb|data_reg[0] ; 0.000        ; 2.531      ; 7.464      ;
; 5.007 ; Keyboard:Kb|data_reg[4]  ; Sync:U1|CONIC_TYPE[1] ; CLK_50                  ; Keyboard:Kb|data_reg[0] ; -0.500       ; 2.238      ; 6.775      ;
; 5.117 ; Keyboard:Kb|data_reg[4]  ; Sync:U1|CONIC_TYPE[0] ; CLK_50                  ; Keyboard:Kb|data_reg[0] ; -0.500       ; 2.467      ; 7.114      ;
; 5.172 ; Keyboard:Kb|data_reg[1]  ; Sync:U1|CONIC_TYPE[0] ; CLK_50                  ; Keyboard:Kb|data_reg[0] ; -0.500       ; 2.467      ; 7.169      ;
; 5.253 ; Keyboard:Kb|data_reg[12] ; Sync:U1|CONIC_TYPE[0] ; CLK_50                  ; Keyboard:Kb|data_reg[0] ; 0.000        ; 2.582      ; 7.865      ;
; 5.257 ; Keyboard:Kb|data_reg[3]  ; Sync:U1|CONIC_TYPE[2] ; CLK_50                  ; Keyboard:Kb|data_reg[0] ; 0.000        ; 2.319      ; 7.606      ;
; 5.276 ; Keyboard:Kb|data_reg[5]  ; Sync:U1|CONIC_TYPE[1] ; CLK_50                  ; Keyboard:Kb|data_reg[0] ; 0.000        ; 2.302      ; 7.608      ;
; 5.425 ; Keyboard:Kb|data_reg[3]  ; Sync:U1|CONIC_TYPE[1] ; CLK_50                  ; Keyboard:Kb|data_reg[0] ; -0.500       ; 2.238      ; 7.193      ;
; 5.518 ; Keyboard:Kb|data_reg[5]  ; Sync:U1|CONIC_TYPE[0] ; CLK_50                  ; Keyboard:Kb|data_reg[0] ; -0.500       ; 2.416      ; 7.464      ;
; 5.703 ; Keyboard:Kb|data_reg[4]  ; Sync:U1|CONIC_TYPE[2] ; CLK_50                  ; Keyboard:Kb|data_reg[0] ; 0.000        ; 2.319      ; 8.052      ;
; 5.779 ; Keyboard:Kb|data_reg[12] ; Sync:U1|CONIC_TYPE[1] ; CLK_50                  ; Keyboard:Kb|data_reg[0] ; 0.000        ; 2.353      ; 8.162      ;
; 5.788 ; Keyboard:Kb|data_reg[12] ; Sync:U1|CONIC_TYPE[2] ; CLK_50                  ; Keyboard:Kb|data_reg[0] ; 0.000        ; 2.319      ; 8.137      ;
; 5.790 ; Keyboard:Kb|data_reg[1]  ; Sync:U1|CONIC_TYPE[1] ; CLK_50                  ; Keyboard:Kb|data_reg[0] ; 0.000        ; 2.353      ; 8.173      ;
; 5.831 ; Keyboard:Kb|data_reg[2]  ; Sync:U1|CONIC_TYPE[0] ; CLK_50                  ; Keyboard:Kb|data_reg[0] ; 0.000        ; 2.582      ; 8.443      ;
; 5.868 ; Keyboard:Kb|data_reg[12] ; Sync:U1|CONIC_TYPE[0] ; CLK_50                  ; Keyboard:Kb|data_reg[0] ; -0.500       ; 2.467      ; 7.865      ;
; 5.872 ; Keyboard:Kb|data_reg[3]  ; Sync:U1|CONIC_TYPE[2] ; CLK_50                  ; Keyboard:Kb|data_reg[0] ; -0.500       ; 2.204      ; 7.606      ;
; 5.877 ; Keyboard:Kb|data_reg[2]  ; Sync:U1|CONIC_TYPE[1] ; CLK_50                  ; Keyboard:Kb|data_reg[0] ; 0.000        ; 2.353      ; 8.260      ;
; 5.884 ; Keyboard:Kb|data_reg[9]  ; Sync:U1|CONIC_TYPE[0] ; CLK_50                  ; Keyboard:Kb|data_reg[0] ; 0.000        ; 2.524      ; 8.438      ;
; 5.891 ; Keyboard:Kb|data_reg[5]  ; Sync:U1|CONIC_TYPE[1] ; CLK_50                  ; Keyboard:Kb|data_reg[0] ; -0.500       ; 2.187      ; 7.608      ;
; 5.901 ; Keyboard:Kb|data_reg[7]  ; Sync:U1|CONIC_TYPE[0] ; CLK_50                  ; Keyboard:Kb|data_reg[0] ; 0.000        ; 2.523      ; 8.454      ;
; 5.920 ; Keyboard:Kb|data_reg[9]  ; Sync:U1|CONIC_TYPE[1] ; CLK_50                  ; Keyboard:Kb|data_reg[0] ; 0.000        ; 2.295      ; 8.245      ;
; 5.955 ; Keyboard:Kb|data_reg[1]  ; Sync:U1|CONIC_TYPE[2] ; CLK_50                  ; Keyboard:Kb|data_reg[0] ; 0.000        ; 2.319      ; 8.304      ;
; 6.028 ; Keyboard:Kb|data_reg[11] ; Sync:U1|CONIC_TYPE[0] ; CLK_50                  ; Keyboard:Kb|data_reg[0] ; 0.000        ; 2.524      ; 8.582      ;
; 6.036 ; Keyboard:Kb|data_reg[15] ; Sync:U1|CONIC_TYPE[0] ; CLK_50                  ; Keyboard:Kb|data_reg[0] ; 0.000        ; 2.523      ; 8.589      ;
; 6.042 ; Keyboard:Kb|data_reg[2]  ; Sync:U1|CONIC_TYPE[2] ; CLK_50                  ; Keyboard:Kb|data_reg[0] ; 0.000        ; 2.319      ; 8.391      ;
; 6.063 ; Keyboard:Kb|data_reg[5]  ; Sync:U1|CONIC_TYPE[2] ; CLK_50                  ; Keyboard:Kb|data_reg[0] ; 0.000        ; 2.268      ; 8.361      ;
; 6.063 ; Keyboard:Kb|data_reg[11] ; Sync:U1|CONIC_TYPE[1] ; CLK_50                  ; Keyboard:Kb|data_reg[0] ; 0.000        ; 2.295      ; 8.388      ;
; 6.085 ; Keyboard:Kb|data_reg[9]  ; Sync:U1|CONIC_TYPE[2] ; CLK_50                  ; Keyboard:Kb|data_reg[0] ; 0.000        ; 2.261      ; 8.376      ;
; 6.223 ; Keyboard:Kb|data_reg[10] ; Sync:U1|CONIC_TYPE[0] ; CLK_50                  ; Keyboard:Kb|data_reg[0] ; 0.000        ; 2.524      ; 8.777      ;
; 6.228 ; Keyboard:Kb|data_reg[11] ; Sync:U1|CONIC_TYPE[2] ; CLK_50                  ; Keyboard:Kb|data_reg[0] ; 0.000        ; 2.261      ; 8.519      ;
; 6.230 ; Keyboard:Kb|data_reg[8]  ; Sync:U1|CONIC_TYPE[0] ; CLK_50                  ; Keyboard:Kb|data_reg[0] ; 0.000        ; 2.524      ; 8.784      ;
; 6.239 ; Keyboard:Kb|data_reg[7]  ; Sync:U1|CONIC_TYPE[1] ; CLK_50                  ; Keyboard:Kb|data_reg[0] ; 0.000        ; 2.294      ; 8.563      ;
; 6.244 ; Keyboard:Kb|data_reg[6]  ; Sync:U1|CONIC_TYPE[0] ; CLK_50                  ; Keyboard:Kb|data_reg[0] ; 0.000        ; 2.523      ; 8.797      ;
; 6.253 ; Keyboard:Kb|data_reg[10] ; Sync:U1|CONIC_TYPE[1] ; CLK_50                  ; Keyboard:Kb|data_reg[0] ; 0.000        ; 2.295      ; 8.578      ;
; 6.260 ; Keyboard:Kb|data_reg[8]  ; Sync:U1|CONIC_TYPE[1] ; CLK_50                  ; Keyboard:Kb|data_reg[0] ; 0.000        ; 2.295      ; 8.585      ;
; 6.273 ; Keyboard:Kb|data_reg[14] ; Sync:U1|CONIC_TYPE[0] ; CLK_50                  ; Keyboard:Kb|data_reg[0] ; 0.000        ; 2.523      ; 8.826      ;
; 6.318 ; Keyboard:Kb|data_reg[13] ; Sync:U1|CONIC_TYPE[0] ; CLK_50                  ; Keyboard:Kb|data_reg[0] ; 0.000        ; 2.523      ; 8.871      ;
; 6.318 ; Keyboard:Kb|data_reg[4]  ; Sync:U1|CONIC_TYPE[2] ; CLK_50                  ; Keyboard:Kb|data_reg[0] ; -0.500       ; 2.204      ; 8.052      ;
; 6.364 ; Keyboard:Kb|data_reg[13] ; Sync:U1|CONIC_TYPE[1] ; CLK_50                  ; Keyboard:Kb|data_reg[0] ; 0.000        ; 2.294      ; 8.688      ;
; 6.372 ; Keyboard:Kb|data_reg[15] ; Sync:U1|CONIC_TYPE[1] ; CLK_50                  ; Keyboard:Kb|data_reg[0] ; 0.000        ; 2.294      ; 8.696      ;
; 6.394 ; Keyboard:Kb|data_reg[12] ; Sync:U1|CONIC_TYPE[1] ; CLK_50                  ; Keyboard:Kb|data_reg[0] ; -0.500       ; 2.238      ; 8.162      ;
; 6.403 ; Keyboard:Kb|data_reg[12] ; Sync:U1|CONIC_TYPE[2] ; CLK_50                  ; Keyboard:Kb|data_reg[0] ; -0.500       ; 2.204      ; 8.137      ;
; 6.404 ; Keyboard:Kb|data_reg[7]  ; Sync:U1|CONIC_TYPE[2] ; CLK_50                  ; Keyboard:Kb|data_reg[0] ; 0.000        ; 2.260      ; 8.694      ;
; 6.405 ; Keyboard:Kb|data_reg[1]  ; Sync:U1|CONIC_TYPE[1] ; CLK_50                  ; Keyboard:Kb|data_reg[0] ; -0.500       ; 2.238      ; 8.173      ;
; 6.418 ; Keyboard:Kb|data_reg[10] ; Sync:U1|CONIC_TYPE[2] ; CLK_50                  ; Keyboard:Kb|data_reg[0] ; 0.000        ; 2.261      ; 8.709      ;
; 6.425 ; Keyboard:Kb|data_reg[8]  ; Sync:U1|CONIC_TYPE[2] ; CLK_50                  ; Keyboard:Kb|data_reg[0] ; 0.000        ; 2.261      ; 8.716      ;
; 6.446 ; Keyboard:Kb|data_reg[2]  ; Sync:U1|CONIC_TYPE[0] ; CLK_50                  ; Keyboard:Kb|data_reg[0] ; -0.500       ; 2.467      ; 8.443      ;
; 6.492 ; Keyboard:Kb|data_reg[2]  ; Sync:U1|CONIC_TYPE[1] ; CLK_50                  ; Keyboard:Kb|data_reg[0] ; -0.500       ; 2.238      ; 8.260      ;
; 6.499 ; Keyboard:Kb|data_reg[9]  ; Sync:U1|CONIC_TYPE[0] ; CLK_50                  ; Keyboard:Kb|data_reg[0] ; -0.500       ; 2.409      ; 8.438      ;
; 6.516 ; Keyboard:Kb|data_reg[7]  ; Sync:U1|CONIC_TYPE[0] ; CLK_50                  ; Keyboard:Kb|data_reg[0] ; -0.500       ; 2.408      ; 8.454      ;
; 6.529 ; Keyboard:Kb|data_reg[13] ; Sync:U1|CONIC_TYPE[2] ; CLK_50                  ; Keyboard:Kb|data_reg[0] ; 0.000        ; 2.260      ; 8.819      ;
; 6.535 ; Keyboard:Kb|data_reg[9]  ; Sync:U1|CONIC_TYPE[1] ; CLK_50                  ; Keyboard:Kb|data_reg[0] ; -0.500       ; 2.180      ; 8.245      ;
; 6.537 ; Keyboard:Kb|data_reg[15] ; Sync:U1|CONIC_TYPE[2] ; CLK_50                  ; Keyboard:Kb|data_reg[0] ; 0.000        ; 2.260      ; 8.827      ;
; 6.543 ; Keyboard:Kb|data_reg[6]  ; Sync:U1|CONIC_TYPE[1] ; CLK_50                  ; Keyboard:Kb|data_reg[0] ; 0.000        ; 2.294      ; 8.867      ;
; 6.570 ; Keyboard:Kb|data_reg[1]  ; Sync:U1|CONIC_TYPE[2] ; CLK_50                  ; Keyboard:Kb|data_reg[0] ; -0.500       ; 2.204      ; 8.304      ;
; 6.576 ; Keyboard:Kb|data_reg[14] ; Sync:U1|CONIC_TYPE[1] ; CLK_50                  ; Keyboard:Kb|data_reg[0] ; 0.000        ; 2.294      ; 8.900      ;
; 6.643 ; Keyboard:Kb|data_reg[11] ; Sync:U1|CONIC_TYPE[0] ; CLK_50                  ; Keyboard:Kb|data_reg[0] ; -0.500       ; 2.409      ; 8.582      ;
; 6.651 ; Keyboard:Kb|data_reg[15] ; Sync:U1|CONIC_TYPE[0] ; CLK_50                  ; Keyboard:Kb|data_reg[0] ; -0.500       ; 2.408      ; 8.589      ;
; 6.657 ; Keyboard:Kb|data_reg[2]  ; Sync:U1|CONIC_TYPE[2] ; CLK_50                  ; Keyboard:Kb|data_reg[0] ; -0.500       ; 2.204      ; 8.391      ;
; 6.678 ; Keyboard:Kb|data_reg[5]  ; Sync:U1|CONIC_TYPE[2] ; CLK_50                  ; Keyboard:Kb|data_reg[0] ; -0.500       ; 2.153      ; 8.361      ;
; 6.678 ; Keyboard:Kb|data_reg[11] ; Sync:U1|CONIC_TYPE[1] ; CLK_50                  ; Keyboard:Kb|data_reg[0] ; -0.500       ; 2.180      ; 8.388      ;
; 6.700 ; Keyboard:Kb|data_reg[9]  ; Sync:U1|CONIC_TYPE[2] ; CLK_50                  ; Keyboard:Kb|data_reg[0] ; -0.500       ; 2.146      ; 8.376      ;
; 6.708 ; Keyboard:Kb|data_reg[6]  ; Sync:U1|CONIC_TYPE[2] ; CLK_50                  ; Keyboard:Kb|data_reg[0] ; 0.000        ; 2.260      ; 8.998      ;
; 6.741 ; Keyboard:Kb|data_reg[14] ; Sync:U1|CONIC_TYPE[2] ; CLK_50                  ; Keyboard:Kb|data_reg[0] ; 0.000        ; 2.260      ; 9.031      ;
; 6.838 ; Keyboard:Kb|data_reg[10] ; Sync:U1|CONIC_TYPE[0] ; CLK_50                  ; Keyboard:Kb|data_reg[0] ; -0.500       ; 2.409      ; 8.777      ;
; 6.843 ; Keyboard:Kb|data_reg[11] ; Sync:U1|CONIC_TYPE[2] ; CLK_50                  ; Keyboard:Kb|data_reg[0] ; -0.500       ; 2.146      ; 8.519      ;
; 6.845 ; Keyboard:Kb|data_reg[8]  ; Sync:U1|CONIC_TYPE[0] ; CLK_50                  ; Keyboard:Kb|data_reg[0] ; -0.500       ; 2.409      ; 8.784      ;
; 6.854 ; Keyboard:Kb|data_reg[7]  ; Sync:U1|CONIC_TYPE[1] ; CLK_50                  ; Keyboard:Kb|data_reg[0] ; -0.500       ; 2.179      ; 8.563      ;
; 6.859 ; Keyboard:Kb|data_reg[6]  ; Sync:U1|CONIC_TYPE[0] ; CLK_50                  ; Keyboard:Kb|data_reg[0] ; -0.500       ; 2.408      ; 8.797      ;
; 6.868 ; Keyboard:Kb|data_reg[10] ; Sync:U1|CONIC_TYPE[1] ; CLK_50                  ; Keyboard:Kb|data_reg[0] ; -0.500       ; 2.180      ; 8.578      ;
; 6.875 ; Keyboard:Kb|data_reg[8]  ; Sync:U1|CONIC_TYPE[1] ; CLK_50                  ; Keyboard:Kb|data_reg[0] ; -0.500       ; 2.180      ; 8.585      ;
; 6.888 ; Keyboard:Kb|data_reg[14] ; Sync:U1|CONIC_TYPE[0] ; CLK_50                  ; Keyboard:Kb|data_reg[0] ; -0.500       ; 2.408      ; 8.826      ;
; 6.933 ; Keyboard:Kb|data_reg[13] ; Sync:U1|CONIC_TYPE[0] ; CLK_50                  ; Keyboard:Kb|data_reg[0] ; -0.500       ; 2.408      ; 8.871      ;
; 6.979 ; Keyboard:Kb|data_reg[13] ; Sync:U1|CONIC_TYPE[1] ; CLK_50                  ; Keyboard:Kb|data_reg[0] ; -0.500       ; 2.179      ; 8.688      ;
; 6.987 ; Keyboard:Kb|data_reg[15] ; Sync:U1|CONIC_TYPE[1] ; CLK_50                  ; Keyboard:Kb|data_reg[0] ; -0.500       ; 2.179      ; 8.696      ;
; 7.019 ; Keyboard:Kb|data_reg[7]  ; Sync:U1|CONIC_TYPE[2] ; CLK_50                  ; Keyboard:Kb|data_reg[0] ; -0.500       ; 2.145      ; 8.694      ;
; 7.033 ; Keyboard:Kb|data_reg[10] ; Sync:U1|CONIC_TYPE[2] ; CLK_50                  ; Keyboard:Kb|data_reg[0] ; -0.500       ; 2.146      ; 8.709      ;
; 7.040 ; Keyboard:Kb|data_reg[8]  ; Sync:U1|CONIC_TYPE[2] ; CLK_50                  ; Keyboard:Kb|data_reg[0] ; -0.500       ; 2.146      ; 8.716      ;
; 7.144 ; Keyboard:Kb|data_reg[13] ; Sync:U1|CONIC_TYPE[2] ; CLK_50                  ; Keyboard:Kb|data_reg[0] ; -0.500       ; 2.145      ; 8.819      ;
; 7.152 ; Keyboard:Kb|data_reg[15] ; Sync:U1|CONIC_TYPE[2] ; CLK_50                  ; Keyboard:Kb|data_reg[0] ; -0.500       ; 2.145      ; 8.827      ;
; 7.158 ; Keyboard:Kb|data_reg[6]  ; Sync:U1|CONIC_TYPE[1] ; CLK_50                  ; Keyboard:Kb|data_reg[0] ; -0.500       ; 2.179      ; 8.867      ;
; 7.191 ; Keyboard:Kb|data_reg[14] ; Sync:U1|CONIC_TYPE[1] ; CLK_50                  ; Keyboard:Kb|data_reg[0] ; -0.500       ; 2.179      ; 8.900      ;
+-------+--------------------------+-----------------------+-------------------------+-------------------------+--------------+------------+------------+


+---------------------------------------------------------------------------------------------------------------------------------------------------------------+
; Slow 1000mV 85C Model Hold: 'LCD:lcdCtrl|CLK_DLY'                                                                                                             ;
+-------+----------------------------------+-------------------------------+---------------------+---------------------+--------------+------------+------------+
; Slack ; From Node                        ; To Node                       ; Launch Clock        ; Latch Clock         ; Relationship ; Clock Skew ; Data Delay ;
+-------+----------------------------------+-------------------------------+---------------------+---------------------+--------------+------------+------------+
; 0.514 ; LCD:lcdCtrl|CNT1[0]              ; LCD:lcdCtrl|CNT1[1]           ; LCD:lcdCtrl|CLK_DLY ; LCD:lcdCtrl|CLK_DLY ; 0.000        ; 0.098      ; 0.856      ;
; 0.521 ; LCD:lcdCtrl|Rs                   ; LCD:lcdCtrl|Rs                ; LCD:lcdCtrl|CLK_DLY ; LCD:lcdCtrl|CLK_DLY ; 0.000        ; 0.098      ; 0.863      ;
; 0.521 ; LCD:lcdCtrl|NextState.LCD_CLR    ; LCD:lcdCtrl|NextState.LCD_CLR ; LCD:lcdCtrl|CLK_DLY ; LCD:lcdCtrl|CLK_DLY ; 0.000        ; 0.098      ; 0.863      ;
; 0.522 ; LCD:lcdCtrl|Data[6]              ; LCD:lcdCtrl|Data[6]           ; LCD:lcdCtrl|CLK_DLY ; LCD:lcdCtrl|CLK_DLY ; 0.000        ; 0.097      ; 0.863      ;
; 0.522 ; LCD:lcdCtrl|Data[5]              ; LCD:lcdCtrl|Data[5]           ; LCD:lcdCtrl|CLK_DLY ; LCD:lcdCtrl|CLK_DLY ; 0.000        ; 0.097      ; 0.863      ;
; 0.522 ; LCD:lcdCtrl|Data[4]              ; LCD:lcdCtrl|Data[4]           ; LCD:lcdCtrl|CLK_DLY ; LCD:lcdCtrl|CLK_DLY ; 0.000        ; 0.097      ; 0.863      ;
; 0.522 ; LCD:lcdCtrl|CNT2[1]              ; LCD:lcdCtrl|CNT2[1]           ; LCD:lcdCtrl|CLK_DLY ; LCD:lcdCtrl|CLK_DLY ; 0.000        ; 0.097      ; 0.863      ;
; 0.522 ; LCD:lcdCtrl|CNT2[2]              ; LCD:lcdCtrl|CNT2[2]           ; LCD:lcdCtrl|CLK_DLY ; LCD:lcdCtrl|CLK_DLY ; 0.000        ; 0.097      ; 0.863      ;
; 0.522 ; LCD:lcdCtrl|CNT2[0]              ; LCD:lcdCtrl|CNT2[0]           ; LCD:lcdCtrl|CLK_DLY ; LCD:lcdCtrl|CLK_DLY ; 0.000        ; 0.097      ; 0.863      ;
; 0.522 ; LCD:lcdCtrl|NextState.D_OFF      ; LCD:lcdCtrl|NextState.D_OFF   ; LCD:lcdCtrl|CLK_DLY ; LCD:lcdCtrl|CLK_DLY ; 0.000        ; 0.097      ; 0.863      ;
; 0.522 ; LCD:lcdCtrl|CNT2[3]              ; LCD:lcdCtrl|CNT2[3]           ; LCD:lcdCtrl|CLK_DLY ; LCD:lcdCtrl|CLK_DLY ; 0.000        ; 0.097      ; 0.863      ;
; 0.526 ; LCD:lcdCtrl|CNT1[0]              ; LCD:lcdCtrl|CNT1[0]           ; LCD:lcdCtrl|CLK_DLY ; LCD:lcdCtrl|CLK_DLY ; 0.000        ; 0.098      ; 0.868      ;
; 0.526 ; LCD:lcdCtrl|CNT1[1]              ; LCD:lcdCtrl|CNT1[1]           ; LCD:lcdCtrl|CLK_DLY ; LCD:lcdCtrl|CLK_DLY ; 0.000        ; 0.098      ; 0.868      ;
; 0.527 ; LCD:lcdCtrl|EN                   ; LCD:lcdCtrl|EN                ; LCD:lcdCtrl|CLK_DLY ; LCD:lcdCtrl|CLK_DLY ; 0.000        ; 0.097      ; 0.868      ;
; 0.575 ; LCD:lcdCtrl|CNT1[1]              ; LCD:lcdCtrl|CNT1[0]           ; LCD:lcdCtrl|CLK_DLY ; LCD:lcdCtrl|CLK_DLY ; 0.000        ; 0.098      ; 0.917      ;
; 0.654 ; LCD:lcdCtrl|EN                   ; LCD:lcdCtrl|E                 ; LCD:lcdCtrl|CLK_DLY ; LCD:lcdCtrl|CLK_DLY ; 0.000        ; 0.097      ; 0.995      ;
; 1.006 ; LCD:lcdCtrl|CNT2[0]              ; LCD:lcdCtrl|CNT2[1]           ; LCD:lcdCtrl|CLK_DLY ; LCD:lcdCtrl|CLK_DLY ; 0.000        ; 0.097      ; 1.347      ;
; 1.008 ; LCD:lcdCtrl|CNT2[0]              ; LCD:lcdCtrl|CNT2[2]           ; LCD:lcdCtrl|CLK_DLY ; LCD:lcdCtrl|CLK_DLY ; 0.000        ; 0.097      ; 1.349      ;
; 1.054 ; LCD:lcdCtrl|CNT2[2]              ; LCD:lcdCtrl|CNT2[3]           ; LCD:lcdCtrl|CLK_DLY ; LCD:lcdCtrl|CLK_DLY ; 0.000        ; 0.097      ; 1.395      ;
; 1.107 ; LCD:lcdCtrl|CNT1[1]              ; LCD:lcdCtrl|NextState.L1      ; LCD:lcdCtrl|CLK_DLY ; LCD:lcdCtrl|CLK_DLY ; 0.000        ; 0.096      ; 1.447      ;
; 1.133 ; LCD:lcdCtrl|CurrentState.ASK1    ; LCD:lcdCtrl|NextState.MSG1    ; CLK_50              ; LCD:lcdCtrl|CLK_DLY ; 0.000        ; -0.184     ; 1.223      ;
; 1.174 ; LCD:lcdCtrl|Data[1]              ; LCD:lcdCtrl|Data[1]           ; LCD:lcdCtrl|CLK_DLY ; LCD:lcdCtrl|CLK_DLY ; 0.000        ; 0.097      ; 1.515      ;
; 1.178 ; LCD:lcdCtrl|NextState.D_ON       ; LCD:lcdCtrl|NextState.D_ON    ; LCD:lcdCtrl|CLK_DLY ; LCD:lcdCtrl|CLK_DLY ; 0.000        ; 0.098      ; 1.520      ;
; 1.189 ; LCD:lcdCtrl|Data[2]              ; LCD:lcdCtrl|Data[2]           ; LCD:lcdCtrl|CLK_DLY ; LCD:lcdCtrl|CLK_DLY ; 0.000        ; 0.097      ; 1.530      ;
; 1.229 ; LCD:lcdCtrl|CNT1[1]              ; LCD:lcdCtrl|NextState.D_ON    ; LCD:lcdCtrl|CLK_DLY ; LCD:lcdCtrl|CLK_DLY ; 0.000        ; 0.095      ; 1.568      ;
; 1.240 ; LCD:lcdCtrl|Data[7]              ; LCD:lcdCtrl|Data[7]           ; LCD:lcdCtrl|CLK_DLY ; LCD:lcdCtrl|CLK_DLY ; 0.000        ; 0.097      ; 1.581      ;
; 1.244 ; LCD:lcdCtrl|CurrentState.ASK1    ; LCD:lcdCtrl|Rs                ; CLK_50              ; LCD:lcdCtrl|CLK_DLY ; 0.000        ; -0.184     ; 1.334      ;
; 1.249 ; LCD:lcdCtrl|CNT2[1]              ; LCD:lcdCtrl|CNT2[3]           ; LCD:lcdCtrl|CLK_DLY ; LCD:lcdCtrl|CLK_DLY ; 0.000        ; 0.097      ; 1.590      ;
; 1.253 ; LCD:lcdCtrl|CNT2[1]              ; LCD:lcdCtrl|CNT2[2]           ; LCD:lcdCtrl|CLK_DLY ; LCD:lcdCtrl|CLK_DLY ; 0.000        ; 0.097      ; 1.594      ;
; 1.342 ; LCD:lcdCtrl|Data[0]              ; LCD:lcdCtrl|Data[0]           ; LCD:lcdCtrl|CLK_DLY ; LCD:lcdCtrl|CLK_DLY ; 0.000        ; 0.097      ; 1.683      ;
; 1.343 ; LCD:lcdCtrl|Data[3]              ; LCD:lcdCtrl|Data[3]           ; LCD:lcdCtrl|CLK_DLY ; LCD:lcdCtrl|CLK_DLY ; 0.000        ; 0.097      ; 1.684      ;
; 1.381 ; LCD:lcdCtrl|CurrentState.D_ON    ; LCD:lcdCtrl|Data[0]           ; CLK_50              ; LCD:lcdCtrl|CLK_DLY ; 0.000        ; -0.184     ; 1.471      ;
; 1.482 ; LCD:lcdCtrl|NextState.MSG2       ; LCD:lcdCtrl|NextState.MSG2    ; LCD:lcdCtrl|CLK_DLY ; LCD:lcdCtrl|CLK_DLY ; 0.000        ; 0.098      ; 1.824      ;
; 1.503 ; LCD:lcdCtrl|CurrentState.ASK2    ; LCD:lcdCtrl|Rs                ; CLK_50              ; LCD:lcdCtrl|CLK_DLY ; 0.000        ; -0.186     ; 1.591      ;
; 1.518 ; LCD:lcdCtrl|CurrentState.ENTRY   ; LCD:lcdCtrl|NextState.D_ON    ; CLK_50              ; LCD:lcdCtrl|CLK_DLY ; 0.000        ; -0.185     ; 1.607      ;
; 1.528 ; LCD:lcdCtrl|NextState.ENTRY      ; LCD:lcdCtrl|NextState.ENTRY   ; LCD:lcdCtrl|CLK_DLY ; LCD:lcdCtrl|CLK_DLY ; 0.000        ; 0.098      ; 1.870      ;
; 1.550 ; LCD:lcdCtrl|NextState.ASK3       ; LCD:lcdCtrl|NextState.ASK3    ; LCD:lcdCtrl|CLK_DLY ; LCD:lcdCtrl|CLK_DLY ; 0.000        ; 0.097      ; 1.891      ;
; 1.551 ; LCD:lcdCtrl|CNT2[0]              ; LCD:lcdCtrl|CNT2[3]           ; LCD:lcdCtrl|CLK_DLY ; LCD:lcdCtrl|CLK_DLY ; 0.000        ; 0.097      ; 1.892      ;
; 1.555 ; LCD:lcdCtrl|CurrentState.ASK2    ; LCD:lcdCtrl|NextState.MSG2    ; CLK_50              ; LCD:lcdCtrl|CLK_DLY ; 0.000        ; -0.186     ; 1.643      ;
; 1.556 ; LCD:lcdCtrl|CurrentState.MSG1    ; LCD:lcdCtrl|NextState.MSG2    ; CLK_50              ; LCD:lcdCtrl|CLK_DLY ; 0.000        ; -0.185     ; 1.645      ;
; 1.565 ; LCD:lcdCtrl|NextState.L1         ; LCD:lcdCtrl|NextState.L1      ; LCD:lcdCtrl|CLK_DLY ; LCD:lcdCtrl|CLK_DLY ; 0.000        ; 0.097      ; 1.906      ;
; 1.585 ; LCD:lcdCtrl|NextState.ASK1       ; LCD:lcdCtrl|NextState.ASK1    ; LCD:lcdCtrl|CLK_DLY ; LCD:lcdCtrl|CLK_DLY ; 0.000        ; 0.097      ; 1.926      ;
; 1.586 ; LCD:lcdCtrl|NextState.MSG1       ; LCD:lcdCtrl|NextState.MSG1    ; LCD:lcdCtrl|CLK_DLY ; LCD:lcdCtrl|CLK_DLY ; 0.000        ; 0.098      ; 1.928      ;
; 1.591 ; LCD:lcdCtrl|CNT1[1]              ; LCD:lcdCtrl|NextState.D_OFF   ; LCD:lcdCtrl|CLK_DLY ; LCD:lcdCtrl|CLK_DLY ; 0.000        ; 0.096      ; 1.931      ;
; 1.674 ; LCD:lcdCtrl|CurrentState.MSG1    ; LCD:lcdCtrl|CNT2[3]           ; CLK_50              ; LCD:lcdCtrl|CLK_DLY ; 0.000        ; -0.187     ; 1.761      ;
; 1.678 ; LCD:lcdCtrl|CNT2[3]              ; LCD:lcdCtrl|Data[0]           ; LCD:lcdCtrl|CLK_DLY ; LCD:lcdCtrl|CLK_DLY ; 0.000        ; 0.097      ; 2.019      ;
; 1.695 ; LCD:lcdCtrl|CurrentState.LCD_CLR ; LCD:lcdCtrl|Data[0]           ; CLK_50              ; LCD:lcdCtrl|CLK_DLY ; 0.000        ; -0.184     ; 1.785      ;
; 1.725 ; LCD:lcdCtrl|CNT1[1]              ; LCD:lcdCtrl|NextState.LCD_CLR ; LCD:lcdCtrl|CLK_DLY ; LCD:lcdCtrl|CLK_DLY ; 0.000        ; 0.095      ; 2.064      ;
; 1.730 ; LCD:lcdCtrl|CurrentState.LCD_CLR ; LCD:lcdCtrl|NextState.ENTRY   ; CLK_50              ; LCD:lcdCtrl|CLK_DLY ; 0.000        ; -0.185     ; 1.819      ;
; 1.759 ; LCD:lcdCtrl|CurrentState.L1      ; LCD:lcdCtrl|NextState.D_OFF   ; CLK_50              ; LCD:lcdCtrl|CLK_DLY ; 0.000        ; -0.186     ; 1.847      ;
; 1.778 ; LCD:lcdCtrl|NextState.L2         ; LCD:lcdCtrl|NextState.L2      ; LCD:lcdCtrl|CLK_DLY ; LCD:lcdCtrl|CLK_DLY ; 0.000        ; 0.098      ; 2.120      ;
; 1.806 ; LCD:lcdCtrl|CNT1[1]              ; LCD:lcdCtrl|NextState.ASK1    ; LCD:lcdCtrl|CLK_DLY ; LCD:lcdCtrl|CLK_DLY ; 0.000        ; 0.096      ; 2.146      ;
; 1.839 ; LCD:lcdCtrl|CurrentState.L2      ; LCD:lcdCtrl|Data[6]           ; CLK_50              ; LCD:lcdCtrl|CLK_DLY ; 0.000        ; -0.187     ; 1.926      ;
; 1.846 ; LCD:lcdCtrl|CurrentState.MSG2    ; LCD:lcdCtrl|NextState.MSG1    ; CLK_50              ; LCD:lcdCtrl|CLK_DLY ; 0.000        ; -0.185     ; 1.935      ;
; 1.854 ; LCD:lcdCtrl|CurrentState.MSG1    ; LCD:lcdCtrl|NextState.MSG1    ; CLK_50              ; LCD:lcdCtrl|CLK_DLY ; 0.000        ; -0.185     ; 1.943      ;
; 1.866 ; LCD:lcdCtrl|CNT2[2]              ; LCD:lcdCtrl|Data[3]           ; LCD:lcdCtrl|CLK_DLY ; LCD:lcdCtrl|CLK_DLY ; 0.000        ; 0.094      ; 2.204      ;
; 1.887 ; LCD:lcdCtrl|CNT1[1]              ; LCD:lcdCtrl|NextState.ASK3    ; LCD:lcdCtrl|CLK_DLY ; LCD:lcdCtrl|CLK_DLY ; 0.000        ; 0.096      ; 2.227      ;
; 1.911 ; LCD:lcdCtrl|CurrentState.L2      ; LCD:lcdCtrl|Rs                ; CLK_50              ; LCD:lcdCtrl|CLK_DLY ; 0.000        ; -0.182     ; 2.003      ;
; 1.914 ; LCD:lcdCtrl|CNT1[1]              ; LCD:lcdCtrl|NextState.MSG2    ; LCD:lcdCtrl|CLK_DLY ; LCD:lcdCtrl|CLK_DLY ; 0.000        ; 0.098      ; 2.256      ;
; 1.915 ; LCD:lcdCtrl|CurrentState.MSG2    ; LCD:lcdCtrl|NextState.D_OFF   ; CLK_50              ; LCD:lcdCtrl|CLK_DLY ; 0.000        ; -0.187     ; 2.002      ;
; 1.917 ; LCD:lcdCtrl|CurrentState.MSG2    ; LCD:lcdCtrl|Data[3]           ; CLK_50              ; LCD:lcdCtrl|CLK_DLY ; 0.000        ; -0.190     ; 2.001      ;
; 1.944 ; LCD:lcdCtrl|CurrentState.D_OFF   ; LCD:lcdCtrl|NextState.LCD_CLR ; CLK_50              ; LCD:lcdCtrl|CLK_DLY ; 0.000        ; -0.187     ; 2.031      ;
; 1.965 ; LCD:lcdCtrl|CNT2[2]              ; LCD:lcdCtrl|Data[5]           ; LCD:lcdCtrl|CLK_DLY ; LCD:lcdCtrl|CLK_DLY ; 0.000        ; 0.098      ; 2.307      ;
; 1.981 ; LCD:lcdCtrl|CurrentState.ASK3    ; LCD:lcdCtrl|Rs                ; CLK_50              ; LCD:lcdCtrl|CLK_DLY ; 0.000        ; -0.184     ; 2.071      ;
; 1.987 ; LCD:lcdCtrl|CurrentState.ASK3    ; LCD:lcdCtrl|NextState.ASK3    ; CLK_50              ; LCD:lcdCtrl|CLK_DLY ; 0.000        ; -0.186     ; 2.075      ;
; 1.993 ; LCD:lcdCtrl|CurrentState.MSG2    ; LCD:lcdCtrl|NextState.MSG2    ; CLK_50              ; LCD:lcdCtrl|CLK_DLY ; 0.000        ; -0.185     ; 2.082      ;
; 1.995 ; LCD:lcdCtrl|CurrentState.MSG2    ; LCD:lcdCtrl|Data[7]           ; CLK_50              ; LCD:lcdCtrl|CLK_DLY ; 0.000        ; -0.186     ; 2.083      ;
; 2.027 ; LCD:lcdCtrl|CNT2[0]              ; LCD:lcdCtrl|Data[3]           ; LCD:lcdCtrl|CLK_DLY ; LCD:lcdCtrl|CLK_DLY ; 0.000        ; 0.094      ; 2.365      ;
; 2.035 ; LCD:lcdCtrl|CurrentState.L1      ; LCD:lcdCtrl|Data[7]           ; CLK_50              ; LCD:lcdCtrl|CLK_DLY ; 0.000        ; -0.185     ; 2.124      ;
; 2.044 ; LCD:lcdCtrl|CurrentState.ASK2    ; LCD:lcdCtrl|Data[6]           ; CLK_50              ; LCD:lcdCtrl|CLK_DLY ; 0.000        ; -0.191     ; 2.127      ;
; 2.047 ; LCD:lcdCtrl|CurrentState.L2      ; LCD:lcdCtrl|Data[7]           ; CLK_50              ; LCD:lcdCtrl|CLK_DLY ; 0.000        ; -0.183     ; 2.138      ;
; 2.054 ; LCD:lcdCtrl|CurrentState.MSG1    ; LCD:lcdCtrl|NextState.D_OFF   ; CLK_50              ; LCD:lcdCtrl|CLK_DLY ; 0.000        ; -0.187     ; 2.141      ;
; 2.075 ; LCD:lcdCtrl|CurrentState.MSG1    ; LCD:lcdCtrl|Data[4]           ; CLK_50              ; LCD:lcdCtrl|CLK_DLY ; 0.000        ; -0.186     ; 2.163      ;
; 2.080 ; LCD:lcdCtrl|CNT2[2]              ; LCD:lcdCtrl|NextState.D_OFF   ; LCD:lcdCtrl|CLK_DLY ; LCD:lcdCtrl|CLK_DLY ; 0.000        ; 0.097      ; 2.421      ;
; 2.082 ; LCD:lcdCtrl|CurrentState.MSG1    ; LCD:lcdCtrl|Data[5]           ; CLK_50              ; LCD:lcdCtrl|CLK_DLY ; 0.000        ; -0.186     ; 2.170      ;
; 2.089 ; LCD:lcdCtrl|CurrentState.MSG2    ; LCD:lcdCtrl|NextState.LCD_CLR ; CLK_50              ; LCD:lcdCtrl|CLK_DLY ; 0.000        ; -0.188     ; 2.175      ;
; 2.093 ; LCD:lcdCtrl|CurrentState.D_OFF   ; LCD:lcdCtrl|Data[3]           ; CLK_50              ; LCD:lcdCtrl|CLK_DLY ; 0.000        ; -0.189     ; 2.178      ;
; 2.105 ; LCD:lcdCtrl|CurrentState.MSG2    ; LCD:lcdCtrl|Data[2]           ; CLK_50              ; LCD:lcdCtrl|CLK_DLY ; 0.000        ; -0.189     ; 2.190      ;
; 2.109 ; LCD:lcdCtrl|CurrentState.MSG2    ; LCD:lcdCtrl|CNT2[3]           ; CLK_50              ; LCD:lcdCtrl|CLK_DLY ; 0.000        ; -0.187     ; 2.196      ;
; 2.110 ; LCD:lcdCtrl|CurrentState.D_ON    ; LCD:lcdCtrl|NextState.L1      ; CLK_50              ; LCD:lcdCtrl|CLK_DLY ; 0.000        ; -0.184     ; 2.200      ;
; 2.118 ; LCD:lcdCtrl|CNT1[1]              ; LCD:lcdCtrl|NextState.ENTRY   ; LCD:lcdCtrl|CLK_DLY ; LCD:lcdCtrl|CLK_DLY ; 0.000        ; 0.095      ; 2.457      ;
; 2.123 ; LCD:lcdCtrl|CurrentState.MSG1    ; LCD:lcdCtrl|Data[2]           ; CLK_50              ; LCD:lcdCtrl|CLK_DLY ; 0.000        ; -0.189     ; 2.208      ;
; 2.124 ; LCD:lcdCtrl|CNT2[1]              ; LCD:lcdCtrl|Data[5]           ; LCD:lcdCtrl|CLK_DLY ; LCD:lcdCtrl|CLK_DLY ; 0.000        ; 0.098      ; 2.466      ;
; 2.126 ; LCD:lcdCtrl|CurrentState.L1      ; LCD:lcdCtrl|NextState.ASK3    ; CLK_50              ; LCD:lcdCtrl|CLK_DLY ; 0.000        ; -0.186     ; 2.214      ;
; 2.135 ; LCD:lcdCtrl|CNT2[3]              ; LCD:lcdCtrl|Data[7]           ; LCD:lcdCtrl|CLK_DLY ; LCD:lcdCtrl|CLK_DLY ; 0.000        ; 0.098      ; 2.477      ;
; 2.144 ; LCD:lcdCtrl|CNT2[2]              ; LCD:lcdCtrl|NextState.MSG2    ; LCD:lcdCtrl|CLK_DLY ; LCD:lcdCtrl|CLK_DLY ; 0.000        ; 0.099      ; 2.487      ;
; 2.164 ; LCD:lcdCtrl|CurrentState.D_ON    ; LCD:lcdCtrl|Data[2]           ; CLK_50              ; LCD:lcdCtrl|CLK_DLY ; 0.000        ; -0.186     ; 2.252      ;
; 2.172 ; LCD:lcdCtrl|CNT2[2]              ; LCD:lcdCtrl|Data[4]           ; LCD:lcdCtrl|CLK_DLY ; LCD:lcdCtrl|CLK_DLY ; 0.000        ; 0.098      ; 2.514      ;
; 2.198 ; LCD:lcdCtrl|CurrentState.D_ON    ; LCD:lcdCtrl|NextState.D_ON    ; CLK_50              ; LCD:lcdCtrl|CLK_DLY ; 0.000        ; -0.185     ; 2.287      ;
; 2.200 ; LCD:lcdCtrl|CNT1[1]              ; LCD:lcdCtrl|NextState.MSG1    ; LCD:lcdCtrl|CLK_DLY ; LCD:lcdCtrl|CLK_DLY ; 0.000        ; 0.098      ; 2.542      ;
; 2.200 ; LCD:lcdCtrl|CNT2[3]              ; LCD:lcdCtrl|Data[5]           ; LCD:lcdCtrl|CLK_DLY ; LCD:lcdCtrl|CLK_DLY ; 0.000        ; 0.098      ; 2.542      ;
; 2.202 ; LCD:lcdCtrl|CurrentState.ASK1    ; LCD:lcdCtrl|Data[6]           ; CLK_50              ; LCD:lcdCtrl|CLK_DLY ; 0.000        ; -0.189     ; 2.287      ;
; 2.204 ; LCD:lcdCtrl|CNT2[3]              ; LCD:lcdCtrl|Data[3]           ; LCD:lcdCtrl|CLK_DLY ; LCD:lcdCtrl|CLK_DLY ; 0.000        ; 0.094      ; 2.542      ;
; 2.212 ; LCD:lcdCtrl|CurrentState.MSG1    ; LCD:lcdCtrl|Data[7]           ; CLK_50              ; LCD:lcdCtrl|CLK_DLY ; 0.000        ; -0.186     ; 2.300      ;
; 2.214 ; LCD:lcdCtrl|CNT2[2]              ; LCD:lcdCtrl|NextState.LCD_CLR ; LCD:lcdCtrl|CLK_DLY ; LCD:lcdCtrl|CLK_DLY ; 0.000        ; 0.096      ; 2.554      ;
; 2.217 ; LCD:lcdCtrl|CurrentState.D_ON    ; LCD:lcdCtrl|Data[3]           ; CLK_50              ; LCD:lcdCtrl|CLK_DLY ; 0.000        ; -0.187     ; 2.304      ;
; 2.218 ; LCD:lcdCtrl|CNT2[1]              ; LCD:lcdCtrl|Data[3]           ; LCD:lcdCtrl|CLK_DLY ; LCD:lcdCtrl|CLK_DLY ; 0.000        ; 0.094      ; 2.556      ;
; 2.222 ; LCD:lcdCtrl|CNT1[1]              ; LCD:lcdCtrl|CNT2[1]           ; LCD:lcdCtrl|CLK_DLY ; LCD:lcdCtrl|CLK_DLY ; 0.000        ; 0.096      ; 2.562      ;
; 2.223 ; LCD:lcdCtrl|CNT1[1]              ; LCD:lcdCtrl|CNT2[0]           ; LCD:lcdCtrl|CLK_DLY ; LCD:lcdCtrl|CLK_DLY ; 0.000        ; 0.096      ; 2.563      ;
; 2.224 ; LCD:lcdCtrl|CNT1[1]              ; LCD:lcdCtrl|CNT2[2]           ; LCD:lcdCtrl|CLK_DLY ; LCD:lcdCtrl|CLK_DLY ; 0.000        ; 0.096      ; 2.564      ;
+-------+----------------------------------+-------------------------------+---------------------+---------------------+--------------+------------+------------+


+------------------------------------------------------------------------------------------------------------------------------------------------------------------------------+
; Slow 1000mV 85C Model Hold: 'CLK_50'                                                                                                                                         ;
+-------+------------------------------------------+------------------------------------------+-------------------------+-------------+--------------+------------+------------+
; Slack ; From Node                                ; To Node                                  ; Launch Clock            ; Latch Clock ; Relationship ; Clock Skew ; Data Delay ;
+-------+------------------------------------------+------------------------------------------+-------------------------+-------------+--------------+------------+------------+
; 0.517 ; Keyboard:Kb|package_reg[10]              ; Keyboard:Kb|package_reg[9]               ; CLK_50                  ; CLK_50      ; 0.000        ; 0.096      ; 0.857      ;
; 0.518 ; LCD:lcdCtrl|ClkCnt[19]                   ; LCD:lcdCtrl|ClkCnt[19]                   ; CLK_50                  ; CLK_50      ; 0.000        ; 0.097      ; 0.859      ;
; 0.519 ; Keyboard:Kb|Debounce:deb_inst|cnt_reg[1] ; Keyboard:Kb|Debounce:deb_inst|cnt_reg[2] ; CLK_50                  ; CLK_50      ; 0.000        ; 0.096      ; 0.859      ;
; 0.522 ; Keyboard:Kb|cnt_reg[3]                   ; Keyboard:Kb|cnt_reg[3]                   ; CLK_50                  ; CLK_50      ; 0.000        ; 0.097      ; 0.863      ;
; 0.522 ; Keyboard:Kb|state_reg                    ; Keyboard:Kb|state_reg                    ; CLK_50                  ; CLK_50      ; 0.000        ; 0.097      ; 0.863      ;
; 0.522 ; Keyboard:Kb|cnt_reg[2]                   ; Keyboard:Kb|cnt_reg[2]                   ; CLK_50                  ; CLK_50      ; 0.000        ; 0.097      ; 0.863      ;
; 0.522 ; Keyboard:Kb|cnt_reg[0]                   ; Keyboard:Kb|cnt_reg[0]                   ; CLK_50                  ; CLK_50      ; 0.000        ; 0.097      ; 0.863      ;
; 0.522 ; Keyboard:Kb|cnt_reg[1]                   ; Keyboard:Kb|cnt_reg[1]                   ; CLK_50                  ; CLK_50      ; 0.000        ; 0.097      ; 0.863      ;
; 0.522 ; Keyboard:Kb|e0_flag_reg                  ; Keyboard:Kb|e0_flag_reg                  ; CLK_50                  ; CLK_50      ; 0.000        ; 0.097      ; 0.863      ;
; 0.522 ; Keyboard:Kb|f0_flag_reg                  ; Keyboard:Kb|f0_flag_reg                  ; CLK_50                  ; CLK_50      ; 0.000        ; 0.097      ; 0.863      ;
; 0.522 ; Keyboard:Kb|package_reg[1]               ; Keyboard:Kb|package_reg[1]               ; CLK_50                  ; CLK_50      ; 0.000        ; 0.097      ; 0.863      ;
; 0.523 ; Keyboard:Kb|parity_reg                   ; Keyboard:Kb|parity_reg                   ; CLK_50                  ; CLK_50      ; 0.000        ; 0.096      ; 0.863      ;
; 0.523 ; Keyboard:Kb|Debounce:deb_inst|out_reg    ; Keyboard:Kb|Debounce:deb_inst|out_reg    ; CLK_50                  ; CLK_50      ; 0.000        ; 0.096      ; 0.863      ;
; 0.523 ; Keyboard:Kb|Debounce:deb_inst|cnt_reg[1] ; Keyboard:Kb|Debounce:deb_inst|cnt_reg[1] ; CLK_50                  ; CLK_50      ; 0.000        ; 0.096      ; 0.863      ;
; 0.523 ; Keyboard:Kb|Debounce:deb_inst|cnt_reg[2] ; Keyboard:Kb|Debounce:deb_inst|cnt_reg[2] ; CLK_50                  ; CLK_50      ; 0.000        ; 0.096      ; 0.863      ;
; 0.528 ; Keyboard:Kb|Debounce:deb_inst|cnt_reg[0] ; Keyboard:Kb|Debounce:deb_inst|cnt_reg[0] ; CLK_50                  ; CLK_50      ; 0.000        ; 0.096      ; 0.868      ;
; 0.530 ; Keyboard:Kb|Debounce:deb_inst|ff_reg[0]  ; Keyboard:Kb|Debounce:deb_inst|cnt_reg[0] ; CLK_50                  ; CLK_50      ; 0.000        ; 0.096      ; 0.870      ;
; 0.531 ; Keyboard:Kb|Debounce:deb_inst|ff_reg[0]  ; Keyboard:Kb|Debounce:deb_inst|cnt_reg[1] ; CLK_50                  ; CLK_50      ; 0.000        ; 0.096      ; 0.871      ;
; 0.535 ; Keyboard:Kb|e0_flag_reg                  ; Keyboard:Kb|data_reg[15]                 ; CLK_50                  ; CLK_50      ; 0.000        ; 0.753      ; 1.532      ;
; 0.537 ; Keyboard:Kb|e0_flag_reg                  ; Keyboard:Kb|data_reg[13]                 ; CLK_50                  ; CLK_50      ; 0.000        ; 0.753      ; 1.534      ;
; 0.539 ; Keyboard:Kb|Debounce:deb_inst|ff_reg[0]  ; Keyboard:Kb|Debounce:deb_inst|ff_reg[1]  ; CLK_50                  ; CLK_50      ; 0.000        ; 0.096      ; 0.879      ;
; 0.654 ; Keyboard:Kb|f0_flag_reg                  ; Keyboard:Kb|data_reg[14]                 ; CLK_50                  ; CLK_50      ; 0.000        ; 0.753      ; 1.651      ;
; 0.661 ; LCD:lcdCtrl|NextState.MSG1               ; LCD:lcdCtrl|CurrentState.MSG1            ; LCD:lcdCtrl|CLK_DLY     ; CLK_50      ; 0.000        ; 0.472      ; 1.407      ;
; 0.674 ; Keyboard:Kb|data_reg[0]                  ; Keyboard:Kb|data_reg[13]                 ; Keyboard:Kb|data_reg[0] ; CLK_50      ; 0.000        ; 4.221      ; 5.479      ;
; 0.674 ; Keyboard:Kb|data_reg[0]                  ; Keyboard:Kb|data_reg[14]                 ; Keyboard:Kb|data_reg[0] ; CLK_50      ; 0.000        ; 4.221      ; 5.479      ;
; 0.674 ; Keyboard:Kb|data_reg[0]                  ; Keyboard:Kb|data_reg[15]                 ; Keyboard:Kb|data_reg[0] ; CLK_50      ; 0.000        ; 4.221      ; 5.479      ;
; 0.684 ; Keyboard:Kb|e0_flag_reg                  ; Keyboard:Kb|data_reg[14]                 ; CLK_50                  ; CLK_50      ; 0.000        ; 0.753      ; 1.681      ;
; 0.728 ; Keyboard:Kb|data_reg[2]                  ; Keyboard:Kb|data_reg[10]                 ; CLK_50                  ; CLK_50      ; 0.000        ; 0.145      ; 1.117      ;
; 0.732 ; Keyboard:Kb|state_reg                    ; Keyboard:Kb|cnt_reg[2]                   ; CLK_50                  ; CLK_50      ; 0.000        ; 0.097      ; 1.073      ;
; 0.734 ; Keyboard:Kb|data_reg[0]                  ; Keyboard:Kb|data_reg[12]                 ; Keyboard:Kb|data_reg[0] ; CLK_50      ; 0.000        ; 4.159      ; 5.477      ;
; 0.736 ; Keyboard:Kb|state_reg                    ; Keyboard:Kb|cnt_reg[3]                   ; CLK_50                  ; CLK_50      ; 0.000        ; 0.097      ; 1.077      ;
; 0.746 ; LCD:lcdCtrl|ClkCnt[5]                    ; LCD:lcdCtrl|ClkCnt[5]                    ; CLK_50                  ; CLK_50      ; 0.000        ; 0.097      ; 1.087      ;
; 0.747 ; LCD:lcdCtrl|NextState.ASK3               ; LCD:lcdCtrl|CurrentState.ASK3            ; LCD:lcdCtrl|CLK_DLY     ; CLK_50      ; 0.000        ; 0.472      ; 1.493      ;
; 0.749 ; LCD:lcdCtrl|ClkCnt[1]                    ; LCD:lcdCtrl|ClkCnt[1]                    ; CLK_50                  ; CLK_50      ; 0.000        ; 0.097      ; 1.090      ;
; 0.749 ; LCD:lcdCtrl|ClkCnt[3]                    ; LCD:lcdCtrl|ClkCnt[3]                    ; CLK_50                  ; CLK_50      ; 0.000        ; 0.097      ; 1.090      ;
; 0.750 ; Keyboard:Kb|state_reg                    ; Keyboard:Kb|error_reg                    ; CLK_50                  ; CLK_50      ; 0.000        ; 0.097      ; 1.091      ;
; 0.752 ; LCD:lcdCtrl|ClkCnt[2]                    ; LCD:lcdCtrl|ClkCnt[2]                    ; CLK_50                  ; CLK_50      ; 0.000        ; 0.097      ; 1.093      ;
; 0.752 ; LCD:lcdCtrl|ClkCnt[4]                    ; LCD:lcdCtrl|ClkCnt[4]                    ; CLK_50                  ; CLK_50      ; 0.000        ; 0.097      ; 1.093      ;
; 0.757 ; LCD:lcdCtrl|ClkCnt[7]                    ; LCD:lcdCtrl|ClkCnt[7]                    ; CLK_50                  ; CLK_50      ; 0.000        ; 0.097      ; 1.098      ;
; 0.758 ; LCD:lcdCtrl|ClkCnt[9]                    ; LCD:lcdCtrl|ClkCnt[9]                    ; CLK_50                  ; CLK_50      ; 0.000        ; 0.097      ; 1.099      ;
; 0.759 ; LCD:lcdCtrl|ClkCnt[13]                   ; LCD:lcdCtrl|ClkCnt[13]                   ; CLK_50                  ; CLK_50      ; 0.000        ; 0.097      ; 1.100      ;
; 0.760 ; LCD:lcdCtrl|ClkCnt[15]                   ; LCD:lcdCtrl|ClkCnt[15]                   ; CLK_50                  ; CLK_50      ; 0.000        ; 0.097      ; 1.101      ;
; 0.761 ; LCD:lcdCtrl|ClkCnt[11]                   ; LCD:lcdCtrl|ClkCnt[11]                   ; CLK_50                  ; CLK_50      ; 0.000        ; 0.097      ; 1.102      ;
; 0.762 ; LCD:lcdCtrl|ClkCnt[10]                   ; LCD:lcdCtrl|ClkCnt[10]                   ; CLK_50                  ; CLK_50      ; 0.000        ; 0.097      ; 1.103      ;
; 0.762 ; LCD:lcdCtrl|ClkCnt[16]                   ; LCD:lcdCtrl|ClkCnt[16]                   ; CLK_50                  ; CLK_50      ; 0.000        ; 0.097      ; 1.103      ;
; 0.762 ; LCD:lcdCtrl|ClkCnt[17]                   ; LCD:lcdCtrl|ClkCnt[17]                   ; CLK_50                  ; CLK_50      ; 0.000        ; 0.097      ; 1.103      ;
; 0.763 ; LCD:lcdCtrl|ClkCnt[6]                    ; LCD:lcdCtrl|ClkCnt[6]                    ; CLK_50                  ; CLK_50      ; 0.000        ; 0.097      ; 1.104      ;
; 0.763 ; LCD:lcdCtrl|ClkCnt[8]                    ; LCD:lcdCtrl|ClkCnt[8]                    ; CLK_50                  ; CLK_50      ; 0.000        ; 0.097      ; 1.104      ;
; 0.764 ; LCD:lcdCtrl|ClkCnt[12]                   ; LCD:lcdCtrl|ClkCnt[12]                   ; CLK_50                  ; CLK_50      ; 0.000        ; 0.097      ; 1.105      ;
; 0.765 ; LCD:lcdCtrl|ClkCnt[18]                   ; LCD:lcdCtrl|ClkCnt[18]                   ; CLK_50                  ; CLK_50      ; 0.000        ; 0.097      ; 1.106      ;
; 0.765 ; LCD:lcdCtrl|ClkCnt[14]                   ; LCD:lcdCtrl|ClkCnt[14]                   ; CLK_50                  ; CLK_50      ; 0.000        ; 0.097      ; 1.106      ;
; 0.765 ; LCD:lcdCtrl|NextState.L1                 ; LCD:lcdCtrl|CurrentState.L1              ; LCD:lcdCtrl|CLK_DLY     ; CLK_50      ; 0.000        ; 0.472      ; 1.511      ;
; 0.769 ; LCD:lcdCtrl|NextState.ASK1               ; LCD:lcdCtrl|CurrentState.ASK1            ; LCD:lcdCtrl|CLK_DLY     ; CLK_50      ; 0.000        ; 0.472      ; 1.515      ;
; 0.775 ; LCD:lcdCtrl|ClkCnt[0]                    ; LCD:lcdCtrl|ClkCnt[0]                    ; CLK_50                  ; CLK_50      ; 0.000        ; 0.097      ; 1.116      ;
; 0.777 ; Keyboard:Kb|Debounce:deb_inst|cnt_reg[0] ; Keyboard:Kb|Debounce:deb_inst|cnt_reg[1] ; CLK_50                  ; CLK_50      ; 0.000        ; 0.096      ; 1.117      ;
; 0.777 ; LCD:lcdCtrl|NextState.ASK2               ; LCD:lcdCtrl|CurrentState.ASK2            ; LCD:lcdCtrl|CLK_DLY     ; CLK_50      ; 0.000        ; 0.471      ; 1.522      ;
; 0.779 ; LCD:lcdCtrl|NextState.MSG2               ; LCD:lcdCtrl|CurrentState.MSG2            ; LCD:lcdCtrl|CLK_DLY     ; CLK_50      ; 0.000        ; 0.472      ; 1.525      ;
; 0.780 ; Keyboard:Kb|f0_flag_reg                  ; Keyboard:Kb|data_reg[12]                 ; CLK_50                  ; CLK_50      ; 0.000        ; 0.691      ; 1.715      ;
; 0.780 ; Keyboard:Kb|package_reg[2]               ; Keyboard:Kb|package_reg[1]               ; CLK_50                  ; CLK_50      ; 0.000        ; 0.097      ; 1.121      ;
; 0.782 ; Keyboard:Kb|data_reg[0]                  ; Keyboard:Kb|data_reg[11]                 ; Keyboard:Kb|data_reg[0] ; CLK_50      ; 0.000        ; 4.219      ; 5.585      ;
; 0.785 ; Keyboard:Kb|data_reg[0]                  ; Keyboard:Kb|data_reg[9]                  ; Keyboard:Kb|data_reg[0] ; CLK_50      ; 0.000        ; 4.219      ; 5.588      ;
; 0.786 ; Keyboard:Kb|data_reg[0]                  ; Keyboard:Kb|data_reg[10]                 ; Keyboard:Kb|data_reg[0] ; CLK_50      ; 0.000        ; 4.219      ; 5.589      ;
; 0.788 ; Keyboard:Kb|Debounce:deb_inst|ff_reg[1]  ; Keyboard:Kb|Debounce:deb_inst|cnt_reg[0] ; CLK_50                  ; CLK_50      ; 0.000        ; 0.096      ; 1.128      ;
; 0.788 ; Keyboard:Kb|data_reg[0]                  ; Keyboard:Kb|data_reg[8]                  ; Keyboard:Kb|data_reg[0] ; CLK_50      ; 0.000        ; 4.219      ; 5.591      ;
; 0.790 ; Keyboard:Kb|Debounce:deb_inst|ff_reg[1]  ; Keyboard:Kb|Debounce:deb_inst|out_reg    ; CLK_50                  ; CLK_50      ; 0.000        ; 0.096      ; 1.130      ;
; 0.794 ; Keyboard:Kb|Debounce:deb_inst|ff_reg[1]  ; Keyboard:Kb|Debounce:deb_inst|cnt_reg[1] ; CLK_50                  ; CLK_50      ; 0.000        ; 0.096      ; 1.134      ;
; 0.800 ; Keyboard:Kb|Debounce:deb_inst|cnt_reg[0] ; Keyboard:Kb|Debounce:deb_inst|cnt_reg[2] ; CLK_50                  ; CLK_50      ; 0.000        ; 0.096      ; 1.140      ;
; 0.802 ; Keyboard:Kb|cnt_reg[0]                   ; Keyboard:Kb|cnt_reg[1]                   ; CLK_50                  ; CLK_50      ; 0.000        ; 0.097      ; 1.143      ;
; 0.823 ; LCD:lcdCtrl|NextState.ENTRY              ; LCD:lcdCtrl|CurrentState.ENTRY           ; LCD:lcdCtrl|CLK_DLY     ; CLK_50      ; 0.000        ; 0.472      ; 1.569      ;
; 0.831 ; LCD:lcdCtrl|CLK_DLY                      ; LCD:lcdCtrl|CLK_DLY                      ; LCD:lcdCtrl|CLK_DLY     ; CLK_50      ; 0.000        ; 3.616      ; 5.031      ;
; 0.831 ; LCD:lcdCtrl|NextState.L2                 ; LCD:lcdCtrl|CurrentState.L2              ; LCD:lcdCtrl|CLK_DLY     ; CLK_50      ; 0.000        ; 0.472      ; 1.577      ;
; 0.837 ; Keyboard:Kb|data_reg[7]                  ; Keyboard:Kb|data_reg[15]                 ; CLK_50                  ; CLK_50      ; 0.000        ; 0.060      ; 1.141      ;
; 0.839 ; Keyboard:Kb|state_reg                    ; Keyboard:Kb|cnt_reg[1]                   ; CLK_50                  ; CLK_50      ; 0.000        ; 0.097      ; 1.180      ;
; 0.839 ; LCD:lcdCtrl|NextState.LCD_CLR            ; LCD:lcdCtrl|CurrentState.LCD_CLR         ; LCD:lcdCtrl|CLK_DLY     ; CLK_50      ; 0.000        ; 0.472      ; 1.585      ;
; 0.843 ; LCD:lcdCtrl|NextState.D_OFF              ; LCD:lcdCtrl|CurrentState.D_OFF           ; LCD:lcdCtrl|CLK_DLY     ; CLK_50      ; 0.000        ; 0.472      ; 1.589      ;
; 0.866 ; LCD:lcdCtrl|NextState.D_ON               ; LCD:lcdCtrl|CurrentState.D_ON            ; LCD:lcdCtrl|CLK_DLY     ; CLK_50      ; 0.000        ; 0.472      ; 1.612      ;
; 0.900 ; Keyboard:Kb|data_reg[4]                  ; Keyboard:Kb|data_reg[12]                 ; CLK_50                  ; CLK_50      ; 0.000        ; 0.059      ; 1.203      ;
; 0.917 ; Keyboard:Kb|Debounce:deb_inst|cnt_reg[1] ; Keyboard:Kb|Debounce:deb_inst|out_reg    ; CLK_50                  ; CLK_50      ; 0.000        ; 0.096      ; 1.257      ;
; 0.966 ; Keyboard:Kb|package_reg[6]               ; Keyboard:Kb|e0_flag_reg                  ; CLK_50                  ; CLK_50      ; 0.000        ; 0.097      ; 1.307      ;
; 0.971 ; Keyboard:Kb|Debounce:deb_inst|out_reg    ; Keyboard:Kb|ps2_clk_deb_previous_reg     ; CLK_50                  ; CLK_50      ; 0.000        ; 0.096      ; 1.311      ;
; 0.971 ; Keyboard:Kb|state_reg                    ; Keyboard:Kb|cnt_reg[0]                   ; CLK_50                  ; CLK_50      ; 0.000        ; 0.097      ; 1.312      ;
; 0.971 ; Keyboard:Kb|package_reg[6]               ; Keyboard:Kb|package_reg[5]               ; CLK_50                  ; CLK_50      ; 0.000        ; 0.097      ; 1.312      ;
; 0.974 ; Keyboard:Kb|package_reg[6]               ; Keyboard:Kb|f0_flag_reg                  ; CLK_50                  ; CLK_50      ; 0.000        ; 0.097      ; 1.315      ;
; 0.996 ; Keyboard:Kb|package_reg[9]               ; Keyboard:Kb|data_reg[7]                  ; CLK_50                  ; CLK_50      ; 0.000        ; 0.766      ; 2.006      ;
; 1.051 ; Keyboard:Kb|ps2_clk_deb_previous_reg     ; Keyboard:Kb|cnt_reg[0]                   ; CLK_50                  ; CLK_50      ; 0.000        ; 0.108      ; 1.403      ;
; 1.058 ; Keyboard:Kb|ps2_clk_deb_previous_reg     ; Keyboard:Kb|state_reg                    ; CLK_50                  ; CLK_50      ; 0.000        ; 0.108      ; 1.410      ;
; 1.064 ; Keyboard:Kb|state_reg                    ; Keyboard:Kb|parity_reg                   ; CLK_50                  ; CLK_50      ; 0.000        ; 0.085      ; 1.393      ;
; 1.067 ; Keyboard:Kb|ps2_clk_deb_previous_reg     ; Keyboard:Kb|package_reg[1]               ; CLK_50                  ; CLK_50      ; 0.000        ; 0.136      ; 1.447      ;
; 1.083 ; Keyboard:Kb|Debounce:deb_inst|cnt_reg[0] ; Keyboard:Kb|Debounce:deb_inst|out_reg    ; CLK_50                  ; CLK_50      ; 0.000        ; 0.096      ; 1.423      ;
; 1.114 ; Keyboard:Kb|package_reg[6]               ; Keyboard:Kb|package_reg[6]               ; CLK_50                  ; CLK_50      ; 0.000        ; 0.097      ; 1.455      ;
; 1.116 ; Keyboard:Kb|package_reg[4]               ; Keyboard:Kb|package_reg[3]               ; CLK_50                  ; CLK_50      ; 0.000        ; 0.097      ; 1.457      ;
; 1.126 ; Keyboard:Kb|package_reg[3]               ; Keyboard:Kb|package_reg[2]               ; CLK_50                  ; CLK_50      ; 0.000        ; 0.097      ; 1.467      ;
; 1.135 ; Keyboard:Kb|cnt_reg[3]                   ; Keyboard:Kb|error_reg                    ; CLK_50                  ; CLK_50      ; 0.000        ; 0.097      ; 1.476      ;
; 1.140 ; Keyboard:Kb|data_reg[0]                  ; Keyboard:Kb|data_reg[12]                 ; Keyboard:Kb|data_reg[0] ; CLK_50      ; -0.500       ; 4.159      ; 5.383      ;
; 1.145 ; Keyboard:Kb|Debounce:deb_inst|cnt_reg[2] ; Keyboard:Kb|Debounce:deb_inst|out_reg    ; CLK_50                  ; CLK_50      ; 0.000        ; 0.096      ; 1.485      ;
; 1.157 ; Keyboard:Kb|package_reg[8]               ; Keyboard:Kb|data_reg[7]                  ; CLK_50                  ; CLK_50      ; 0.000        ; 0.766      ; 2.167      ;
; 1.158 ; LCD:lcdCtrl|ClkCnt[0]                    ; LCD:lcdCtrl|ClkCnt[1]                    ; CLK_50                  ; CLK_50      ; 0.000        ; 0.097      ; 1.499      ;
; 1.162 ; Keyboard:Kb|data_reg[1]                  ; Keyboard:Kb|data_reg[9]                  ; CLK_50                  ; CLK_50      ; 0.000        ; 0.145      ; 1.551      ;
; 1.162 ; LCD:lcdCtrl|ClkCnt[4]                    ; LCD:lcdCtrl|ClkCnt[5]                    ; CLK_50                  ; CLK_50      ; 0.000        ; 0.097      ; 1.503      ;
; 1.162 ; LCD:lcdCtrl|ClkCnt[2]                    ; LCD:lcdCtrl|ClkCnt[3]                    ; CLK_50                  ; CLK_50      ; 0.000        ; 0.097      ; 1.503      ;
+-------+------------------------------------------+------------------------------------------+-------------------------+-------------+--------------+------------+------------+


+------------------------------------------------------------------------------------------------------------------------------------------------------+
; Slow 1000mV 85C Model Hold: 'u0|altpll_0|sd1|pll7|clk[0]'                                                                                            ;
+-------+--------------------+--------------------+-----------------------------+-----------------------------+--------------+------------+------------+
; Slack ; From Node          ; To Node            ; Launch Clock                ; Latch Clock                 ; Relationship ; Clock Skew ; Data Delay ;
+-------+--------------------+--------------------+-----------------------------+-----------------------------+--------------+------------+------------+
; 0.535 ; Sync:U1|radius[10] ; Sync:U1|radius[10] ; u0|altpll_0|sd1|pll7|clk[0] ; u0|altpll_0|sd1|pll7|clk[0] ; 0.000        ; 0.097      ; 0.876      ;
; 0.720 ; Sync:U1|HPOS[10]   ; Sync:U1|HSYNC      ; u0|altpll_0|sd1|pll7|clk[0] ; u0|altpll_0|sd1|pll7|clk[0] ; 0.000        ; 0.098      ; 1.062      ;
; 0.746 ; Sync:U1|VPOS[10]   ; Sync:U1|VSYNC      ; u0|altpll_0|sd1|pll7|clk[0] ; u0|altpll_0|sd1|pll7|clk[0] ; 0.000        ; 0.098      ; 1.088      ;
; 0.774 ; Sync:U1|br[4]      ; Sync:U1|br[4]      ; u0|altpll_0|sd1|pll7|clk[0] ; u0|altpll_0|sd1|pll7|clk[0] ; 0.000        ; 0.098      ; 1.116      ;
; 0.775 ; Sync:U1|HPOS[1]    ; Sync:U1|HPOS[1]    ; u0|altpll_0|sd1|pll7|clk[0] ; u0|altpll_0|sd1|pll7|clk[0] ; 0.000        ; 0.099      ; 1.118      ;
; 0.778 ; Sync:U1|br[8]      ; Sync:U1|br[8]      ; u0|altpll_0|sd1|pll7|clk[0] ; u0|altpll_0|sd1|pll7|clk[0] ; 0.000        ; 0.098      ; 1.120      ;
; 0.778 ; Sync:U1|br[6]      ; Sync:U1|br[6]      ; u0|altpll_0|sd1|pll7|clk[0] ; u0|altpll_0|sd1|pll7|clk[0] ; 0.000        ; 0.098      ; 1.120      ;
; 0.778 ; Sync:U1|radius[4]  ; Sync:U1|radius[4]  ; u0|altpll_0|sd1|pll7|clk[0] ; u0|altpll_0|sd1|pll7|clk[0] ; 0.000        ; 0.097      ; 1.119      ;
; 0.778 ; Sync:U1|p[8]       ; Sync:U1|p[8]       ; u0|altpll_0|sd1|pll7|clk[0] ; u0|altpll_0|sd1|pll7|clk[0] ; 0.000        ; 0.098      ; 1.120      ;
; 0.778 ; Sync:U1|p[6]       ; Sync:U1|p[6]       ; u0|altpll_0|sd1|pll7|clk[0] ; u0|altpll_0|sd1|pll7|clk[0] ; 0.000        ; 0.098      ; 1.120      ;
; 0.778 ; Sync:U1|b[10]      ; Sync:U1|b[10]      ; u0|altpll_0|sd1|pll7|clk[0] ; u0|altpll_0|sd1|pll7|clk[0] ; 0.000        ; 0.097      ; 1.119      ;
; 0.779 ; Sync:U1|radius[8]  ; Sync:U1|radius[8]  ; u0|altpll_0|sd1|pll7|clk[0] ; u0|altpll_0|sd1|pll7|clk[0] ; 0.000        ; 0.097      ; 1.120      ;
; 0.779 ; Sync:U1|a[6]       ; Sync:U1|a[6]       ; u0|altpll_0|sd1|pll7|clk[0] ; u0|altpll_0|sd1|pll7|clk[0] ; 0.000        ; 0.096      ; 1.119      ;
; 0.780 ; Sync:U1|br[10]     ; Sync:U1|br[10]     ; u0|altpll_0|sd1|pll7|clk[0] ; u0|altpll_0|sd1|pll7|clk[0] ; 0.000        ; 0.098      ; 1.122      ;
; 0.780 ; Sync:U1|br[2]      ; Sync:U1|br[2]      ; u0|altpll_0|sd1|pll7|clk[0] ; u0|altpll_0|sd1|pll7|clk[0] ; 0.000        ; 0.098      ; 1.122      ;
; 0.780 ; Sync:U1|p[10]      ; Sync:U1|p[10]      ; u0|altpll_0|sd1|pll7|clk[0] ; u0|altpll_0|sd1|pll7|clk[0] ; 0.000        ; 0.098      ; 1.122      ;
; 0.780 ; Sync:U1|p[2]       ; Sync:U1|p[2]       ; u0|altpll_0|sd1|pll7|clk[0] ; u0|altpll_0|sd1|pll7|clk[0] ; 0.000        ; 0.098      ; 1.122      ;
; 0.780 ; Sync:U1|a[8]       ; Sync:U1|a[8]       ; u0|altpll_0|sd1|pll7|clk[0] ; u0|altpll_0|sd1|pll7|clk[0] ; 0.000        ; 0.096      ; 1.120      ;
; 0.781 ; Sync:U1|br[7]      ; Sync:U1|br[7]      ; u0|altpll_0|sd1|pll7|clk[0] ; u0|altpll_0|sd1|pll7|clk[0] ; 0.000        ; 0.098      ; 1.123      ;
; 0.781 ; Sync:U1|br[5]      ; Sync:U1|br[5]      ; u0|altpll_0|sd1|pll7|clk[0] ; u0|altpll_0|sd1|pll7|clk[0] ; 0.000        ; 0.098      ; 1.123      ;
; 0.781 ; Sync:U1|radius[1]  ; Sync:U1|radius[1]  ; u0|altpll_0|sd1|pll7|clk[0] ; u0|altpll_0|sd1|pll7|clk[0] ; 0.000        ; 0.097      ; 1.122      ;
; 0.781 ; Sync:U1|p[7]       ; Sync:U1|p[7]       ; u0|altpll_0|sd1|pll7|clk[0] ; u0|altpll_0|sd1|pll7|clk[0] ; 0.000        ; 0.098      ; 1.123      ;
; 0.781 ; Sync:U1|b[1]       ; Sync:U1|b[1]       ; u0|altpll_0|sd1|pll7|clk[0] ; u0|altpll_0|sd1|pll7|clk[0] ; 0.000        ; 0.097      ; 1.122      ;
; 0.782 ; Sync:U1|radius[9]  ; Sync:U1|radius[9]  ; u0|altpll_0|sd1|pll7|clk[0] ; u0|altpll_0|sd1|pll7|clk[0] ; 0.000        ; 0.097      ; 1.123      ;
; 0.782 ; Sync:U1|radius[7]  ; Sync:U1|radius[7]  ; u0|altpll_0|sd1|pll7|clk[0] ; u0|altpll_0|sd1|pll7|clk[0] ; 0.000        ; 0.097      ; 1.123      ;
; 0.782 ; Sync:U1|b[9]       ; Sync:U1|b[9]       ; u0|altpll_0|sd1|pll7|clk[0] ; u0|altpll_0|sd1|pll7|clk[0] ; 0.000        ; 0.097      ; 1.123      ;
; 0.782 ; Sync:U1|b[7]       ; Sync:U1|b[7]       ; u0|altpll_0|sd1|pll7|clk[0] ; u0|altpll_0|sd1|pll7|clk[0] ; 0.000        ; 0.097      ; 1.123      ;
; 0.782 ; Sync:U1|b[5]       ; Sync:U1|b[5]       ; u0|altpll_0|sd1|pll7|clk[0] ; u0|altpll_0|sd1|pll7|clk[0] ; 0.000        ; 0.097      ; 1.123      ;
; 0.782 ; Sync:U1|a[10]      ; Sync:U1|a[10]      ; u0|altpll_0|sd1|pll7|clk[0] ; u0|altpll_0|sd1|pll7|clk[0] ; 0.000        ; 0.096      ; 1.122      ;
; 0.782 ; Sync:U1|a[5]       ; Sync:U1|a[5]       ; u0|altpll_0|sd1|pll7|clk[0] ; u0|altpll_0|sd1|pll7|clk[0] ; 0.000        ; 0.096      ; 1.122      ;
; 0.782 ; Sync:U1|a[3]       ; Sync:U1|a[3]       ; u0|altpll_0|sd1|pll7|clk[0] ; u0|altpll_0|sd1|pll7|clk[0] ; 0.000        ; 0.096      ; 1.122      ;
; 0.803 ; Sync:U1|HPOS[2]    ; Sync:U1|HPOS[2]    ; u0|altpll_0|sd1|pll7|clk[0] ; u0|altpll_0|sd1|pll7|clk[0] ; 0.000        ; 0.099      ; 1.146      ;
; 0.811 ; Sync:U1|br[0]      ; Sync:U1|br[0]      ; u0|altpll_0|sd1|pll7|clk[0] ; u0|altpll_0|sd1|pll7|clk[0] ; 0.000        ; 0.098      ; 1.153      ;
; 0.811 ; Sync:U1|radius[0]  ; Sync:U1|radius[0]  ; u0|altpll_0|sd1|pll7|clk[0] ; u0|altpll_0|sd1|pll7|clk[0] ; 0.000        ; 0.097      ; 1.152      ;
; 0.838 ; Sync:U1|HPOS[0]    ; Sync:U1|HPOS[0]    ; u0|altpll_0|sd1|pll7|clk[0] ; u0|altpll_0|sd1|pll7|clk[0] ; 0.000        ; 0.099      ; 1.181      ;
; 0.915 ; Sync:U1|br[9]      ; Sync:U1|br[9]      ; u0|altpll_0|sd1|pll7|clk[0] ; u0|altpll_0|sd1|pll7|clk[0] ; 0.000        ; 0.098      ; 1.257      ;
; 0.918 ; Sync:U1|br[3]      ; Sync:U1|br[3]      ; u0|altpll_0|sd1|pll7|clk[0] ; u0|altpll_0|sd1|pll7|clk[0] ; 0.000        ; 0.098      ; 1.260      ;
; 0.918 ; Sync:U1|p[3]       ; Sync:U1|p[3]       ; u0|altpll_0|sd1|pll7|clk[0] ; u0|altpll_0|sd1|pll7|clk[0] ; 0.000        ; 0.098      ; 1.260      ;
; 0.918 ; Sync:U1|b[2]       ; Sync:U1|b[2]       ; u0|altpll_0|sd1|pll7|clk[0] ; u0|altpll_0|sd1|pll7|clk[0] ; 0.000        ; 0.097      ; 1.259      ;
; 0.922 ; Sync:U1|br[1]      ; Sync:U1|br[1]      ; u0|altpll_0|sd1|pll7|clk[0] ; u0|altpll_0|sd1|pll7|clk[0] ; 0.000        ; 0.098      ; 1.264      ;
; 0.932 ; Sync:U1|b[3]       ; Sync:U1|b[3]       ; u0|altpll_0|sd1|pll7|clk[0] ; u0|altpll_0|sd1|pll7|clk[0] ; 0.000        ; 0.097      ; 1.273      ;
; 0.934 ; Sync:U1|b[8]       ; Sync:U1|b[8]       ; u0|altpll_0|sd1|pll7|clk[0] ; u0|altpll_0|sd1|pll7|clk[0] ; 0.000        ; 0.097      ; 1.275      ;
; 0.938 ; Sync:U1|p[9]       ; Sync:U1|p[9]       ; u0|altpll_0|sd1|pll7|clk[0] ; u0|altpll_0|sd1|pll7|clk[0] ; 0.000        ; 0.098      ; 1.280      ;
; 0.939 ; Sync:U1|a[9]       ; Sync:U1|a[9]       ; u0|altpll_0|sd1|pll7|clk[0] ; u0|altpll_0|sd1|pll7|clk[0] ; 0.000        ; 0.096      ; 1.279      ;
; 0.942 ; Sync:U1|radius[3]  ; Sync:U1|radius[3]  ; u0|altpll_0|sd1|pll7|clk[0] ; u0|altpll_0|sd1|pll7|clk[0] ; 0.000        ; 0.097      ; 1.283      ;
; 0.960 ; Sync:U1|m[8]       ; Sync:U1|m[8]       ; u0|altpll_0|sd1|pll7|clk[0] ; u0|altpll_0|sd1|pll7|clk[0] ; 0.000        ; 0.097      ; 1.301      ;
; 0.985 ; Sync:U1|m[10]      ; Sync:U1|m[10]      ; u0|altpll_0|sd1|pll7|clk[0] ; u0|altpll_0|sd1|pll7|clk[0] ; 0.000        ; 0.097      ; 1.326      ;
; 1.014 ; Sync:U1|HPOS[8]    ; Sync:U1|HSYNC      ; u0|altpll_0|sd1|pll7|clk[0] ; u0|altpll_0|sd1|pll7|clk[0] ; 0.000        ; 0.098      ; 1.356      ;
; 1.046 ; Sync:U1|VPOS[5]    ; Sync:U1|VSYNC      ; u0|altpll_0|sd1|pll7|clk[0] ; u0|altpll_0|sd1|pll7|clk[0] ; 0.000        ; 0.098      ; 1.388      ;
; 1.154 ; Sync:U1|m[2]       ; Sync:U1|m[2]       ; u0|altpll_0|sd1|pll7|clk[0] ; u0|altpll_0|sd1|pll7|clk[0] ; 0.000        ; 0.097      ; 1.495      ;
; 1.172 ; Sync:U1|b[6]       ; Sync:U1|b[6]       ; u0|altpll_0|sd1|pll7|clk[0] ; u0|altpll_0|sd1|pll7|clk[0] ; 0.000        ; 0.097      ; 1.513      ;
; 1.173 ; Sync:U1|radius[6]  ; Sync:U1|radius[6]  ; u0|altpll_0|sd1|pll7|clk[0] ; u0|altpll_0|sd1|pll7|clk[0] ; 0.000        ; 0.097      ; 1.514      ;
; 1.186 ; Sync:U1|br[4]      ; Sync:U1|br[5]      ; u0|altpll_0|sd1|pll7|clk[0] ; u0|altpll_0|sd1|pll7|clk[0] ; 0.000        ; 0.098      ; 1.528      ;
; 1.190 ; Sync:U1|HPOS[1]    ; Sync:U1|HPOS[2]    ; u0|altpll_0|sd1|pll7|clk[0] ; u0|altpll_0|sd1|pll7|clk[0] ; 0.000        ; 0.099      ; 1.533      ;
; 1.190 ; Sync:U1|radius[0]  ; Sync:U1|radius[1]  ; u0|altpll_0|sd1|pll7|clk[0] ; u0|altpll_0|sd1|pll7|clk[0] ; 0.000        ; 0.097      ; 1.531      ;
; 1.190 ; Sync:U1|br[2]      ; Sync:U1|br[3]      ; u0|altpll_0|sd1|pll7|clk[0] ; u0|altpll_0|sd1|pll7|clk[0] ; 0.000        ; 0.098      ; 1.532      ;
; 1.190 ; Sync:U1|p[2]       ; Sync:U1|p[3]       ; u0|altpll_0|sd1|pll7|clk[0] ; u0|altpll_0|sd1|pll7|clk[0] ; 0.000        ; 0.098      ; 1.532      ;
; 1.190 ; Sync:U1|br[0]      ; Sync:U1|br[1]      ; u0|altpll_0|sd1|pll7|clk[0] ; u0|altpll_0|sd1|pll7|clk[0] ; 0.000        ; 0.098      ; 1.532      ;
; 1.191 ; Sync:U1|br[6]      ; Sync:U1|br[7]      ; u0|altpll_0|sd1|pll7|clk[0] ; u0|altpll_0|sd1|pll7|clk[0] ; 0.000        ; 0.098      ; 1.533      ;
; 1.191 ; Sync:U1|p[6]       ; Sync:U1|p[7]       ; u0|altpll_0|sd1|pll7|clk[0] ; u0|altpll_0|sd1|pll7|clk[0] ; 0.000        ; 0.098      ; 1.533      ;
; 1.191 ; Sync:U1|br[8]      ; Sync:U1|br[9]      ; u0|altpll_0|sd1|pll7|clk[0] ; u0|altpll_0|sd1|pll7|clk[0] ; 0.000        ; 0.098      ; 1.533      ;
; 1.191 ; Sync:U1|p[8]       ; Sync:U1|p[9]       ; u0|altpll_0|sd1|pll7|clk[0] ; u0|altpll_0|sd1|pll7|clk[0] ; 0.000        ; 0.098      ; 1.533      ;
; 1.192 ; Sync:U1|b[0]       ; Sync:U1|b[1]       ; u0|altpll_0|sd1|pll7|clk[0] ; u0|altpll_0|sd1|pll7|clk[0] ; 0.000        ; 0.097      ; 1.533      ;
; 1.192 ; Sync:U1|radius[8]  ; Sync:U1|radius[9]  ; u0|altpll_0|sd1|pll7|clk[0] ; u0|altpll_0|sd1|pll7|clk[0] ; 0.000        ; 0.097      ; 1.533      ;
; 1.193 ; Sync:U1|br[7]      ; Sync:U1|br[8]      ; u0|altpll_0|sd1|pll7|clk[0] ; u0|altpll_0|sd1|pll7|clk[0] ; 0.000        ; 0.098      ; 1.535      ;
; 1.193 ; Sync:U1|br[5]      ; Sync:U1|br[6]      ; u0|altpll_0|sd1|pll7|clk[0] ; u0|altpll_0|sd1|pll7|clk[0] ; 0.000        ; 0.098      ; 1.535      ;
; 1.193 ; Sync:U1|p[7]       ; Sync:U1|p[8]       ; u0|altpll_0|sd1|pll7|clk[0] ; u0|altpll_0|sd1|pll7|clk[0] ; 0.000        ; 0.098      ; 1.535      ;
; 1.193 ; Sync:U1|p[5]       ; Sync:U1|p[6]       ; u0|altpll_0|sd1|pll7|clk[0] ; u0|altpll_0|sd1|pll7|clk[0] ; 0.000        ; 0.098      ; 1.535      ;
; 1.193 ; Sync:U1|b[1]       ; Sync:U1|b[2]       ; u0|altpll_0|sd1|pll7|clk[0] ; u0|altpll_0|sd1|pll7|clk[0] ; 0.000        ; 0.097      ; 1.534      ;
; 1.193 ; Sync:U1|a[8]       ; Sync:U1|a[9]       ; u0|altpll_0|sd1|pll7|clk[0] ; u0|altpll_0|sd1|pll7|clk[0] ; 0.000        ; 0.096      ; 1.533      ;
; 1.194 ; Sync:U1|radius[9]  ; Sync:U1|radius[10] ; u0|altpll_0|sd1|pll7|clk[0] ; u0|altpll_0|sd1|pll7|clk[0] ; 0.000        ; 0.097      ; 1.535      ;
; 1.194 ; Sync:U1|b[9]       ; Sync:U1|b[10]      ; u0|altpll_0|sd1|pll7|clk[0] ; u0|altpll_0|sd1|pll7|clk[0] ; 0.000        ; 0.097      ; 1.535      ;
; 1.194 ; Sync:U1|radius[7]  ; Sync:U1|radius[8]  ; u0|altpll_0|sd1|pll7|clk[0] ; u0|altpll_0|sd1|pll7|clk[0] ; 0.000        ; 0.097      ; 1.535      ;
; 1.194 ; Sync:U1|a[5]       ; Sync:U1|a[6]       ; u0|altpll_0|sd1|pll7|clk[0] ; u0|altpll_0|sd1|pll7|clk[0] ; 0.000        ; 0.096      ; 1.534      ;
; 1.194 ; Sync:U1|b[7]       ; Sync:U1|b[8]       ; u0|altpll_0|sd1|pll7|clk[0] ; u0|altpll_0|sd1|pll7|clk[0] ; 0.000        ; 0.097      ; 1.535      ;
; 1.196 ; Sync:U1|b[6]       ; Sync:U1|b[7]       ; u0|altpll_0|sd1|pll7|clk[0] ; u0|altpll_0|sd1|pll7|clk[0] ; 0.000        ; 0.097      ; 1.537      ;
; 1.196 ; Sync:U1|b[4]       ; Sync:U1|b[5]       ; u0|altpll_0|sd1|pll7|clk[0] ; u0|altpll_0|sd1|pll7|clk[0] ; 0.000        ; 0.097      ; 1.537      ;
; 1.196 ; Sync:U1|radius[2]  ; Sync:U1|radius[3]  ; u0|altpll_0|sd1|pll7|clk[0] ; u0|altpll_0|sd1|pll7|clk[0] ; 0.000        ; 0.097      ; 1.537      ;
; 1.197 ; Sync:U1|radius[6]  ; Sync:U1|radius[7]  ; u0|altpll_0|sd1|pll7|clk[0] ; u0|altpll_0|sd1|pll7|clk[0] ; 0.000        ; 0.097      ; 1.538      ;
; 1.198 ; Sync:U1|br[4]      ; Sync:U1|br[6]      ; u0|altpll_0|sd1|pll7|clk[0] ; u0|altpll_0|sd1|pll7|clk[0] ; 0.000        ; 0.098      ; 1.540      ;
; 1.202 ; Sync:U1|m[7]       ; Sync:U1|m[7]       ; u0|altpll_0|sd1|pll7|clk[0] ; u0|altpll_0|sd1|pll7|clk[0] ; 0.000        ; 0.097      ; 1.543      ;
; 1.202 ; Sync:U1|br[2]      ; Sync:U1|br[4]      ; u0|altpll_0|sd1|pll7|clk[0] ; u0|altpll_0|sd1|pll7|clk[0] ; 0.000        ; 0.098      ; 1.544      ;
; 1.202 ; Sync:U1|br[0]      ; Sync:U1|br[2]      ; u0|altpll_0|sd1|pll7|clk[0] ; u0|altpll_0|sd1|pll7|clk[0] ; 0.000        ; 0.098      ; 1.544      ;
; 1.203 ; Sync:U1|br[8]      ; Sync:U1|br[10]     ; u0|altpll_0|sd1|pll7|clk[0] ; u0|altpll_0|sd1|pll7|clk[0] ; 0.000        ; 0.098      ; 1.545      ;
; 1.203 ; Sync:U1|p[8]       ; Sync:U1|p[10]      ; u0|altpll_0|sd1|pll7|clk[0] ; u0|altpll_0|sd1|pll7|clk[0] ; 0.000        ; 0.098      ; 1.545      ;
; 1.203 ; Sync:U1|br[6]      ; Sync:U1|br[8]      ; u0|altpll_0|sd1|pll7|clk[0] ; u0|altpll_0|sd1|pll7|clk[0] ; 0.000        ; 0.098      ; 1.545      ;
; 1.203 ; Sync:U1|p[6]       ; Sync:U1|p[8]       ; u0|altpll_0|sd1|pll7|clk[0] ; u0|altpll_0|sd1|pll7|clk[0] ; 0.000        ; 0.098      ; 1.545      ;
; 1.204 ; Sync:U1|a[6]       ; Sync:U1|a[8]       ; u0|altpll_0|sd1|pll7|clk[0] ; u0|altpll_0|sd1|pll7|clk[0] ; 0.000        ; 0.096      ; 1.544      ;
; 1.204 ; Sync:U1|b[0]       ; Sync:U1|b[2]       ; u0|altpll_0|sd1|pll7|clk[0] ; u0|altpll_0|sd1|pll7|clk[0] ; 0.000        ; 0.097      ; 1.545      ;
; 1.204 ; Sync:U1|radius[8]  ; Sync:U1|radius[10] ; u0|altpll_0|sd1|pll7|clk[0] ; u0|altpll_0|sd1|pll7|clk[0] ; 0.000        ; 0.097      ; 1.545      ;
; 1.205 ; Sync:U1|p[5]       ; Sync:U1|p[7]       ; u0|altpll_0|sd1|pll7|clk[0] ; u0|altpll_0|sd1|pll7|clk[0] ; 0.000        ; 0.098      ; 1.547      ;
; 1.205 ; Sync:U1|a[8]       ; Sync:U1|a[10]      ; u0|altpll_0|sd1|pll7|clk[0] ; u0|altpll_0|sd1|pll7|clk[0] ; 0.000        ; 0.096      ; 1.545      ;
; 1.206 ; Sync:U1|p[0]       ; Sync:U1|p[2]       ; u0|altpll_0|sd1|pll7|clk[0] ; u0|altpll_0|sd1|pll7|clk[0] ; 0.000        ; 0.098      ; 1.548      ;
; 1.209 ; Sync:U1|b[0]       ; Sync:U1|b[0]       ; u0|altpll_0|sd1|pll7|clk[0] ; u0|altpll_0|sd1|pll7|clk[0] ; 0.000        ; 0.097      ; 1.550      ;
; 1.216 ; Sync:U1|m[9]       ; Sync:U1|m[9]       ; u0|altpll_0|sd1|pll7|clk[0] ; u0|altpll_0|sd1|pll7|clk[0] ; 0.000        ; 0.097      ; 1.557      ;
; 1.217 ; Sync:U1|HPOS[0]    ; Sync:U1|HPOS[1]    ; u0|altpll_0|sd1|pll7|clk[0] ; u0|altpll_0|sd1|pll7|clk[0] ; 0.000        ; 0.099      ; 1.560      ;
; 1.229 ; Sync:U1|HPOS[0]    ; Sync:U1|HPOS[2]    ; u0|altpll_0|sd1|pll7|clk[0] ; u0|altpll_0|sd1|pll7|clk[0] ; 0.000        ; 0.099      ; 1.572      ;
; 1.302 ; Sync:U1|radius[5]  ; Sync:U1|radius[5]  ; u0|altpll_0|sd1|pll7|clk[0] ; u0|altpll_0|sd1|pll7|clk[0] ; 0.000        ; 0.097      ; 1.643      ;
; 1.303 ; Sync:U1|p[4]       ; Sync:U1|p[4]       ; u0|altpll_0|sd1|pll7|clk[0] ; u0|altpll_0|sd1|pll7|clk[0] ; 0.000        ; 0.098      ; 1.645      ;
; 1.305 ; Sync:U1|HPOS[9]    ; Sync:U1|HSYNC      ; u0|altpll_0|sd1|pll7|clk[0] ; u0|altpll_0|sd1|pll7|clk[0] ; 0.000        ; 0.098      ; 1.647      ;
+-------+--------------------+--------------------+-----------------------------+-----------------------------+--------------+------------+------------+


-----------------------------------------------
; Slow 1000mV 85C Model Metastability Summary ;
-----------------------------------------------
The design MTBF is not calculated because there are no specified synchronizers in the design.
Number of Synchronizer Chains Found: 1
Shortest Synchronizer Chain: 2 Registers
Fraction of Chains for which MTBFs Could Not be Calculated: 1.000
Worst Case Available Settling Time: 31.624 ns




+-------------------------------------------------------------------+
; Slow 1000mV 0C Model Fmax Summary                                 ;
+------------+-----------------+-----------------------------+------+
; Fmax       ; Restricted Fmax ; Clock Name                  ; Note ;
+------------+-----------------+-----------------------------+------+
; 20.98 MHz  ; 20.98 MHz       ; u0|altpll_0|sd1|pll7|clk[0] ;      ;
; 115.87 MHz ; 115.87 MHz      ; CLK_50                      ;      ;
; 138.39 MHz ; 138.39 MHz      ; Keyboard:Kb|data_reg[0]     ;      ;
; 227.32 MHz ; 227.32 MHz      ; LCD:lcdCtrl|CLK_DLY         ;      ;
+------------+-----------------+-----------------------------+------+
This panel reports FMAX for every clock in the design, regardless of the user-specified clock periods.  FMAX is only computed for paths where the source and destination registers or ports are driven by the same clock.  Paths of different clocks, including generated clocks, are ignored.  For paths between a clock and its inversion, FMAX is computed as if the rising and falling edges are scaled along with FMAX, such that the duty cycle (in terms of a percentage) is maintained. Altera recommends that you always use clock constraints and other slack reports for sign-off analysis.


+-------------------------------------------------------+
; Slow 1000mV 0C Model Setup Summary                    ;
+-----------------------------+---------+---------------+
; Clock                       ; Slack   ; End Point TNS ;
+-----------------------------+---------+---------------+
; u0|altpll_0|sd1|pll7|clk[0] ; -38.404 ; -1381.523     ;
; Keyboard:Kb|data_reg[0]     ; -8.913  ; -25.745       ;
; LCD:lcdCtrl|CLK_DLY         ; -6.272  ; -102.285      ;
; CLK_50                      ; -1.479  ; -17.482       ;
+-----------------------------+---------+---------------+


+-----------------------------------------------------+
; Slow 1000mV 0C Model Hold Summary                   ;
+-----------------------------+-------+---------------+
; Clock                       ; Slack ; End Point TNS ;
+-----------------------------+-------+---------------+
; Keyboard:Kb|data_reg[0]     ; 0.284 ; 0.000         ;
; CLK_50                      ; 0.497 ; 0.000         ;
; LCD:lcdCtrl|CLK_DLY         ; 0.504 ; 0.000         ;
; u0|altpll_0|sd1|pll7|clk[0] ; 0.515 ; 0.000         ;
+-----------------------------+-------+---------------+


-----------------------------------------
; Slow 1000mV 0C Model Recovery Summary ;
-----------------------------------------
No paths to report.


----------------------------------------
; Slow 1000mV 0C Model Removal Summary ;
----------------------------------------
No paths to report.


+------------------------------------------------------+
; Slow 1000mV 0C Model Minimum Pulse Width Summary     ;
+-----------------------------+--------+---------------+
; Clock                       ; Slack  ; End Point TNS ;
+-----------------------------+--------+---------------+
; LCD:lcdCtrl|CLK_DLY         ; -1.763 ; -49.364       ;
; Keyboard:Kb|data_reg[0]     ; -0.257 ; -1.778        ;
; u0|altpll_0|sd1|pll7|clk[0] ; 4.292  ; 0.000         ;
; CLK_50                      ; 9.669  ; 0.000         ;
+-----------------------------+--------+---------------+


+-----------------------------------------------------------------------------------------------------------------------------------------------+
; Slow 1000mV 0C Model Setup: 'u0|altpll_0|sd1|pll7|clk[0]'                                                                                     ;
+---------+-----------------+--------------+-----------------------------+-----------------------------+--------------+------------+------------+
; Slack   ; From Node       ; To Node      ; Launch Clock                ; Latch Clock                 ; Relationship ; Clock Skew ; Data Delay ;
+---------+-----------------+--------------+-----------------------------+-----------------------------+--------------+------------+------------+
; -38.404 ; Sync:U1|m[8]    ; Sync:U1|R[2] ; u0|altpll_0|sd1|pll7|clk[0] ; u0|altpll_0|sd1|pll7|clk[0] ; 9.259        ; -0.097     ; 47.578     ;
; -38.404 ; Sync:U1|m[8]    ; Sync:U1|R[4] ; u0|altpll_0|sd1|pll7|clk[0] ; u0|altpll_0|sd1|pll7|clk[0] ; 9.259        ; -0.097     ; 47.578     ;
; -38.403 ; Sync:U1|m[8]    ; Sync:U1|R[0] ; u0|altpll_0|sd1|pll7|clk[0] ; u0|altpll_0|sd1|pll7|clk[0] ; 9.259        ; -0.097     ; 47.577     ;
; -38.403 ; Sync:U1|m[8]    ; Sync:U1|R[3] ; u0|altpll_0|sd1|pll7|clk[0] ; u0|altpll_0|sd1|pll7|clk[0] ; 9.259        ; -0.097     ; 47.577     ;
; -38.402 ; Sync:U1|m[8]    ; Sync:U1|R[1] ; u0|altpll_0|sd1|pll7|clk[0] ; u0|altpll_0|sd1|pll7|clk[0] ; 9.259        ; -0.097     ; 47.576     ;
; -38.401 ; Sync:U1|m[7]    ; Sync:U1|R[2] ; u0|altpll_0|sd1|pll7|clk[0] ; u0|altpll_0|sd1|pll7|clk[0] ; 9.259        ; -0.097     ; 47.575     ;
; -38.401 ; Sync:U1|m[7]    ; Sync:U1|R[4] ; u0|altpll_0|sd1|pll7|clk[0] ; u0|altpll_0|sd1|pll7|clk[0] ; 9.259        ; -0.097     ; 47.575     ;
; -38.400 ; Sync:U1|m[8]    ; Sync:U1|R[5] ; u0|altpll_0|sd1|pll7|clk[0] ; u0|altpll_0|sd1|pll7|clk[0] ; 9.259        ; -0.097     ; 47.574     ;
; -38.400 ; Sync:U1|m[7]    ; Sync:U1|R[0] ; u0|altpll_0|sd1|pll7|clk[0] ; u0|altpll_0|sd1|pll7|clk[0] ; 9.259        ; -0.097     ; 47.574     ;
; -38.400 ; Sync:U1|m[7]    ; Sync:U1|R[3] ; u0|altpll_0|sd1|pll7|clk[0] ; u0|altpll_0|sd1|pll7|clk[0] ; 9.259        ; -0.097     ; 47.574     ;
; -38.399 ; Sync:U1|m[8]    ; Sync:U1|R[6] ; u0|altpll_0|sd1|pll7|clk[0] ; u0|altpll_0|sd1|pll7|clk[0] ; 9.259        ; -0.097     ; 47.573     ;
; -38.399 ; Sync:U1|m[7]    ; Sync:U1|R[1] ; u0|altpll_0|sd1|pll7|clk[0] ; u0|altpll_0|sd1|pll7|clk[0] ; 9.259        ; -0.097     ; 47.573     ;
; -38.397 ; Sync:U1|m[7]    ; Sync:U1|R[5] ; u0|altpll_0|sd1|pll7|clk[0] ; u0|altpll_0|sd1|pll7|clk[0] ; 9.259        ; -0.097     ; 47.571     ;
; -38.396 ; Sync:U1|m[7]    ; Sync:U1|R[6] ; u0|altpll_0|sd1|pll7|clk[0] ; u0|altpll_0|sd1|pll7|clk[0] ; 9.259        ; -0.097     ; 47.570     ;
; -38.353 ; Sync:U1|m[2]    ; Sync:U1|R[2] ; u0|altpll_0|sd1|pll7|clk[0] ; u0|altpll_0|sd1|pll7|clk[0] ; 9.259        ; -0.097     ; 47.527     ;
; -38.353 ; Sync:U1|m[2]    ; Sync:U1|R[4] ; u0|altpll_0|sd1|pll7|clk[0] ; u0|altpll_0|sd1|pll7|clk[0] ; 9.259        ; -0.097     ; 47.527     ;
; -38.352 ; Sync:U1|m[2]    ; Sync:U1|R[0] ; u0|altpll_0|sd1|pll7|clk[0] ; u0|altpll_0|sd1|pll7|clk[0] ; 9.259        ; -0.097     ; 47.526     ;
; -38.352 ; Sync:U1|m[2]    ; Sync:U1|R[3] ; u0|altpll_0|sd1|pll7|clk[0] ; u0|altpll_0|sd1|pll7|clk[0] ; 9.259        ; -0.097     ; 47.526     ;
; -38.351 ; Sync:U1|m[2]    ; Sync:U1|R[1] ; u0|altpll_0|sd1|pll7|clk[0] ; u0|altpll_0|sd1|pll7|clk[0] ; 9.259        ; -0.097     ; 47.525     ;
; -38.349 ; Sync:U1|m[2]    ; Sync:U1|R[5] ; u0|altpll_0|sd1|pll7|clk[0] ; u0|altpll_0|sd1|pll7|clk[0] ; 9.259        ; -0.097     ; 47.523     ;
; -38.348 ; Sync:U1|m[2]    ; Sync:U1|R[6] ; u0|altpll_0|sd1|pll7|clk[0] ; u0|altpll_0|sd1|pll7|clk[0] ; 9.259        ; -0.097     ; 47.522     ;
; -38.334 ; Sync:U1|m[0]    ; Sync:U1|R[2] ; u0|altpll_0|sd1|pll7|clk[0] ; u0|altpll_0|sd1|pll7|clk[0] ; 9.259        ; -0.097     ; 47.508     ;
; -38.334 ; Sync:U1|m[0]    ; Sync:U1|R[4] ; u0|altpll_0|sd1|pll7|clk[0] ; u0|altpll_0|sd1|pll7|clk[0] ; 9.259        ; -0.097     ; 47.508     ;
; -38.333 ; Sync:U1|m[0]    ; Sync:U1|R[0] ; u0|altpll_0|sd1|pll7|clk[0] ; u0|altpll_0|sd1|pll7|clk[0] ; 9.259        ; -0.097     ; 47.507     ;
; -38.333 ; Sync:U1|m[0]    ; Sync:U1|R[3] ; u0|altpll_0|sd1|pll7|clk[0] ; u0|altpll_0|sd1|pll7|clk[0] ; 9.259        ; -0.097     ; 47.507     ;
; -38.332 ; Sync:U1|m[0]    ; Sync:U1|R[1] ; u0|altpll_0|sd1|pll7|clk[0] ; u0|altpll_0|sd1|pll7|clk[0] ; 9.259        ; -0.097     ; 47.506     ;
; -38.330 ; Sync:U1|m[0]    ; Sync:U1|R[5] ; u0|altpll_0|sd1|pll7|clk[0] ; u0|altpll_0|sd1|pll7|clk[0] ; 9.259        ; -0.097     ; 47.504     ;
; -38.329 ; Sync:U1|m[0]    ; Sync:U1|R[6] ; u0|altpll_0|sd1|pll7|clk[0] ; u0|altpll_0|sd1|pll7|clk[0] ; 9.259        ; -0.097     ; 47.503     ;
; -38.263 ; Sync:U1|m[1]    ; Sync:U1|R[2] ; u0|altpll_0|sd1|pll7|clk[0] ; u0|altpll_0|sd1|pll7|clk[0] ; 9.259        ; -0.097     ; 47.437     ;
; -38.263 ; Sync:U1|m[1]    ; Sync:U1|R[4] ; u0|altpll_0|sd1|pll7|clk[0] ; u0|altpll_0|sd1|pll7|clk[0] ; 9.259        ; -0.097     ; 47.437     ;
; -38.262 ; Sync:U1|m[1]    ; Sync:U1|R[0] ; u0|altpll_0|sd1|pll7|clk[0] ; u0|altpll_0|sd1|pll7|clk[0] ; 9.259        ; -0.097     ; 47.436     ;
; -38.262 ; Sync:U1|m[1]    ; Sync:U1|R[3] ; u0|altpll_0|sd1|pll7|clk[0] ; u0|altpll_0|sd1|pll7|clk[0] ; 9.259        ; -0.097     ; 47.436     ;
; -38.261 ; Sync:U1|m[1]    ; Sync:U1|R[1] ; u0|altpll_0|sd1|pll7|clk[0] ; u0|altpll_0|sd1|pll7|clk[0] ; 9.259        ; -0.097     ; 47.435     ;
; -38.259 ; Sync:U1|m[1]    ; Sync:U1|R[5] ; u0|altpll_0|sd1|pll7|clk[0] ; u0|altpll_0|sd1|pll7|clk[0] ; 9.259        ; -0.097     ; 47.433     ;
; -38.258 ; Sync:U1|m[1]    ; Sync:U1|R[6] ; u0|altpll_0|sd1|pll7|clk[0] ; u0|altpll_0|sd1|pll7|clk[0] ; 9.259        ; -0.097     ; 47.432     ;
; -38.234 ; Sync:U1|m[10]   ; Sync:U1|R[2] ; u0|altpll_0|sd1|pll7|clk[0] ; u0|altpll_0|sd1|pll7|clk[0] ; 9.259        ; -0.097     ; 47.408     ;
; -38.234 ; Sync:U1|m[10]   ; Sync:U1|R[4] ; u0|altpll_0|sd1|pll7|clk[0] ; u0|altpll_0|sd1|pll7|clk[0] ; 9.259        ; -0.097     ; 47.408     ;
; -38.233 ; Sync:U1|m[10]   ; Sync:U1|R[0] ; u0|altpll_0|sd1|pll7|clk[0] ; u0|altpll_0|sd1|pll7|clk[0] ; 9.259        ; -0.097     ; 47.407     ;
; -38.233 ; Sync:U1|m[10]   ; Sync:U1|R[3] ; u0|altpll_0|sd1|pll7|clk[0] ; u0|altpll_0|sd1|pll7|clk[0] ; 9.259        ; -0.097     ; 47.407     ;
; -38.232 ; Sync:U1|m[10]   ; Sync:U1|R[1] ; u0|altpll_0|sd1|pll7|clk[0] ; u0|altpll_0|sd1|pll7|clk[0] ; 9.259        ; -0.097     ; 47.406     ;
; -38.230 ; Sync:U1|m[10]   ; Sync:U1|R[5] ; u0|altpll_0|sd1|pll7|clk[0] ; u0|altpll_0|sd1|pll7|clk[0] ; 9.259        ; -0.097     ; 47.404     ;
; -38.229 ; Sync:U1|m[10]   ; Sync:U1|R[6] ; u0|altpll_0|sd1|pll7|clk[0] ; u0|altpll_0|sd1|pll7|clk[0] ; 9.259        ; -0.097     ; 47.403     ;
; -38.191 ; Sync:U1|m[5]    ; Sync:U1|R[2] ; u0|altpll_0|sd1|pll7|clk[0] ; u0|altpll_0|sd1|pll7|clk[0] ; 9.259        ; -0.130     ; 47.332     ;
; -38.191 ; Sync:U1|m[5]    ; Sync:U1|R[4] ; u0|altpll_0|sd1|pll7|clk[0] ; u0|altpll_0|sd1|pll7|clk[0] ; 9.259        ; -0.130     ; 47.332     ;
; -38.190 ; Sync:U1|m[5]    ; Sync:U1|R[0] ; u0|altpll_0|sd1|pll7|clk[0] ; u0|altpll_0|sd1|pll7|clk[0] ; 9.259        ; -0.130     ; 47.331     ;
; -38.190 ; Sync:U1|m[5]    ; Sync:U1|R[3] ; u0|altpll_0|sd1|pll7|clk[0] ; u0|altpll_0|sd1|pll7|clk[0] ; 9.259        ; -0.130     ; 47.331     ;
; -38.189 ; Sync:U1|m[5]    ; Sync:U1|R[1] ; u0|altpll_0|sd1|pll7|clk[0] ; u0|altpll_0|sd1|pll7|clk[0] ; 9.259        ; -0.130     ; 47.330     ;
; -38.187 ; Sync:U1|m[5]    ; Sync:U1|R[5] ; u0|altpll_0|sd1|pll7|clk[0] ; u0|altpll_0|sd1|pll7|clk[0] ; 9.259        ; -0.130     ; 47.328     ;
; -38.186 ; Sync:U1|m[5]    ; Sync:U1|R[6] ; u0|altpll_0|sd1|pll7|clk[0] ; u0|altpll_0|sd1|pll7|clk[0] ; 9.259        ; -0.130     ; 47.327     ;
; -38.074 ; Sync:U1|m[9]    ; Sync:U1|R[2] ; u0|altpll_0|sd1|pll7|clk[0] ; u0|altpll_0|sd1|pll7|clk[0] ; 9.259        ; -0.097     ; 47.248     ;
; -38.074 ; Sync:U1|m[9]    ; Sync:U1|R[4] ; u0|altpll_0|sd1|pll7|clk[0] ; u0|altpll_0|sd1|pll7|clk[0] ; 9.259        ; -0.097     ; 47.248     ;
; -38.073 ; Sync:U1|m[9]    ; Sync:U1|R[0] ; u0|altpll_0|sd1|pll7|clk[0] ; u0|altpll_0|sd1|pll7|clk[0] ; 9.259        ; -0.097     ; 47.247     ;
; -38.073 ; Sync:U1|m[9]    ; Sync:U1|R[3] ; u0|altpll_0|sd1|pll7|clk[0] ; u0|altpll_0|sd1|pll7|clk[0] ; 9.259        ; -0.097     ; 47.247     ;
; -38.072 ; Sync:U1|m[9]    ; Sync:U1|R[1] ; u0|altpll_0|sd1|pll7|clk[0] ; u0|altpll_0|sd1|pll7|clk[0] ; 9.259        ; -0.097     ; 47.246     ;
; -38.070 ; Sync:U1|m[9]    ; Sync:U1|R[5] ; u0|altpll_0|sd1|pll7|clk[0] ; u0|altpll_0|sd1|pll7|clk[0] ; 9.259        ; -0.097     ; 47.244     ;
; -38.069 ; Sync:U1|m[9]    ; Sync:U1|R[6] ; u0|altpll_0|sd1|pll7|clk[0] ; u0|altpll_0|sd1|pll7|clk[0] ; 9.259        ; -0.097     ; 47.243     ;
; -37.963 ; Sync:U1|m[6]    ; Sync:U1|R[2] ; u0|altpll_0|sd1|pll7|clk[0] ; u0|altpll_0|sd1|pll7|clk[0] ; 9.259        ; -0.097     ; 47.137     ;
; -37.963 ; Sync:U1|m[6]    ; Sync:U1|R[4] ; u0|altpll_0|sd1|pll7|clk[0] ; u0|altpll_0|sd1|pll7|clk[0] ; 9.259        ; -0.097     ; 47.137     ;
; -37.962 ; Sync:U1|m[6]    ; Sync:U1|R[0] ; u0|altpll_0|sd1|pll7|clk[0] ; u0|altpll_0|sd1|pll7|clk[0] ; 9.259        ; -0.097     ; 47.136     ;
; -37.962 ; Sync:U1|m[6]    ; Sync:U1|R[3] ; u0|altpll_0|sd1|pll7|clk[0] ; u0|altpll_0|sd1|pll7|clk[0] ; 9.259        ; -0.097     ; 47.136     ;
; -37.961 ; Sync:U1|m[6]    ; Sync:U1|R[1] ; u0|altpll_0|sd1|pll7|clk[0] ; u0|altpll_0|sd1|pll7|clk[0] ; 9.259        ; -0.097     ; 47.135     ;
; -37.959 ; Sync:U1|m[6]    ; Sync:U1|R[5] ; u0|altpll_0|sd1|pll7|clk[0] ; u0|altpll_0|sd1|pll7|clk[0] ; 9.259        ; -0.097     ; 47.133     ;
; -37.958 ; Sync:U1|m[6]    ; Sync:U1|R[6] ; u0|altpll_0|sd1|pll7|clk[0] ; u0|altpll_0|sd1|pll7|clk[0] ; 9.259        ; -0.097     ; 47.132     ;
; -37.941 ; Sync:U1|m[8]    ; Sync:U1|R[7] ; u0|altpll_0|sd1|pll7|clk[0] ; u0|altpll_0|sd1|pll7|clk[0] ; 9.259        ; -0.097     ; 47.115     ;
; -37.938 ; Sync:U1|m[7]    ; Sync:U1|R[7] ; u0|altpll_0|sd1|pll7|clk[0] ; u0|altpll_0|sd1|pll7|clk[0] ; 9.259        ; -0.097     ; 47.112     ;
; -37.907 ; Sync:U1|m[4]    ; Sync:U1|R[2] ; u0|altpll_0|sd1|pll7|clk[0] ; u0|altpll_0|sd1|pll7|clk[0] ; 9.259        ; -0.097     ; 47.081     ;
; -37.907 ; Sync:U1|m[4]    ; Sync:U1|R[4] ; u0|altpll_0|sd1|pll7|clk[0] ; u0|altpll_0|sd1|pll7|clk[0] ; 9.259        ; -0.097     ; 47.081     ;
; -37.906 ; Sync:U1|m[4]    ; Sync:U1|R[0] ; u0|altpll_0|sd1|pll7|clk[0] ; u0|altpll_0|sd1|pll7|clk[0] ; 9.259        ; -0.097     ; 47.080     ;
; -37.906 ; Sync:U1|m[4]    ; Sync:U1|R[3] ; u0|altpll_0|sd1|pll7|clk[0] ; u0|altpll_0|sd1|pll7|clk[0] ; 9.259        ; -0.097     ; 47.080     ;
; -37.905 ; Sync:U1|m[4]    ; Sync:U1|R[1] ; u0|altpll_0|sd1|pll7|clk[0] ; u0|altpll_0|sd1|pll7|clk[0] ; 9.259        ; -0.097     ; 47.079     ;
; -37.903 ; Sync:U1|m[4]    ; Sync:U1|R[5] ; u0|altpll_0|sd1|pll7|clk[0] ; u0|altpll_0|sd1|pll7|clk[0] ; 9.259        ; -0.097     ; 47.077     ;
; -37.902 ; Sync:U1|m[4]    ; Sync:U1|R[6] ; u0|altpll_0|sd1|pll7|clk[0] ; u0|altpll_0|sd1|pll7|clk[0] ; 9.259        ; -0.097     ; 47.076     ;
; -37.890 ; Sync:U1|m[2]    ; Sync:U1|R[7] ; u0|altpll_0|sd1|pll7|clk[0] ; u0|altpll_0|sd1|pll7|clk[0] ; 9.259        ; -0.097     ; 47.064     ;
; -37.871 ; Sync:U1|m[0]    ; Sync:U1|R[7] ; u0|altpll_0|sd1|pll7|clk[0] ; u0|altpll_0|sd1|pll7|clk[0] ; 9.259        ; -0.097     ; 47.045     ;
; -37.800 ; Sync:U1|m[1]    ; Sync:U1|R[7] ; u0|altpll_0|sd1|pll7|clk[0] ; u0|altpll_0|sd1|pll7|clk[0] ; 9.259        ; -0.097     ; 46.974     ;
; -37.771 ; Sync:U1|m[10]   ; Sync:U1|R[7] ; u0|altpll_0|sd1|pll7|clk[0] ; u0|altpll_0|sd1|pll7|clk[0] ; 9.259        ; -0.097     ; 46.945     ;
; -37.728 ; Sync:U1|m[5]    ; Sync:U1|R[7] ; u0|altpll_0|sd1|pll7|clk[0] ; u0|altpll_0|sd1|pll7|clk[0] ; 9.259        ; -0.130     ; 46.869     ;
; -37.611 ; Sync:U1|m[9]    ; Sync:U1|R[7] ; u0|altpll_0|sd1|pll7|clk[0] ; u0|altpll_0|sd1|pll7|clk[0] ; 9.259        ; -0.097     ; 46.785     ;
; -37.500 ; Sync:U1|m[6]    ; Sync:U1|R[7] ; u0|altpll_0|sd1|pll7|clk[0] ; u0|altpll_0|sd1|pll7|clk[0] ; 9.259        ; -0.097     ; 46.674     ;
; -37.444 ; Sync:U1|m[4]    ; Sync:U1|R[7] ; u0|altpll_0|sd1|pll7|clk[0] ; u0|altpll_0|sd1|pll7|clk[0] ; 9.259        ; -0.097     ; 46.618     ;
; -37.215 ; Sync:U1|m[3]    ; Sync:U1|R[2] ; u0|altpll_0|sd1|pll7|clk[0] ; u0|altpll_0|sd1|pll7|clk[0] ; 9.259        ; -0.097     ; 46.389     ;
; -37.215 ; Sync:U1|m[3]    ; Sync:U1|R[4] ; u0|altpll_0|sd1|pll7|clk[0] ; u0|altpll_0|sd1|pll7|clk[0] ; 9.259        ; -0.097     ; 46.389     ;
; -37.214 ; Sync:U1|m[3]    ; Sync:U1|R[0] ; u0|altpll_0|sd1|pll7|clk[0] ; u0|altpll_0|sd1|pll7|clk[0] ; 9.259        ; -0.097     ; 46.388     ;
; -37.214 ; Sync:U1|m[3]    ; Sync:U1|R[3] ; u0|altpll_0|sd1|pll7|clk[0] ; u0|altpll_0|sd1|pll7|clk[0] ; 9.259        ; -0.097     ; 46.388     ;
; -37.213 ; Sync:U1|m[3]    ; Sync:U1|R[1] ; u0|altpll_0|sd1|pll7|clk[0] ; u0|altpll_0|sd1|pll7|clk[0] ; 9.259        ; -0.097     ; 46.387     ;
; -37.211 ; Sync:U1|m[3]    ; Sync:U1|R[5] ; u0|altpll_0|sd1|pll7|clk[0] ; u0|altpll_0|sd1|pll7|clk[0] ; 9.259        ; -0.097     ; 46.385     ;
; -37.210 ; Sync:U1|m[3]    ; Sync:U1|R[6] ; u0|altpll_0|sd1|pll7|clk[0] ; u0|altpll_0|sd1|pll7|clk[0] ; 9.259        ; -0.097     ; 46.384     ;
; -36.752 ; Sync:U1|m[3]    ; Sync:U1|R[7] ; u0|altpll_0|sd1|pll7|clk[0] ; u0|altpll_0|sd1|pll7|clk[0] ; 9.259        ; -0.097     ; 45.926     ;
; -30.776 ; Sync:U1|VPOS[2] ; Sync:U1|R[2] ; u0|altpll_0|sd1|pll7|clk[0] ; u0|altpll_0|sd1|pll7|clk[0] ; 9.259        ; -0.107     ; 39.940     ;
; -30.775 ; Sync:U1|VPOS[2] ; Sync:U1|R[3] ; u0|altpll_0|sd1|pll7|clk[0] ; u0|altpll_0|sd1|pll7|clk[0] ; 9.259        ; -0.107     ; 39.939     ;
; -30.775 ; Sync:U1|VPOS[2] ; Sync:U1|R[4] ; u0|altpll_0|sd1|pll7|clk[0] ; u0|altpll_0|sd1|pll7|clk[0] ; 9.259        ; -0.107     ; 39.939     ;
; -30.774 ; Sync:U1|VPOS[2] ; Sync:U1|R[0] ; u0|altpll_0|sd1|pll7|clk[0] ; u0|altpll_0|sd1|pll7|clk[0] ; 9.259        ; -0.107     ; 39.938     ;
; -30.773 ; Sync:U1|VPOS[2] ; Sync:U1|R[1] ; u0|altpll_0|sd1|pll7|clk[0] ; u0|altpll_0|sd1|pll7|clk[0] ; 9.259        ; -0.107     ; 39.937     ;
; -30.768 ; Sync:U1|VPOS[2] ; Sync:U1|R[5] ; u0|altpll_0|sd1|pll7|clk[0] ; u0|altpll_0|sd1|pll7|clk[0] ; 9.259        ; -0.107     ; 39.932     ;
; -30.767 ; Sync:U1|VPOS[2] ; Sync:U1|R[6] ; u0|altpll_0|sd1|pll7|clk[0] ; u0|altpll_0|sd1|pll7|clk[0] ; 9.259        ; -0.107     ; 39.931     ;
; -30.750 ; Sync:U1|VPOS[1] ; Sync:U1|R[2] ; u0|altpll_0|sd1|pll7|clk[0] ; u0|altpll_0|sd1|pll7|clk[0] ; 9.259        ; -0.107     ; 39.914     ;
; -30.749 ; Sync:U1|VPOS[1] ; Sync:U1|R[3] ; u0|altpll_0|sd1|pll7|clk[0] ; u0|altpll_0|sd1|pll7|clk[0] ; 9.259        ; -0.107     ; 39.913     ;
; -30.749 ; Sync:U1|VPOS[1] ; Sync:U1|R[4] ; u0|altpll_0|sd1|pll7|clk[0] ; u0|altpll_0|sd1|pll7|clk[0] ; 9.259        ; -0.107     ; 39.913     ;
; -30.748 ; Sync:U1|VPOS[1] ; Sync:U1|R[0] ; u0|altpll_0|sd1|pll7|clk[0] ; u0|altpll_0|sd1|pll7|clk[0] ; 9.259        ; -0.107     ; 39.912     ;
; -30.747 ; Sync:U1|VPOS[1] ; Sync:U1|R[1] ; u0|altpll_0|sd1|pll7|clk[0] ; u0|altpll_0|sd1|pll7|clk[0] ; 9.259        ; -0.107     ; 39.911     ;
+---------+-----------------+--------------+-----------------------------+-----------------------------+--------------+------------+------------+


+--------------------------------------------------------------------------------------------------------------------------------------------------------+
; Slow 1000mV 0C Model Setup: 'Keyboard:Kb|data_reg[0]'                                                                                                  ;
+--------+--------------------------+-----------------------+-------------------------+-------------------------+--------------+------------+------------+
; Slack  ; From Node                ; To Node               ; Launch Clock            ; Latch Clock             ; Relationship ; Clock Skew ; Data Delay ;
+--------+--------------------------+-----------------------+-------------------------+-------------------------+--------------+------------+------------+
; -8.913 ; Keyboard:Kb|data_reg[13] ; Sync:U1|CONIC_TYPE[0] ; CLK_50                  ; Keyboard:Kb|data_reg[0] ; 0.500        ; 1.705      ; 9.800      ;
; -8.856 ; Keyboard:Kb|data_reg[14] ; Sync:U1|CONIC_TYPE[0] ; CLK_50                  ; Keyboard:Kb|data_reg[0] ; 0.500        ; 1.705      ; 9.743      ;
; -8.822 ; Keyboard:Kb|data_reg[6]  ; Sync:U1|CONIC_TYPE[0] ; CLK_50                  ; Keyboard:Kb|data_reg[0] ; 0.500        ; 1.705      ; 9.709      ;
; -8.785 ; Keyboard:Kb|data_reg[8]  ; Sync:U1|CONIC_TYPE[0] ; CLK_50                  ; Keyboard:Kb|data_reg[0] ; 0.500        ; 1.711      ; 9.678      ;
; -8.780 ; Keyboard:Kb|data_reg[10] ; Sync:U1|CONIC_TYPE[0] ; CLK_50                  ; Keyboard:Kb|data_reg[0] ; 0.500        ; 1.711      ; 9.673      ;
; -8.670 ; Keyboard:Kb|data_reg[15] ; Sync:U1|CONIC_TYPE[0] ; CLK_50                  ; Keyboard:Kb|data_reg[0] ; 0.500        ; 1.705      ; 9.557      ;
; -8.660 ; Keyboard:Kb|data_reg[13] ; Sync:U1|CONIC_TYPE[0] ; CLK_50                  ; Keyboard:Kb|data_reg[0] ; 1.000        ; 1.458      ; 9.800      ;
; -8.629 ; Keyboard:Kb|data_reg[13] ; Sync:U1|CONIC_TYPE[2] ; CLK_50                  ; Keyboard:Kb|data_reg[0] ; 0.500        ; 1.451      ; 9.440      ;
; -8.610 ; Keyboard:Kb|data_reg[11] ; Sync:U1|CONIC_TYPE[0] ; CLK_50                  ; Keyboard:Kb|data_reg[0] ; 0.500        ; 1.711      ; 9.503      ;
; -8.603 ; Keyboard:Kb|data_reg[14] ; Sync:U1|CONIC_TYPE[0] ; CLK_50                  ; Keyboard:Kb|data_reg[0] ; 1.000        ; 1.458      ; 9.743      ;
; -8.569 ; Keyboard:Kb|data_reg[6]  ; Sync:U1|CONIC_TYPE[0] ; CLK_50                  ; Keyboard:Kb|data_reg[0] ; 1.000        ; 1.458      ; 9.709      ;
; -8.532 ; Keyboard:Kb|data_reg[8]  ; Sync:U1|CONIC_TYPE[0] ; CLK_50                  ; Keyboard:Kb|data_reg[0] ; 1.000        ; 1.464      ; 9.678      ;
; -8.527 ; Keyboard:Kb|data_reg[10] ; Sync:U1|CONIC_TYPE[0] ; CLK_50                  ; Keyboard:Kb|data_reg[0] ; 1.000        ; 1.464      ; 9.673      ;
; -8.526 ; Keyboard:Kb|data_reg[14] ; Sync:U1|CONIC_TYPE[2] ; CLK_50                  ; Keyboard:Kb|data_reg[0] ; 0.500        ; 1.451      ; 9.337      ;
; -8.522 ; Keyboard:Kb|data_reg[7]  ; Sync:U1|CONIC_TYPE[0] ; CLK_50                  ; Keyboard:Kb|data_reg[0] ; 0.500        ; 1.705      ; 9.409      ;
; -8.497 ; Keyboard:Kb|data_reg[6]  ; Sync:U1|CONIC_TYPE[2] ; CLK_50                  ; Keyboard:Kb|data_reg[0] ; 0.500        ; 1.451      ; 9.308      ;
; -8.470 ; Keyboard:Kb|data_reg[5]  ; Sync:U1|CONIC_TYPE[0] ; CLK_50                  ; Keyboard:Kb|data_reg[0] ; 0.500        ; 1.714      ; 9.366      ;
; -8.467 ; Keyboard:Kb|data_reg[8]  ; Sync:U1|CONIC_TYPE[2] ; CLK_50                  ; Keyboard:Kb|data_reg[0] ; 0.500        ; 1.457      ; 9.284      ;
; -8.464 ; Keyboard:Kb|data_reg[10] ; Sync:U1|CONIC_TYPE[2] ; CLK_50                  ; Keyboard:Kb|data_reg[0] ; 0.500        ; 1.457      ; 9.281      ;
; -8.452 ; Keyboard:Kb|data_reg[9]  ; Sync:U1|CONIC_TYPE[0] ; CLK_50                  ; Keyboard:Kb|data_reg[0] ; 0.500        ; 1.711      ; 9.345      ;
; -8.417 ; Keyboard:Kb|data_reg[15] ; Sync:U1|CONIC_TYPE[0] ; CLK_50                  ; Keyboard:Kb|data_reg[0] ; 1.000        ; 1.458      ; 9.557      ;
; -8.390 ; Keyboard:Kb|data_reg[2]  ; Sync:U1|CONIC_TYPE[0] ; CLK_50                  ; Keyboard:Kb|data_reg[0] ; 0.500        ; 1.766      ; 9.338      ;
; -8.381 ; Keyboard:Kb|data_reg[5]  ; Sync:U1|CONIC_TYPE[2] ; CLK_50                  ; Keyboard:Kb|data_reg[0] ; 0.500        ; 1.460      ; 9.201      ;
; -8.376 ; Keyboard:Kb|data_reg[13] ; Sync:U1|CONIC_TYPE[2] ; CLK_50                  ; Keyboard:Kb|data_reg[0] ; 1.000        ; 1.204      ; 9.440      ;
; -8.357 ; Keyboard:Kb|data_reg[11] ; Sync:U1|CONIC_TYPE[0] ; CLK_50                  ; Keyboard:Kb|data_reg[0] ; 1.000        ; 1.464      ; 9.503      ;
; -8.285 ; Keyboard:Kb|data_reg[15] ; Sync:U1|CONIC_TYPE[2] ; CLK_50                  ; Keyboard:Kb|data_reg[0] ; 0.500        ; 1.451      ; 9.096      ;
; -8.273 ; Keyboard:Kb|data_reg[14] ; Sync:U1|CONIC_TYPE[2] ; CLK_50                  ; Keyboard:Kb|data_reg[0] ; 1.000        ; 1.204      ; 9.337      ;
; -8.269 ; Keyboard:Kb|data_reg[7]  ; Sync:U1|CONIC_TYPE[0] ; CLK_50                  ; Keyboard:Kb|data_reg[0] ; 1.000        ; 1.458      ; 9.409      ;
; -8.244 ; Keyboard:Kb|data_reg[6]  ; Sync:U1|CONIC_TYPE[2] ; CLK_50                  ; Keyboard:Kb|data_reg[0] ; 1.000        ; 1.204      ; 9.308      ;
; -8.239 ; Keyboard:Kb|data_reg[11] ; Sync:U1|CONIC_TYPE[2] ; CLK_50                  ; Keyboard:Kb|data_reg[0] ; 0.500        ; 1.457      ; 9.056      ;
; -8.219 ; Keyboard:Kb|data_reg[2]  ; Sync:U1|CONIC_TYPE[2] ; CLK_50                  ; Keyboard:Kb|data_reg[0] ; 0.500        ; 1.512      ; 9.091      ;
; -8.217 ; Keyboard:Kb|data_reg[5]  ; Sync:U1|CONIC_TYPE[0] ; CLK_50                  ; Keyboard:Kb|data_reg[0] ; 1.000        ; 1.467      ; 9.366      ;
; -8.214 ; Keyboard:Kb|data_reg[8]  ; Sync:U1|CONIC_TYPE[2] ; CLK_50                  ; Keyboard:Kb|data_reg[0] ; 1.000        ; 1.210      ; 9.284      ;
; -8.211 ; Keyboard:Kb|data_reg[10] ; Sync:U1|CONIC_TYPE[2] ; CLK_50                  ; Keyboard:Kb|data_reg[0] ; 1.000        ; 1.210      ; 9.281      ;
; -8.203 ; Keyboard:Kb|data_reg[14] ; Sync:U1|CONIC_TYPE[1] ; CLK_50                  ; Keyboard:Kb|data_reg[0] ; 0.500        ; 1.483      ; 9.091      ;
; -8.199 ; Keyboard:Kb|data_reg[9]  ; Sync:U1|CONIC_TYPE[0] ; CLK_50                  ; Keyboard:Kb|data_reg[0] ; 1.000        ; 1.464      ; 9.345      ;
; -8.174 ; Keyboard:Kb|data_reg[6]  ; Sync:U1|CONIC_TYPE[1] ; CLK_50                  ; Keyboard:Kb|data_reg[0] ; 0.500        ; 1.483      ; 9.062      ;
; -8.145 ; Keyboard:Kb|data_reg[7]  ; Sync:U1|CONIC_TYPE[2] ; CLK_50                  ; Keyboard:Kb|data_reg[0] ; 0.500        ; 1.451      ; 8.956      ;
; -8.137 ; Keyboard:Kb|data_reg[2]  ; Sync:U1|CONIC_TYPE[0] ; CLK_50                  ; Keyboard:Kb|data_reg[0] ; 1.000        ; 1.519      ; 9.338      ;
; -8.128 ; Keyboard:Kb|data_reg[5]  ; Sync:U1|CONIC_TYPE[2] ; CLK_50                  ; Keyboard:Kb|data_reg[0] ; 1.000        ; 1.213      ; 9.201      ;
; -8.089 ; Keyboard:Kb|data_reg[9]  ; Sync:U1|CONIC_TYPE[2] ; CLK_50                  ; Keyboard:Kb|data_reg[0] ; 0.500        ; 1.457      ; 8.906      ;
; -8.088 ; Keyboard:Kb|data_reg[4]  ; Sync:U1|CONIC_TYPE[0] ; CLK_50                  ; Keyboard:Kb|data_reg[0] ; 0.500        ; 1.766      ; 9.036      ;
; -8.077 ; Keyboard:Kb|data_reg[1]  ; Sync:U1|CONIC_TYPE[0] ; CLK_50                  ; Keyboard:Kb|data_reg[0] ; 0.500        ; 1.766      ; 9.025      ;
; -8.037 ; Keyboard:Kb|data_reg[13] ; Sync:U1|CONIC_TYPE[1] ; CLK_50                  ; Keyboard:Kb|data_reg[0] ; 0.500        ; 1.483      ; 8.925      ;
; -8.032 ; Keyboard:Kb|data_reg[15] ; Sync:U1|CONIC_TYPE[2] ; CLK_50                  ; Keyboard:Kb|data_reg[0] ; 1.000        ; 1.204      ; 9.096      ;
; -7.991 ; Keyboard:Kb|data_reg[3]  ; Sync:U1|CONIC_TYPE[0] ; CLK_50                  ; Keyboard:Kb|data_reg[0] ; 0.500        ; 1.766      ; 8.939      ;
; -7.986 ; Keyboard:Kb|data_reg[11] ; Sync:U1|CONIC_TYPE[2] ; CLK_50                  ; Keyboard:Kb|data_reg[0] ; 1.000        ; 1.210      ; 9.056      ;
; -7.966 ; Keyboard:Kb|data_reg[2]  ; Sync:U1|CONIC_TYPE[2] ; CLK_50                  ; Keyboard:Kb|data_reg[0] ; 1.000        ; 1.265      ; 9.091      ;
; -7.962 ; Keyboard:Kb|data_reg[15] ; Sync:U1|CONIC_TYPE[1] ; CLK_50                  ; Keyboard:Kb|data_reg[0] ; 0.500        ; 1.483      ; 8.850      ;
; -7.950 ; Keyboard:Kb|data_reg[14] ; Sync:U1|CONIC_TYPE[1] ; CLK_50                  ; Keyboard:Kb|data_reg[0] ; 1.000        ; 1.236      ; 9.091      ;
; -7.933 ; Keyboard:Kb|data_reg[1]  ; Sync:U1|CONIC_TYPE[2] ; CLK_50                  ; Keyboard:Kb|data_reg[0] ; 0.500        ; 1.512      ; 8.805      ;
; -7.921 ; Keyboard:Kb|data_reg[6]  ; Sync:U1|CONIC_TYPE[1] ; CLK_50                  ; Keyboard:Kb|data_reg[0] ; 1.000        ; 1.236      ; 9.062      ;
; -7.921 ; Keyboard:Kb|data_reg[8]  ; Sync:U1|CONIC_TYPE[1] ; CLK_50                  ; Keyboard:Kb|data_reg[0] ; 0.500        ; 1.489      ; 8.815      ;
; -7.918 ; Keyboard:Kb|data_reg[10] ; Sync:U1|CONIC_TYPE[1] ; CLK_50                  ; Keyboard:Kb|data_reg[0] ; 0.500        ; 1.489      ; 8.812      ;
; -7.892 ; Keyboard:Kb|data_reg[7]  ; Sync:U1|CONIC_TYPE[2] ; CLK_50                  ; Keyboard:Kb|data_reg[0] ; 1.000        ; 1.204      ; 8.956      ;
; -7.857 ; Keyboard:Kb|data_reg[12] ; Sync:U1|CONIC_TYPE[0] ; CLK_50                  ; Keyboard:Kb|data_reg[0] ; 0.500        ; 1.766      ; 8.805      ;
; -7.836 ; Keyboard:Kb|data_reg[9]  ; Sync:U1|CONIC_TYPE[2] ; CLK_50                  ; Keyboard:Kb|data_reg[0] ; 1.000        ; 1.210      ; 8.906      ;
; -7.835 ; Keyboard:Kb|data_reg[4]  ; Sync:U1|CONIC_TYPE[0] ; CLK_50                  ; Keyboard:Kb|data_reg[0] ; 1.000        ; 1.519      ; 9.036      ;
; -7.824 ; Keyboard:Kb|data_reg[1]  ; Sync:U1|CONIC_TYPE[0] ; CLK_50                  ; Keyboard:Kb|data_reg[0] ; 1.000        ; 1.519      ; 9.025      ;
; -7.822 ; Keyboard:Kb|data_reg[7]  ; Sync:U1|CONIC_TYPE[1] ; CLK_50                  ; Keyboard:Kb|data_reg[0] ; 0.500        ; 1.483      ; 8.710      ;
; -7.784 ; Keyboard:Kb|data_reg[13] ; Sync:U1|CONIC_TYPE[1] ; CLK_50                  ; Keyboard:Kb|data_reg[0] ; 1.000        ; 1.236      ; 8.925      ;
; -7.770 ; Keyboard:Kb|data_reg[4]  ; Sync:U1|CONIC_TYPE[2] ; CLK_50                  ; Keyboard:Kb|data_reg[0] ; 0.500        ; 1.512      ; 8.642      ;
; -7.738 ; Keyboard:Kb|data_reg[3]  ; Sync:U1|CONIC_TYPE[0] ; CLK_50                  ; Keyboard:Kb|data_reg[0] ; 1.000        ; 1.519      ; 8.939      ;
; -7.709 ; Keyboard:Kb|data_reg[15] ; Sync:U1|CONIC_TYPE[1] ; CLK_50                  ; Keyboard:Kb|data_reg[0] ; 1.000        ; 1.236      ; 8.850      ;
; -7.693 ; Keyboard:Kb|data_reg[11] ; Sync:U1|CONIC_TYPE[1] ; CLK_50                  ; Keyboard:Kb|data_reg[0] ; 0.500        ; 1.489      ; 8.587      ;
; -7.680 ; Keyboard:Kb|data_reg[1]  ; Sync:U1|CONIC_TYPE[2] ; CLK_50                  ; Keyboard:Kb|data_reg[0] ; 1.000        ; 1.265      ; 8.805      ;
; -7.674 ; Keyboard:Kb|data_reg[12] ; Sync:U1|CONIC_TYPE[2] ; CLK_50                  ; Keyboard:Kb|data_reg[0] ; 0.500        ; 1.512      ; 8.546      ;
; -7.668 ; Keyboard:Kb|data_reg[8]  ; Sync:U1|CONIC_TYPE[1] ; CLK_50                  ; Keyboard:Kb|data_reg[0] ; 1.000        ; 1.242      ; 8.815      ;
; -7.665 ; Keyboard:Kb|data_reg[10] ; Sync:U1|CONIC_TYPE[1] ; CLK_50                  ; Keyboard:Kb|data_reg[0] ; 1.000        ; 1.242      ; 8.812      ;
; -7.656 ; Keyboard:Kb|data_reg[3]  ; Sync:U1|CONIC_TYPE[2] ; CLK_50                  ; Keyboard:Kb|data_reg[0] ; 0.500        ; 1.512      ; 8.528      ;
; -7.627 ; Keyboard:Kb|data_reg[2]  ; Sync:U1|CONIC_TYPE[1] ; CLK_50                  ; Keyboard:Kb|data_reg[0] ; 0.500        ; 1.544      ; 8.576      ;
; -7.610 ; Keyboard:Kb|data_reg[1]  ; Sync:U1|CONIC_TYPE[1] ; CLK_50                  ; Keyboard:Kb|data_reg[0] ; 0.500        ; 1.544      ; 8.559      ;
; -7.604 ; Keyboard:Kb|data_reg[12] ; Sync:U1|CONIC_TYPE[0] ; CLK_50                  ; Keyboard:Kb|data_reg[0] ; 1.000        ; 1.519      ; 8.805      ;
; -7.569 ; Keyboard:Kb|data_reg[7]  ; Sync:U1|CONIC_TYPE[1] ; CLK_50                  ; Keyboard:Kb|data_reg[0] ; 1.000        ; 1.236      ; 8.710      ;
; -7.543 ; Keyboard:Kb|data_reg[9]  ; Sync:U1|CONIC_TYPE[1] ; CLK_50                  ; Keyboard:Kb|data_reg[0] ; 0.500        ; 1.489      ; 8.437      ;
; -7.517 ; Keyboard:Kb|data_reg[4]  ; Sync:U1|CONIC_TYPE[2] ; CLK_50                  ; Keyboard:Kb|data_reg[0] ; 1.000        ; 1.265      ; 8.642      ;
; -7.440 ; Keyboard:Kb|data_reg[11] ; Sync:U1|CONIC_TYPE[1] ; CLK_50                  ; Keyboard:Kb|data_reg[0] ; 1.000        ; 1.242      ; 8.587      ;
; -7.421 ; Keyboard:Kb|data_reg[12] ; Sync:U1|CONIC_TYPE[2] ; CLK_50                  ; Keyboard:Kb|data_reg[0] ; 1.000        ; 1.265      ; 8.546      ;
; -7.403 ; Keyboard:Kb|data_reg[3]  ; Sync:U1|CONIC_TYPE[2] ; CLK_50                  ; Keyboard:Kb|data_reg[0] ; 1.000        ; 1.265      ; 8.528      ;
; -7.374 ; Keyboard:Kb|data_reg[2]  ; Sync:U1|CONIC_TYPE[1] ; CLK_50                  ; Keyboard:Kb|data_reg[0] ; 1.000        ; 1.297      ; 8.576      ;
; -7.357 ; Keyboard:Kb|data_reg[1]  ; Sync:U1|CONIC_TYPE[1] ; CLK_50                  ; Keyboard:Kb|data_reg[0] ; 1.000        ; 1.297      ; 8.559      ;
; -7.351 ; Keyboard:Kb|data_reg[12] ; Sync:U1|CONIC_TYPE[1] ; CLK_50                  ; Keyboard:Kb|data_reg[0] ; 0.500        ; 1.544      ; 8.300      ;
; -7.290 ; Keyboard:Kb|data_reg[9]  ; Sync:U1|CONIC_TYPE[1] ; CLK_50                  ; Keyboard:Kb|data_reg[0] ; 1.000        ; 1.242      ; 8.437      ;
; -7.098 ; Keyboard:Kb|data_reg[12] ; Sync:U1|CONIC_TYPE[1] ; CLK_50                  ; Keyboard:Kb|data_reg[0] ; 1.000        ; 1.297      ; 8.300      ;
; -6.919 ; Keyboard:Kb|data_reg[5]  ; Sync:U1|CONIC_TYPE[1] ; CLK_50                  ; Keyboard:Kb|data_reg[0] ; 0.500        ; 1.492      ; 7.816      ;
; -6.666 ; Keyboard:Kb|data_reg[5]  ; Sync:U1|CONIC_TYPE[1] ; CLK_50                  ; Keyboard:Kb|data_reg[0] ; 1.000        ; 1.245      ; 7.816      ;
; -6.504 ; Keyboard:Kb|data_reg[3]  ; Sync:U1|CONIC_TYPE[1] ; CLK_50                  ; Keyboard:Kb|data_reg[0] ; 0.500        ; 1.544      ; 7.453      ;
; -6.251 ; Keyboard:Kb|data_reg[3]  ; Sync:U1|CONIC_TYPE[1] ; CLK_50                  ; Keyboard:Kb|data_reg[0] ; 1.000        ; 1.297      ; 7.453      ;
; -6.106 ; Keyboard:Kb|data_reg[4]  ; Sync:U1|CONIC_TYPE[1] ; CLK_50                  ; Keyboard:Kb|data_reg[0] ; 0.500        ; 1.544      ; 7.055      ;
; -5.853 ; Keyboard:Kb|data_reg[4]  ; Sync:U1|CONIC_TYPE[1] ; CLK_50                  ; Keyboard:Kb|data_reg[0] ; 1.000        ; 1.297      ; 7.055      ;
; -3.113 ; Keyboard:Kb|data_reg[0]  ; Sync:U1|CONIC_TYPE[2] ; Keyboard:Kb|data_reg[0] ; Keyboard:Kb|data_reg[0] ; 0.500        ; 5.236      ; 8.039      ;
; -2.996 ; Keyboard:Kb|data_reg[0]  ; Sync:U1|CONIC_TYPE[0] ; Keyboard:Kb|data_reg[0] ; Keyboard:Kb|data_reg[0] ; 0.500        ; 5.737      ; 8.245      ;
; -2.983 ; Keyboard:Kb|data_reg[0]  ; Sync:U1|CONIC_TYPE[2] ; Keyboard:Kb|data_reg[0] ; Keyboard:Kb|data_reg[0] ; 0.500        ; 5.483      ; 8.156      ;
; -2.980 ; Keyboard:Kb|data_reg[0]  ; Sync:U1|CONIC_TYPE[0] ; Keyboard:Kb|data_reg[0] ; Keyboard:Kb|data_reg[0] ; 0.500        ; 5.490      ; 7.982      ;
; -2.743 ; Keyboard:Kb|data_reg[0]  ; Sync:U1|CONIC_TYPE[0] ; Keyboard:Kb|data_reg[0] ; Keyboard:Kb|data_reg[0] ; 1.000        ; 5.490      ; 8.245      ;
; -2.730 ; Keyboard:Kb|data_reg[0]  ; Sync:U1|CONIC_TYPE[2] ; Keyboard:Kb|data_reg[0] ; Keyboard:Kb|data_reg[0] ; 1.000        ; 5.236      ; 8.156      ;
; -2.670 ; Keyboard:Kb|data_reg[0]  ; Sync:U1|CONIC_TYPE[1] ; Keyboard:Kb|data_reg[0] ; Keyboard:Kb|data_reg[0] ; 0.500        ; 5.268      ; 7.673      ;
; -2.660 ; Keyboard:Kb|data_reg[0]  ; Sync:U1|CONIC_TYPE[1] ; Keyboard:Kb|data_reg[0] ; Keyboard:Kb|data_reg[0] ; 0.500        ; 5.515      ; 7.910      ;
; -2.407 ; Keyboard:Kb|data_reg[0]  ; Sync:U1|CONIC_TYPE[1] ; Keyboard:Kb|data_reg[0] ; Keyboard:Kb|data_reg[0] ; 1.000        ; 5.268      ; 7.910      ;
; -2.366 ; Keyboard:Kb|data_reg[0]  ; Sync:U1|CONIC_TYPE[2] ; Keyboard:Kb|data_reg[0] ; Keyboard:Kb|data_reg[0] ; 1.000        ; 5.483      ; 8.039      ;
+--------+--------------------------+-----------------------+-------------------------+-------------------------+--------------+------------+------------+


+----------------------------------------------------------------------------------------------------------------------------------------------------------------+
; Slow 1000mV 0C Model Setup: 'LCD:lcdCtrl|CLK_DLY'                                                                                                              ;
+--------+--------------------------------+-----------------------------+-------------------------+---------------------+--------------+------------+------------+
; Slack  ; From Node                      ; To Node                     ; Launch Clock            ; Latch Clock         ; Relationship ; Clock Skew ; Data Delay ;
+--------+--------------------------------+-----------------------------+-------------------------+---------------------+--------------+------------+------------+
; -6.272 ; Sync:U1|CONIC_TYPE[0]          ; LCD:lcdCtrl|Data[1]         ; Keyboard:Kb|data_reg[0] ; LCD:lcdCtrl|CLK_DLY ; 0.500        ; -3.150     ; 3.634      ;
; -6.223 ; Sync:U1|CONIC_TYPE[1]          ; LCD:lcdCtrl|Data[0]         ; Keyboard:Kb|data_reg[0] ; LCD:lcdCtrl|CLK_DLY ; 0.500        ; -2.919     ; 3.816      ;
; -6.172 ; Sync:U1|CONIC_TYPE[1]          ; LCD:lcdCtrl|Data[1]         ; Keyboard:Kb|data_reg[0] ; LCD:lcdCtrl|CLK_DLY ; 0.500        ; -2.919     ; 3.765      ;
; -6.162 ; Sync:U1|CONIC_TYPE[0]          ; LCD:lcdCtrl|Data[0]         ; Keyboard:Kb|data_reg[0] ; LCD:lcdCtrl|CLK_DLY ; 0.500        ; -3.150     ; 3.524      ;
; -6.130 ; Sync:U1|CONIC_TYPE[0]          ; LCD:lcdCtrl|Data[4]         ; Keyboard:Kb|data_reg[0] ; LCD:lcdCtrl|CLK_DLY ; 0.500        ; -3.149     ; 3.493      ;
; -6.028 ; Sync:U1|CONIC_TYPE[1]          ; LCD:lcdCtrl|Data[2]         ; Keyboard:Kb|data_reg[0] ; LCD:lcdCtrl|CLK_DLY ; 0.500        ; -2.921     ; 3.619      ;
; -5.990 ; Sync:U1|CONIC_TYPE[2]          ; LCD:lcdCtrl|Data[1]         ; Keyboard:Kb|data_reg[0] ; LCD:lcdCtrl|CLK_DLY ; 0.500        ; -2.886     ; 3.616      ;
; -5.944 ; Sync:U1|CONIC_TYPE[0]          ; LCD:lcdCtrl|Data[7]         ; Keyboard:Kb|data_reg[0] ; LCD:lcdCtrl|CLK_DLY ; 0.500        ; -3.149     ; 3.307      ;
; -5.937 ; Sync:U1|CONIC_TYPE[0]          ; LCD:lcdCtrl|Data[3]         ; Keyboard:Kb|data_reg[0] ; LCD:lcdCtrl|CLK_DLY ; 0.500        ; -3.149     ; 3.300      ;
; -5.914 ; Sync:U1|CONIC_TYPE[0]          ; LCD:lcdCtrl|Data[2]         ; Keyboard:Kb|data_reg[0] ; LCD:lcdCtrl|CLK_DLY ; 0.500        ; -3.152     ; 3.274      ;
; -5.889 ; Sync:U1|CONIC_TYPE[0]          ; LCD:lcdCtrl|Data[1]         ; Keyboard:Kb|data_reg[0] ; LCD:lcdCtrl|CLK_DLY ; 1.000        ; -3.267     ; 3.634      ;
; -5.840 ; Sync:U1|CONIC_TYPE[1]          ; LCD:lcdCtrl|Data[0]         ; Keyboard:Kb|data_reg[0] ; LCD:lcdCtrl|CLK_DLY ; 1.000        ; -3.036     ; 3.816      ;
; -5.818 ; Sync:U1|CONIC_TYPE[2]          ; LCD:lcdCtrl|Data[2]         ; Keyboard:Kb|data_reg[0] ; LCD:lcdCtrl|CLK_DLY ; 0.500        ; -2.888     ; 3.442      ;
; -5.805 ; Sync:U1|CONIC_TYPE[2]          ; LCD:lcdCtrl|Data[7]         ; Keyboard:Kb|data_reg[0] ; LCD:lcdCtrl|CLK_DLY ; 0.500        ; -2.885     ; 3.432      ;
; -5.804 ; Sync:U1|CONIC_TYPE[1]          ; LCD:lcdCtrl|Data[3]         ; Keyboard:Kb|data_reg[0] ; LCD:lcdCtrl|CLK_DLY ; 0.500        ; -2.918     ; 3.398      ;
; -5.789 ; Sync:U1|CONIC_TYPE[1]          ; LCD:lcdCtrl|Data[1]         ; Keyboard:Kb|data_reg[0] ; LCD:lcdCtrl|CLK_DLY ; 1.000        ; -3.036     ; 3.765      ;
; -5.779 ; Sync:U1|CONIC_TYPE[0]          ; LCD:lcdCtrl|Data[0]         ; Keyboard:Kb|data_reg[0] ; LCD:lcdCtrl|CLK_DLY ; 1.000        ; -3.267     ; 3.524      ;
; -5.770 ; Sync:U1|CONIC_TYPE[2]          ; LCD:lcdCtrl|Data[0]         ; Keyboard:Kb|data_reg[0] ; LCD:lcdCtrl|CLK_DLY ; 0.500        ; -2.886     ; 3.396      ;
; -5.747 ; Sync:U1|CONIC_TYPE[0]          ; LCD:lcdCtrl|Data[4]         ; Keyboard:Kb|data_reg[0] ; LCD:lcdCtrl|CLK_DLY ; 1.000        ; -3.266     ; 3.493      ;
; -5.738 ; Sync:U1|CONIC_TYPE[0]          ; LCD:lcdCtrl|Data[5]         ; Keyboard:Kb|data_reg[0] ; LCD:lcdCtrl|CLK_DLY ; 0.500        ; -3.149     ; 3.101      ;
; -5.645 ; Sync:U1|CONIC_TYPE[1]          ; LCD:lcdCtrl|Data[2]         ; Keyboard:Kb|data_reg[0] ; LCD:lcdCtrl|CLK_DLY ; 1.000        ; -3.038     ; 3.619      ;
; -5.639 ; Sync:U1|CONIC_TYPE[1]          ; LCD:lcdCtrl|Data[7]         ; Keyboard:Kb|data_reg[0] ; LCD:lcdCtrl|CLK_DLY ; 0.500        ; -2.918     ; 3.233      ;
; -5.635 ; Sync:U1|CONIC_TYPE[1]          ; LCD:lcdCtrl|Data[4]         ; Keyboard:Kb|data_reg[0] ; LCD:lcdCtrl|CLK_DLY ; 0.500        ; -2.918     ; 3.229      ;
; -5.607 ; Sync:U1|CONIC_TYPE[2]          ; LCD:lcdCtrl|Data[1]         ; Keyboard:Kb|data_reg[0] ; LCD:lcdCtrl|CLK_DLY ; 1.000        ; -3.003     ; 3.616      ;
; -5.585 ; Sync:U1|CONIC_TYPE[2]          ; LCD:lcdCtrl|Data[3]         ; Keyboard:Kb|data_reg[0] ; LCD:lcdCtrl|CLK_DLY ; 0.500        ; -2.885     ; 3.212      ;
; -5.564 ; Sync:U1|CONIC_TYPE[2]          ; LCD:lcdCtrl|Data[4]         ; Keyboard:Kb|data_reg[0] ; LCD:lcdCtrl|CLK_DLY ; 0.500        ; -2.885     ; 3.191      ;
; -5.561 ; Sync:U1|CONIC_TYPE[0]          ; LCD:lcdCtrl|Data[7]         ; Keyboard:Kb|data_reg[0] ; LCD:lcdCtrl|CLK_DLY ; 1.000        ; -3.266     ; 3.307      ;
; -5.554 ; Sync:U1|CONIC_TYPE[0]          ; LCD:lcdCtrl|Data[3]         ; Keyboard:Kb|data_reg[0] ; LCD:lcdCtrl|CLK_DLY ; 1.000        ; -3.266     ; 3.300      ;
; -5.531 ; Sync:U1|CONIC_TYPE[0]          ; LCD:lcdCtrl|Data[2]         ; Keyboard:Kb|data_reg[0] ; LCD:lcdCtrl|CLK_DLY ; 1.000        ; -3.269     ; 3.274      ;
; -5.435 ; Sync:U1|CONIC_TYPE[2]          ; LCD:lcdCtrl|Data[2]         ; Keyboard:Kb|data_reg[0] ; LCD:lcdCtrl|CLK_DLY ; 1.000        ; -3.005     ; 3.442      ;
; -5.422 ; Sync:U1|CONIC_TYPE[2]          ; LCD:lcdCtrl|Data[7]         ; Keyboard:Kb|data_reg[0] ; LCD:lcdCtrl|CLK_DLY ; 1.000        ; -3.002     ; 3.432      ;
; -5.421 ; Sync:U1|CONIC_TYPE[1]          ; LCD:lcdCtrl|Data[3]         ; Keyboard:Kb|data_reg[0] ; LCD:lcdCtrl|CLK_DLY ; 1.000        ; -3.035     ; 3.398      ;
; -5.387 ; Sync:U1|CONIC_TYPE[2]          ; LCD:lcdCtrl|Data[0]         ; Keyboard:Kb|data_reg[0] ; LCD:lcdCtrl|CLK_DLY ; 1.000        ; -3.003     ; 3.396      ;
; -5.355 ; Sync:U1|CONIC_TYPE[0]          ; LCD:lcdCtrl|Data[5]         ; Keyboard:Kb|data_reg[0] ; LCD:lcdCtrl|CLK_DLY ; 1.000        ; -3.266     ; 3.101      ;
; -5.256 ; Sync:U1|CONIC_TYPE[1]          ; LCD:lcdCtrl|Data[7]         ; Keyboard:Kb|data_reg[0] ; LCD:lcdCtrl|CLK_DLY ; 1.000        ; -3.035     ; 3.233      ;
; -5.252 ; Sync:U1|CONIC_TYPE[1]          ; LCD:lcdCtrl|Data[4]         ; Keyboard:Kb|data_reg[0] ; LCD:lcdCtrl|CLK_DLY ; 1.000        ; -3.035     ; 3.229      ;
; -5.242 ; Sync:U1|CONIC_TYPE[1]          ; LCD:lcdCtrl|Data[5]         ; Keyboard:Kb|data_reg[0] ; LCD:lcdCtrl|CLK_DLY ; 0.500        ; -2.918     ; 2.836      ;
; -5.202 ; Sync:U1|CONIC_TYPE[2]          ; LCD:lcdCtrl|Data[3]         ; Keyboard:Kb|data_reg[0] ; LCD:lcdCtrl|CLK_DLY ; 1.000        ; -3.002     ; 3.212      ;
; -5.181 ; Sync:U1|CONIC_TYPE[2]          ; LCD:lcdCtrl|Data[4]         ; Keyboard:Kb|data_reg[0] ; LCD:lcdCtrl|CLK_DLY ; 1.000        ; -3.002     ; 3.191      ;
; -4.859 ; Sync:U1|CONIC_TYPE[1]          ; LCD:lcdCtrl|Data[5]         ; Keyboard:Kb|data_reg[0] ; LCD:lcdCtrl|CLK_DLY ; 1.000        ; -3.035     ; 2.836      ;
; -4.810 ; Sync:U1|CONIC_TYPE[2]          ; LCD:lcdCtrl|Data[5]         ; Keyboard:Kb|data_reg[0] ; LCD:lcdCtrl|CLK_DLY ; 0.500        ; -2.885     ; 2.437      ;
; -4.427 ; Sync:U1|CONIC_TYPE[2]          ; LCD:lcdCtrl|Data[5]         ; Keyboard:Kb|data_reg[0] ; LCD:lcdCtrl|CLK_DLY ; 1.000        ; -3.002     ; 2.437      ;
; -3.399 ; LCD:lcdCtrl|CNT2[1]            ; LCD:lcdCtrl|Data[3]         ; LCD:lcdCtrl|CLK_DLY     ; LCD:lcdCtrl|CLK_DLY ; 1.000        ; -0.091     ; 4.320      ;
; -3.392 ; LCD:lcdCtrl|CurrentState.ASK1  ; LCD:lcdCtrl|Data[3]         ; CLK_50                  ; LCD:lcdCtrl|CLK_DLY ; 1.000        ; -0.509     ; 3.885      ;
; -3.381 ; LCD:lcdCtrl|CNT2[3]            ; LCD:lcdCtrl|Data[3]         ; LCD:lcdCtrl|CLK_DLY     ; LCD:lcdCtrl|CLK_DLY ; 1.000        ; -0.091     ; 4.302      ;
; -3.305 ; LCD:lcdCtrl|CurrentState.ASK3  ; LCD:lcdCtrl|Data[3]         ; CLK_50                  ; LCD:lcdCtrl|CLK_DLY ; 1.000        ; -0.509     ; 3.798      ;
; -3.304 ; LCD:lcdCtrl|CurrentState.ENTRY ; LCD:lcdCtrl|E               ; CLK_50                  ; LCD:lcdCtrl|CLK_DLY ; 1.000        ; -0.506     ; 3.800      ;
; -3.304 ; LCD:lcdCtrl|CurrentState.ENTRY ; LCD:lcdCtrl|EN              ; CLK_50                  ; LCD:lcdCtrl|CLK_DLY ; 1.000        ; -0.506     ; 3.800      ;
; -3.291 ; LCD:lcdCtrl|CurrentState.L2    ; LCD:lcdCtrl|E               ; CLK_50                  ; LCD:lcdCtrl|CLK_DLY ; 1.000        ; -0.506     ; 3.787      ;
; -3.291 ; LCD:lcdCtrl|CurrentState.L2    ; LCD:lcdCtrl|EN              ; CLK_50                  ; LCD:lcdCtrl|CLK_DLY ; 1.000        ; -0.506     ; 3.787      ;
; -3.266 ; LCD:lcdCtrl|CurrentState.ASK1  ; LCD:lcdCtrl|Data[0]         ; CLK_50                  ; LCD:lcdCtrl|CLK_DLY ; 1.000        ; -0.510     ; 3.758      ;
; -3.215 ; LCD:lcdCtrl|CNT2[0]            ; LCD:lcdCtrl|Data[3]         ; LCD:lcdCtrl|CLK_DLY     ; LCD:lcdCtrl|CLK_DLY ; 1.000        ; -0.091     ; 4.136      ;
; -3.204 ; LCD:lcdCtrl|CurrentState.MSG1  ; LCD:lcdCtrl|NextState.L2    ; CLK_50                  ; LCD:lcdCtrl|CLK_DLY ; 1.000        ; -0.509     ; 3.697      ;
; -3.200 ; LCD:lcdCtrl|CurrentState.ASK1  ; LCD:lcdCtrl|E               ; CLK_50                  ; LCD:lcdCtrl|CLK_DLY ; 1.000        ; -0.509     ; 3.693      ;
; -3.200 ; LCD:lcdCtrl|CurrentState.ASK1  ; LCD:lcdCtrl|EN              ; CLK_50                  ; LCD:lcdCtrl|CLK_DLY ; 1.000        ; -0.509     ; 3.693      ;
; -3.180 ; LCD:lcdCtrl|CurrentState.ENTRY ; LCD:lcdCtrl|NextState.ENTRY ; CLK_50                  ; LCD:lcdCtrl|CLK_DLY ; 1.000        ; -0.505     ; 3.677      ;
; -3.179 ; LCD:lcdCtrl|CurrentState.ASK3  ; LCD:lcdCtrl|Data[0]         ; CLK_50                  ; LCD:lcdCtrl|CLK_DLY ; 1.000        ; -0.510     ; 3.671      ;
; -3.175 ; LCD:lcdCtrl|CNT2[1]            ; LCD:lcdCtrl|Data[0]         ; LCD:lcdCtrl|CLK_DLY     ; LCD:lcdCtrl|CLK_DLY ; 1.000        ; -0.092     ; 4.095      ;
; -3.167 ; LCD:lcdCtrl|CurrentState.ENTRY ; LCD:lcdCtrl|NextState.ASK3  ; CLK_50                  ; LCD:lcdCtrl|CLK_DLY ; 1.000        ; -0.503     ; 3.666      ;
; -3.161 ; LCD:lcdCtrl|CurrentState.L2    ; LCD:lcdCtrl|NextState.ENTRY ; CLK_50                  ; LCD:lcdCtrl|CLK_DLY ; 1.000        ; -0.505     ; 3.658      ;
; -3.160 ; LCD:lcdCtrl|CurrentState.ASK2  ; LCD:lcdCtrl|Data[3]         ; CLK_50                  ; LCD:lcdCtrl|CLK_DLY ; 1.000        ; -0.511     ; 3.651      ;
; -3.157 ; LCD:lcdCtrl|CNT2[3]            ; LCD:lcdCtrl|Data[0]         ; LCD:lcdCtrl|CLK_DLY     ; LCD:lcdCtrl|CLK_DLY ; 1.000        ; -0.092     ; 4.077      ;
; -3.148 ; LCD:lcdCtrl|CurrentState.L2    ; LCD:lcdCtrl|NextState.ASK3  ; CLK_50                  ; LCD:lcdCtrl|CLK_DLY ; 1.000        ; -0.503     ; 3.647      ;
; -3.139 ; LCD:lcdCtrl|CurrentState.MSG2  ; LCD:lcdCtrl|E               ; CLK_50                  ; LCD:lcdCtrl|CLK_DLY ; 1.000        ; -0.510     ; 3.631      ;
; -3.139 ; LCD:lcdCtrl|CurrentState.D_OFF ; LCD:lcdCtrl|E               ; CLK_50                  ; LCD:lcdCtrl|CLK_DLY ; 1.000        ; -0.509     ; 3.632      ;
; -3.139 ; LCD:lcdCtrl|CurrentState.MSG2  ; LCD:lcdCtrl|EN              ; CLK_50                  ; LCD:lcdCtrl|CLK_DLY ; 1.000        ; -0.510     ; 3.631      ;
; -3.139 ; LCD:lcdCtrl|CurrentState.D_OFF ; LCD:lcdCtrl|EN              ; CLK_50                  ; LCD:lcdCtrl|CLK_DLY ; 1.000        ; -0.509     ; 3.632      ;
; -3.132 ; LCD:lcdCtrl|CurrentState.D_ON  ; LCD:lcdCtrl|E               ; CLK_50                  ; LCD:lcdCtrl|CLK_DLY ; 1.000        ; -0.506     ; 3.628      ;
; -3.132 ; LCD:lcdCtrl|CurrentState.D_ON  ; LCD:lcdCtrl|EN              ; CLK_50                  ; LCD:lcdCtrl|CLK_DLY ; 1.000        ; -0.506     ; 3.628      ;
; -3.121 ; LCD:lcdCtrl|CurrentState.ASK3  ; LCD:lcdCtrl|E               ; CLK_50                  ; LCD:lcdCtrl|CLK_DLY ; 1.000        ; -0.509     ; 3.614      ;
; -3.121 ; LCD:lcdCtrl|CurrentState.ASK3  ; LCD:lcdCtrl|EN              ; CLK_50                  ; LCD:lcdCtrl|CLK_DLY ; 1.000        ; -0.509     ; 3.614      ;
; -3.112 ; LCD:lcdCtrl|CNT2[1]            ; LCD:lcdCtrl|Data[1]         ; LCD:lcdCtrl|CLK_DLY     ; LCD:lcdCtrl|CLK_DLY ; 1.000        ; -0.092     ; 4.032      ;
; -3.110 ; LCD:lcdCtrl|CurrentState.L1    ; LCD:lcdCtrl|E               ; CLK_50                  ; LCD:lcdCtrl|CLK_DLY ; 1.000        ; -0.509     ; 3.603      ;
; -3.110 ; LCD:lcdCtrl|CurrentState.L1    ; LCD:lcdCtrl|EN              ; CLK_50                  ; LCD:lcdCtrl|CLK_DLY ; 1.000        ; -0.509     ; 3.603      ;
; -3.101 ; LCD:lcdCtrl|CurrentState.ENTRY ; LCD:lcdCtrl|NextState.L2    ; CLK_50                  ; LCD:lcdCtrl|CLK_DLY ; 1.000        ; -0.505     ; 3.598      ;
; -3.090 ; LCD:lcdCtrl|CNT2[1]            ; LCD:lcdCtrl|Data[2]         ; LCD:lcdCtrl|CLK_DLY     ; LCD:lcdCtrl|CLK_DLY ; 1.000        ; -0.094     ; 4.008      ;
; -3.083 ; LCD:lcdCtrl|CurrentState.ASK1  ; LCD:lcdCtrl|CNT1[1]         ; CLK_50                  ; LCD:lcdCtrl|CLK_DLY ; 1.000        ; -0.504     ; 3.581      ;
; -3.083 ; LCD:lcdCtrl|CurrentState.ASK1  ; LCD:lcdCtrl|CNT1[0]         ; CLK_50                  ; LCD:lcdCtrl|CLK_DLY ; 1.000        ; -0.504     ; 3.581      ;
; -3.082 ; LCD:lcdCtrl|CurrentState.L2    ; LCD:lcdCtrl|NextState.L2    ; CLK_50                  ; LCD:lcdCtrl|CLK_DLY ; 1.000        ; -0.505     ; 3.579      ;
; -3.070 ; LCD:lcdCtrl|CNT2[1]            ; LCD:lcdCtrl|Data[7]         ; LCD:lcdCtrl|CLK_DLY     ; LCD:lcdCtrl|CLK_DLY ; 1.000        ; -0.091     ; 3.991      ;
; -3.063 ; LCD:lcdCtrl|CurrentState.ASK1  ; LCD:lcdCtrl|Data[7]         ; CLK_50                  ; LCD:lcdCtrl|CLK_DLY ; 1.000        ; -0.509     ; 3.556      ;
; -3.063 ; LCD:lcdCtrl|CNT2[3]            ; LCD:lcdCtrl|Data[1]         ; LCD:lcdCtrl|CLK_DLY     ; LCD:lcdCtrl|CLK_DLY ; 1.000        ; -0.092     ; 3.983      ;
; -3.056 ; LCD:lcdCtrl|CurrentState.MSG1  ; LCD:lcdCtrl|E               ; CLK_50                  ; LCD:lcdCtrl|CLK_DLY ; 1.000        ; -0.510     ; 3.548      ;
; -3.056 ; LCD:lcdCtrl|CurrentState.MSG1  ; LCD:lcdCtrl|EN              ; CLK_50                  ; LCD:lcdCtrl|CLK_DLY ; 1.000        ; -0.510     ; 3.548      ;
; -3.052 ; LCD:lcdCtrl|CNT2[3]            ; LCD:lcdCtrl|Data[7]         ; LCD:lcdCtrl|CLK_DLY     ; LCD:lcdCtrl|CLK_DLY ; 1.000        ; -0.091     ; 3.973      ;
; -3.042 ; LCD:lcdCtrl|CNT2[2]            ; LCD:lcdCtrl|Data[3]         ; LCD:lcdCtrl|CLK_DLY     ; LCD:lcdCtrl|CLK_DLY ; 1.000        ; -0.091     ; 3.963      ;
; -3.039 ; LCD:lcdCtrl|CNT2[2]            ; LCD:lcdCtrl|Data[2]         ; LCD:lcdCtrl|CLK_DLY     ; LCD:lcdCtrl|CLK_DLY ; 1.000        ; -0.094     ; 3.957      ;
; -3.034 ; LCD:lcdCtrl|CurrentState.ASK2  ; LCD:lcdCtrl|Data[0]         ; CLK_50                  ; LCD:lcdCtrl|CLK_DLY ; 1.000        ; -0.512     ; 3.524      ;
; -3.030 ; LCD:lcdCtrl|CurrentState.ENTRY ; LCD:lcdCtrl|NextState.MSG1  ; CLK_50                  ; LCD:lcdCtrl|CLK_DLY ; 1.000        ; -0.505     ; 3.527      ;
; -3.030 ; LCD:lcdCtrl|CNT2[1]            ; LCD:lcdCtrl|CNT1[1]         ; LCD:lcdCtrl|CLK_DLY     ; LCD:lcdCtrl|CLK_DLY ; 1.000        ; -0.086     ; 3.956      ;
; -3.030 ; LCD:lcdCtrl|CNT2[1]            ; LCD:lcdCtrl|CNT1[0]         ; LCD:lcdCtrl|CLK_DLY     ; LCD:lcdCtrl|CLK_DLY ; 1.000        ; -0.086     ; 3.956      ;
; -3.027 ; LCD:lcdCtrl|CurrentState.MSG2  ; LCD:lcdCtrl|Data[1]         ; CLK_50                  ; LCD:lcdCtrl|CLK_DLY ; 1.000        ; -0.511     ; 3.518      ;
; -3.027 ; LCD:lcdCtrl|CurrentState.ENTRY ; LCD:lcdCtrl|NextState.MSG2  ; CLK_50                  ; LCD:lcdCtrl|CLK_DLY ; 1.000        ; -0.505     ; 3.524      ;
; -3.023 ; LCD:lcdCtrl|CNT2[1]            ; LCD:lcdCtrl|NextState.L2    ; LCD:lcdCtrl|CLK_DLY     ; LCD:lcdCtrl|CLK_DLY ; 1.000        ; -0.090     ; 3.945      ;
; -3.022 ; LCD:lcdCtrl|CNT2[3]            ; LCD:lcdCtrl|CNT1[1]         ; LCD:lcdCtrl|CLK_DLY     ; LCD:lcdCtrl|CLK_DLY ; 1.000        ; -0.086     ; 3.948      ;
; -3.022 ; LCD:lcdCtrl|CNT2[3]            ; LCD:lcdCtrl|CNT1[0]         ; LCD:lcdCtrl|CLK_DLY     ; LCD:lcdCtrl|CLK_DLY ; 1.000        ; -0.086     ; 3.948      ;
; -3.017 ; LCD:lcdCtrl|CurrentState.D_OFF ; LCD:lcdCtrl|NextState.ENTRY ; CLK_50                  ; LCD:lcdCtrl|CLK_DLY ; 1.000        ; -0.508     ; 3.511      ;
; -3.017 ; LCD:lcdCtrl|CurrentState.L2    ; LCD:lcdCtrl|NextState.MSG1  ; CLK_50                  ; LCD:lcdCtrl|CLK_DLY ; 1.000        ; -0.505     ; 3.514      ;
; -3.014 ; LCD:lcdCtrl|CurrentState.L2    ; LCD:lcdCtrl|NextState.MSG2  ; CLK_50                  ; LCD:lcdCtrl|CLK_DLY ; 1.000        ; -0.505     ; 3.511      ;
; -3.010 ; LCD:lcdCtrl|CurrentState.D_ON  ; LCD:lcdCtrl|NextState.ENTRY ; CLK_50                  ; LCD:lcdCtrl|CLK_DLY ; 1.000        ; -0.505     ; 3.507      ;
+--------+--------------------------------+-----------------------------+-------------------------+---------------------+--------------+------------+------------+


+--------------------------------------------------------------------------------------------------------------------------------------------------------------------+
; Slow 1000mV 0C Model Setup: 'CLK_50'                                                                                                                               ;
+--------+---------------------------------------+----------------------------------+-------------------------+-------------+--------------+------------+------------+
; Slack  ; From Node                             ; To Node                          ; Launch Clock            ; Latch Clock ; Relationship ; Clock Skew ; Data Delay ;
+--------+---------------------------------------+----------------------------------+-------------------------+-------------+--------------+------------+------------+
; -1.479 ; Keyboard:Kb|data_reg[0]               ; Keyboard:Kb|data_reg[9]          ; Keyboard:Kb|data_reg[0] ; CLK_50      ; 0.500        ; 3.879      ; 6.180      ;
; -1.476 ; Keyboard:Kb|data_reg[0]               ; Keyboard:Kb|data_reg[8]          ; Keyboard:Kb|data_reg[0] ; CLK_50      ; 0.500        ; 3.879      ; 6.177      ;
; -1.474 ; Keyboard:Kb|data_reg[0]               ; Keyboard:Kb|data_reg[11]         ; Keyboard:Kb|data_reg[0] ; CLK_50      ; 0.500        ; 3.879      ; 6.175      ;
; -1.474 ; Keyboard:Kb|data_reg[0]               ; Keyboard:Kb|data_reg[10]         ; Keyboard:Kb|data_reg[0] ; CLK_50      ; 0.500        ; 3.879      ; 6.175      ;
; -1.430 ; Keyboard:Kb|data_reg[0]               ; Keyboard:Kb|data_reg[13]         ; Keyboard:Kb|data_reg[0] ; CLK_50      ; 0.500        ; 3.885      ; 6.137      ;
; -1.430 ; Keyboard:Kb|data_reg[0]               ; Keyboard:Kb|data_reg[14]         ; Keyboard:Kb|data_reg[0] ; CLK_50      ; 0.500        ; 3.885      ; 6.137      ;
; -1.430 ; Keyboard:Kb|data_reg[0]               ; Keyboard:Kb|data_reg[15]         ; Keyboard:Kb|data_reg[0] ; CLK_50      ; 0.500        ; 3.885      ; 6.137      ;
; -1.364 ; Keyboard:Kb|data_reg[0]               ; Keyboard:Kb|data_reg[12]         ; Keyboard:Kb|data_reg[0] ; CLK_50      ; 0.500        ; 3.827      ; 6.013      ;
; -1.014 ; LCD:lcdCtrl|CLK_DLY                   ; LCD:lcdCtrl|CLK_DLY              ; LCD:lcdCtrl|CLK_DLY     ; CLK_50      ; 0.500        ; 3.306      ; 5.142      ;
; -0.993 ; Keyboard:Kb|data_reg[0]               ; Keyboard:Kb|data_reg[9]          ; Keyboard:Kb|data_reg[0] ; CLK_50      ; 1.000        ; 3.879      ; 6.194      ;
; -0.990 ; Keyboard:Kb|data_reg[0]               ; Keyboard:Kb|data_reg[8]          ; Keyboard:Kb|data_reg[0] ; CLK_50      ; 1.000        ; 3.879      ; 6.191      ;
; -0.988 ; Keyboard:Kb|data_reg[0]               ; Keyboard:Kb|data_reg[11]         ; Keyboard:Kb|data_reg[0] ; CLK_50      ; 1.000        ; 3.879      ; 6.189      ;
; -0.988 ; Keyboard:Kb|data_reg[0]               ; Keyboard:Kb|data_reg[10]         ; Keyboard:Kb|data_reg[0] ; CLK_50      ; 1.000        ; 3.879      ; 6.189      ;
; -0.944 ; Keyboard:Kb|data_reg[0]               ; Keyboard:Kb|data_reg[13]         ; Keyboard:Kb|data_reg[0] ; CLK_50      ; 1.000        ; 3.885      ; 6.151      ;
; -0.944 ; Keyboard:Kb|data_reg[0]               ; Keyboard:Kb|data_reg[14]         ; Keyboard:Kb|data_reg[0] ; CLK_50      ; 1.000        ; 3.885      ; 6.151      ;
; -0.944 ; Keyboard:Kb|data_reg[0]               ; Keyboard:Kb|data_reg[15]         ; Keyboard:Kb|data_reg[0] ; CLK_50      ; 1.000        ; 3.885      ; 6.151      ;
; -0.878 ; Keyboard:Kb|data_reg[0]               ; Keyboard:Kb|data_reg[12]         ; Keyboard:Kb|data_reg[0] ; CLK_50      ; 1.000        ; 3.827      ; 6.027      ;
; -0.552 ; LCD:lcdCtrl|CLK_DLY                   ; LCD:lcdCtrl|CLK_DLY              ; LCD:lcdCtrl|CLK_DLY     ; CLK_50      ; 1.000        ; 3.306      ; 5.180      ;
; -0.542 ; LCD:lcdCtrl|NextState.D_OFF           ; LCD:lcdCtrl|CurrentState.D_OFF   ; LCD:lcdCtrl|CLK_DLY     ; CLK_50      ; 1.000        ; 0.239      ; 1.783      ;
; -0.542 ; LCD:lcdCtrl|NextState.ASK2            ; LCD:lcdCtrl|CurrentState.ASK2    ; LCD:lcdCtrl|CLK_DLY     ; CLK_50      ; 1.000        ; 0.244      ; 1.788      ;
; -0.541 ; LCD:lcdCtrl|NextState.LCD_CLR         ; LCD:lcdCtrl|CurrentState.LCD_CLR ; LCD:lcdCtrl|CLK_DLY     ; CLK_50      ; 1.000        ; 0.240      ; 1.783      ;
; -0.539 ; LCD:lcdCtrl|NextState.ASK1            ; LCD:lcdCtrl|CurrentState.ASK1    ; LCD:lcdCtrl|CLK_DLY     ; CLK_50      ; 1.000        ; 0.239      ; 1.780      ;
; -0.525 ; LCD:lcdCtrl|NextState.ASK3            ; LCD:lcdCtrl|CurrentState.ASK3    ; LCD:lcdCtrl|CLK_DLY     ; CLK_50      ; 1.000        ; 0.239      ; 1.766      ;
; -0.432 ; LCD:lcdCtrl|NextState.D_ON            ; LCD:lcdCtrl|CurrentState.D_ON    ; LCD:lcdCtrl|CLK_DLY     ; CLK_50      ; 1.000        ; 0.240      ; 1.674      ;
; -0.392 ; LCD:lcdCtrl|NextState.L2              ; LCD:lcdCtrl|CurrentState.L2      ; LCD:lcdCtrl|CLK_DLY     ; CLK_50      ; 1.000        ; 0.240      ; 1.634      ;
; -0.378 ; LCD:lcdCtrl|NextState.ENTRY           ; LCD:lcdCtrl|CurrentState.ENTRY   ; LCD:lcdCtrl|CLK_DLY     ; CLK_50      ; 1.000        ; 0.240      ; 1.620      ;
; -0.354 ; LCD:lcdCtrl|NextState.MSG2            ; LCD:lcdCtrl|CurrentState.MSG2    ; LCD:lcdCtrl|CLK_DLY     ; CLK_50      ; 1.000        ; 0.243      ; 1.599      ;
; -0.347 ; LCD:lcdCtrl|NextState.L1              ; LCD:lcdCtrl|CurrentState.L1      ; LCD:lcdCtrl|CLK_DLY     ; CLK_50      ; 1.000        ; 0.239      ; 1.588      ;
; -0.319 ; LCD:lcdCtrl|NextState.MSG1            ; LCD:lcdCtrl|CurrentState.MSG1    ; LCD:lcdCtrl|CLK_DLY     ; CLK_50      ; 1.000        ; 0.243      ; 1.564      ;
; 11.370 ; Keyboard:Kb|ps2_clk_deb_previous_reg  ; Keyboard:Kb|data_reg[9]          ; CLK_50                  ; CLK_50      ; 20.000       ; 0.475      ; 9.117      ;
; 11.373 ; Keyboard:Kb|ps2_clk_deb_previous_reg  ; Keyboard:Kb|data_reg[8]          ; CLK_50                  ; CLK_50      ; 20.000       ; 0.475      ; 9.114      ;
; 11.375 ; Keyboard:Kb|ps2_clk_deb_previous_reg  ; Keyboard:Kb|data_reg[11]         ; CLK_50                  ; CLK_50      ; 20.000       ; 0.475      ; 9.112      ;
; 11.375 ; Keyboard:Kb|ps2_clk_deb_previous_reg  ; Keyboard:Kb|data_reg[10]         ; CLK_50                  ; CLK_50      ; 20.000       ; 0.475      ; 9.112      ;
; 11.400 ; Keyboard:Kb|ps2_clk_deb_previous_reg  ; Keyboard:Kb|data_reg[12]         ; CLK_50                  ; CLK_50      ; 20.000       ; 0.423      ; 9.035      ;
; 11.419 ; Keyboard:Kb|ps2_clk_deb_previous_reg  ; Keyboard:Kb|data_reg[13]         ; CLK_50                  ; CLK_50      ; 20.000       ; 0.481      ; 9.074      ;
; 11.419 ; Keyboard:Kb|ps2_clk_deb_previous_reg  ; Keyboard:Kb|data_reg[14]         ; CLK_50                  ; CLK_50      ; 20.000       ; 0.481      ; 9.074      ;
; 11.419 ; Keyboard:Kb|ps2_clk_deb_previous_reg  ; Keyboard:Kb|data_reg[15]         ; CLK_50                  ; CLK_50      ; 20.000       ; 0.481      ; 9.074      ;
; 11.597 ; Keyboard:Kb|Debounce:deb_inst|out_reg ; Keyboard:Kb|data_reg[9]          ; CLK_50                  ; CLK_50      ; 20.000       ; 0.475      ; 8.890      ;
; 11.600 ; Keyboard:Kb|Debounce:deb_inst|out_reg ; Keyboard:Kb|data_reg[8]          ; CLK_50                  ; CLK_50      ; 20.000       ; 0.475      ; 8.887      ;
; 11.602 ; Keyboard:Kb|Debounce:deb_inst|out_reg ; Keyboard:Kb|data_reg[11]         ; CLK_50                  ; CLK_50      ; 20.000       ; 0.475      ; 8.885      ;
; 11.602 ; Keyboard:Kb|Debounce:deb_inst|out_reg ; Keyboard:Kb|data_reg[10]         ; CLK_50                  ; CLK_50      ; 20.000       ; 0.475      ; 8.885      ;
; 11.627 ; Keyboard:Kb|Debounce:deb_inst|out_reg ; Keyboard:Kb|data_reg[12]         ; CLK_50                  ; CLK_50      ; 20.000       ; 0.423      ; 8.808      ;
; 11.646 ; Keyboard:Kb|Debounce:deb_inst|out_reg ; Keyboard:Kb|data_reg[13]         ; CLK_50                  ; CLK_50      ; 20.000       ; 0.481      ; 8.847      ;
; 11.646 ; Keyboard:Kb|Debounce:deb_inst|out_reg ; Keyboard:Kb|data_reg[14]         ; CLK_50                  ; CLK_50      ; 20.000       ; 0.481      ; 8.847      ;
; 11.646 ; Keyboard:Kb|Debounce:deb_inst|out_reg ; Keyboard:Kb|data_reg[15]         ; CLK_50                  ; CLK_50      ; 20.000       ; 0.481      ; 8.847      ;
; 11.795 ; Keyboard:Kb|package_reg[3]            ; Keyboard:Kb|data_reg[8]          ; CLK_50                  ; CLK_50      ; 20.000       ; 0.464      ; 8.681      ;
; 11.796 ; Keyboard:Kb|package_reg[3]            ; Keyboard:Kb|data_reg[9]          ; CLK_50                  ; CLK_50      ; 20.000       ; 0.464      ; 8.680      ;
; 11.797 ; Keyboard:Kb|package_reg[3]            ; Keyboard:Kb|data_reg[10]         ; CLK_50                  ; CLK_50      ; 20.000       ; 0.464      ; 8.679      ;
; 11.800 ; Keyboard:Kb|package_reg[3]            ; Keyboard:Kb|data_reg[11]         ; CLK_50                  ; CLK_50      ; 20.000       ; 0.464      ; 8.676      ;
; 11.818 ; Keyboard:Kb|package_reg[3]            ; Keyboard:Kb|data_reg[12]         ; CLK_50                  ; CLK_50      ; 20.000       ; 0.412      ; 8.606      ;
; 11.899 ; Keyboard:Kb|package_reg[3]            ; Keyboard:Kb|data_reg[15]         ; CLK_50                  ; CLK_50      ; 20.000       ; 0.470      ; 8.583      ;
; 11.899 ; Keyboard:Kb|package_reg[3]            ; Keyboard:Kb|data_reg[14]         ; CLK_50                  ; CLK_50      ; 20.000       ; 0.470      ; 8.583      ;
; 11.899 ; Keyboard:Kb|package_reg[3]            ; Keyboard:Kb|data_reg[13]         ; CLK_50                  ; CLK_50      ; 20.000       ; 0.470      ; 8.583      ;
; 12.318 ; Keyboard:Kb|package_reg[7]            ; Keyboard:Kb|data_reg[9]          ; CLK_50                  ; CLK_50      ; 20.000       ; 0.475      ; 8.169      ;
; 12.321 ; Keyboard:Kb|package_reg[7]            ; Keyboard:Kb|data_reg[8]          ; CLK_50                  ; CLK_50      ; 20.000       ; 0.475      ; 8.166      ;
; 12.323 ; Keyboard:Kb|package_reg[7]            ; Keyboard:Kb|data_reg[11]         ; CLK_50                  ; CLK_50      ; 20.000       ; 0.475      ; 8.164      ;
; 12.323 ; Keyboard:Kb|package_reg[7]            ; Keyboard:Kb|data_reg[10]         ; CLK_50                  ; CLK_50      ; 20.000       ; 0.475      ; 8.164      ;
; 12.361 ; Keyboard:Kb|package_reg[4]            ; Keyboard:Kb|data_reg[8]          ; CLK_50                  ; CLK_50      ; 20.000       ; 0.464      ; 8.115      ;
; 12.362 ; Keyboard:Kb|package_reg[4]            ; Keyboard:Kb|data_reg[9]          ; CLK_50                  ; CLK_50      ; 20.000       ; 0.464      ; 8.114      ;
; 12.363 ; Keyboard:Kb|package_reg[4]            ; Keyboard:Kb|data_reg[10]         ; CLK_50                  ; CLK_50      ; 20.000       ; 0.464      ; 8.113      ;
; 12.366 ; Keyboard:Kb|package_reg[4]            ; Keyboard:Kb|data_reg[11]         ; CLK_50                  ; CLK_50      ; 20.000       ; 0.464      ; 8.110      ;
; 12.367 ; Keyboard:Kb|package_reg[7]            ; Keyboard:Kb|data_reg[13]         ; CLK_50                  ; CLK_50      ; 20.000       ; 0.481      ; 8.126      ;
; 12.367 ; Keyboard:Kb|package_reg[7]            ; Keyboard:Kb|data_reg[14]         ; CLK_50                  ; CLK_50      ; 20.000       ; 0.481      ; 8.126      ;
; 12.367 ; Keyboard:Kb|package_reg[7]            ; Keyboard:Kb|data_reg[15]         ; CLK_50                  ; CLK_50      ; 20.000       ; 0.481      ; 8.126      ;
; 12.384 ; Keyboard:Kb|package_reg[4]            ; Keyboard:Kb|data_reg[12]         ; CLK_50                  ; CLK_50      ; 20.000       ; 0.412      ; 8.040      ;
; 12.410 ; Keyboard:Kb|data_reg[5]               ; Keyboard:Kb|data_reg[9]          ; CLK_50                  ; CLK_50      ; 20.000       ; -0.116     ; 7.486      ;
; 12.413 ; Keyboard:Kb|data_reg[5]               ; Keyboard:Kb|data_reg[8]          ; CLK_50                  ; CLK_50      ; 20.000       ; -0.116     ; 7.483      ;
; 12.415 ; Keyboard:Kb|data_reg[5]               ; Keyboard:Kb|data_reg[11]         ; CLK_50                  ; CLK_50      ; 20.000       ; -0.116     ; 7.481      ;
; 12.415 ; Keyboard:Kb|data_reg[5]               ; Keyboard:Kb|data_reg[10]         ; CLK_50                  ; CLK_50      ; 20.000       ; -0.116     ; 7.481      ;
; 12.425 ; Keyboard:Kb|package_reg[7]            ; Keyboard:Kb|data_reg[12]         ; CLK_50                  ; CLK_50      ; 20.000       ; 0.423      ; 8.010      ;
; 12.446 ; Keyboard:Kb|package_reg[4]            ; Keyboard:Kb|data_reg[15]         ; CLK_50                  ; CLK_50      ; 20.000       ; 0.470      ; 8.036      ;
; 12.446 ; Keyboard:Kb|package_reg[4]            ; Keyboard:Kb|data_reg[14]         ; CLK_50                  ; CLK_50      ; 20.000       ; 0.470      ; 8.036      ;
; 12.446 ; Keyboard:Kb|package_reg[4]            ; Keyboard:Kb|data_reg[13]         ; CLK_50                  ; CLK_50      ; 20.000       ; 0.470      ; 8.036      ;
; 12.477 ; Keyboard:Kb|data_reg[5]               ; Keyboard:Kb|data_reg[13]         ; CLK_50                  ; CLK_50      ; 20.000       ; -0.092     ; 7.443      ;
; 12.477 ; Keyboard:Kb|data_reg[5]               ; Keyboard:Kb|data_reg[14]         ; CLK_50                  ; CLK_50      ; 20.000       ; -0.092     ; 7.443      ;
; 12.477 ; Keyboard:Kb|data_reg[5]               ; Keyboard:Kb|data_reg[15]         ; CLK_50                  ; CLK_50      ; 20.000       ; -0.092     ; 7.443      ;
; 12.478 ; Keyboard:Kb|data_reg[5]               ; Keyboard:Kb|data_reg[12]         ; CLK_50                  ; CLK_50      ; 20.000       ; -0.168     ; 7.366      ;
; 12.668 ; Keyboard:Kb|data_reg[2]               ; Keyboard:Kb|data_reg[9]          ; CLK_50                  ; CLK_50      ; 20.000       ; -0.027     ; 7.317      ;
; 12.671 ; Keyboard:Kb|data_reg[2]               ; Keyboard:Kb|data_reg[8]          ; CLK_50                  ; CLK_50      ; 20.000       ; -0.027     ; 7.314      ;
; 12.673 ; Keyboard:Kb|data_reg[2]               ; Keyboard:Kb|data_reg[11]         ; CLK_50                  ; CLK_50      ; 20.000       ; -0.027     ; 7.312      ;
; 12.673 ; Keyboard:Kb|data_reg[2]               ; Keyboard:Kb|data_reg[10]         ; CLK_50                  ; CLK_50      ; 20.000       ; -0.027     ; 7.312      ;
; 12.680 ; Keyboard:Kb|data_reg[2]               ; Keyboard:Kb|data_reg[13]         ; CLK_50                  ; CLK_50      ; 20.000       ; -0.058     ; 7.274      ;
; 12.680 ; Keyboard:Kb|data_reg[2]               ; Keyboard:Kb|data_reg[14]         ; CLK_50                  ; CLK_50      ; 20.000       ; -0.058     ; 7.274      ;
; 12.680 ; Keyboard:Kb|data_reg[2]               ; Keyboard:Kb|data_reg[15]         ; CLK_50                  ; CLK_50      ; 20.000       ; -0.058     ; 7.274      ;
; 12.715 ; LCD:lcdCtrl|ClkCnt[8]                 ; LCD:lcdCtrl|CLK_DLY              ; CLK_50                  ; CLK_50      ; 20.000       ; -0.060     ; 7.237      ;
; 12.716 ; LCD:lcdCtrl|ClkCnt[9]                 ; LCD:lcdCtrl|CLK_DLY              ; CLK_50                  ; CLK_50      ; 20.000       ; -0.060     ; 7.236      ;
; 12.734 ; Keyboard:Kb|data_reg[2]               ; Keyboard:Kb|data_reg[12]         ; CLK_50                  ; CLK_50      ; 20.000       ; -0.054     ; 7.224      ;
; 12.795 ; Keyboard:Kb|package_reg[8]            ; Keyboard:Kb|data_reg[9]          ; CLK_50                  ; CLK_50      ; 20.000       ; 0.475      ; 7.692      ;
; 12.798 ; Keyboard:Kb|package_reg[8]            ; Keyboard:Kb|data_reg[8]          ; CLK_50                  ; CLK_50      ; 20.000       ; 0.475      ; 7.689      ;
; 12.798 ; Keyboard:Kb|package_reg[5]            ; Keyboard:Kb|data_reg[8]          ; CLK_50                  ; CLK_50      ; 20.000       ; 0.464      ; 7.678      ;
; 12.799 ; Keyboard:Kb|package_reg[5]            ; Keyboard:Kb|data_reg[9]          ; CLK_50                  ; CLK_50      ; 20.000       ; 0.464      ; 7.677      ;
; 12.800 ; Keyboard:Kb|package_reg[8]            ; Keyboard:Kb|data_reg[11]         ; CLK_50                  ; CLK_50      ; 20.000       ; 0.475      ; 7.687      ;
; 12.800 ; Keyboard:Kb|package_reg[8]            ; Keyboard:Kb|data_reg[10]         ; CLK_50                  ; CLK_50      ; 20.000       ; 0.475      ; 7.687      ;
; 12.800 ; Keyboard:Kb|package_reg[5]            ; Keyboard:Kb|data_reg[10]         ; CLK_50                  ; CLK_50      ; 20.000       ; 0.464      ; 7.676      ;
; 12.803 ; Keyboard:Kb|package_reg[5]            ; Keyboard:Kb|data_reg[11]         ; CLK_50                  ; CLK_50      ; 20.000       ; 0.464      ; 7.673      ;
; 12.821 ; Keyboard:Kb|package_reg[5]            ; Keyboard:Kb|data_reg[12]         ; CLK_50                  ; CLK_50      ; 20.000       ; 0.412      ; 7.603      ;
; 12.844 ; Keyboard:Kb|package_reg[8]            ; Keyboard:Kb|data_reg[13]         ; CLK_50                  ; CLK_50      ; 20.000       ; 0.481      ; 7.649      ;
; 12.844 ; Keyboard:Kb|package_reg[8]            ; Keyboard:Kb|data_reg[14]         ; CLK_50                  ; CLK_50      ; 20.000       ; 0.481      ; 7.649      ;
; 12.844 ; Keyboard:Kb|package_reg[8]            ; Keyboard:Kb|data_reg[15]         ; CLK_50                  ; CLK_50      ; 20.000       ; 0.481      ; 7.649      ;
; 12.856 ; Keyboard:Kb|package_reg[8]            ; Keyboard:Kb|data_reg[12]         ; CLK_50                  ; CLK_50      ; 20.000       ; 0.423      ; 7.579      ;
+--------+---------------------------------------+----------------------------------+-------------------------+-------------+--------------+------------+------------+


+-------------------------------------------------------------------------------------------------------------------------------------------------------+
; Slow 1000mV 0C Model Hold: 'Keyboard:Kb|data_reg[0]'                                                                                                  ;
+-------+--------------------------+-----------------------+-------------------------+-------------------------+--------------+------------+------------+
; Slack ; From Node                ; To Node               ; Launch Clock            ; Latch Clock             ; Relationship ; Clock Skew ; Data Delay ;
+-------+--------------------------+-----------------------+-------------------------+-------------------------+--------------+------------+------------+
; 0.284 ; Keyboard:Kb|data_reg[0]  ; Sync:U1|CONIC_TYPE[0] ; Keyboard:Kb|data_reg[0] ; Keyboard:Kb|data_reg[0] ; 0.000        ; 6.173      ; 6.777      ;
; 0.718 ; Keyboard:Kb|data_reg[0]  ; Sync:U1|CONIC_TYPE[0] ; Keyboard:Kb|data_reg[0] ; Keyboard:Kb|data_reg[0] ; 0.000        ; 6.056      ; 7.094      ;
; 0.881 ; Keyboard:Kb|data_reg[0]  ; Sync:U1|CONIC_TYPE[0] ; Keyboard:Kb|data_reg[0] ; Keyboard:Kb|data_reg[0] ; -0.500       ; 6.056      ; 6.777      ;
; 0.895 ; Keyboard:Kb|data_reg[0]  ; Sync:U1|CONIC_TYPE[2] ; Keyboard:Kb|data_reg[0] ; Keyboard:Kb|data_reg[0] ; 0.000        ; 5.909      ; 7.124      ;
; 1.081 ; Keyboard:Kb|data_reg[0]  ; Sync:U1|CONIC_TYPE[0] ; Keyboard:Kb|data_reg[0] ; Keyboard:Kb|data_reg[0] ; -0.500       ; 6.173      ; 7.094      ;
; 1.229 ; Keyboard:Kb|data_reg[0]  ; Sync:U1|CONIC_TYPE[1] ; Keyboard:Kb|data_reg[0] ; Keyboard:Kb|data_reg[0] ; 0.000        ; 5.825      ; 7.374      ;
; 1.339 ; Keyboard:Kb|data_reg[0]  ; Sync:U1|CONIC_TYPE[1] ; Keyboard:Kb|data_reg[0] ; Keyboard:Kb|data_reg[0] ; 0.000        ; 5.942      ; 7.601      ;
; 1.387 ; Keyboard:Kb|data_reg[0]  ; Sync:U1|CONIC_TYPE[2] ; Keyboard:Kb|data_reg[0] ; Keyboard:Kb|data_reg[0] ; 0.000        ; 5.792      ; 7.499      ;
; 1.492 ; Keyboard:Kb|data_reg[0]  ; Sync:U1|CONIC_TYPE[2] ; Keyboard:Kb|data_reg[0] ; Keyboard:Kb|data_reg[0] ; -0.500       ; 5.792      ; 7.124      ;
; 1.592 ; Keyboard:Kb|data_reg[0]  ; Sync:U1|CONIC_TYPE[1] ; Keyboard:Kb|data_reg[0] ; Keyboard:Kb|data_reg[0] ; -0.500       ; 5.942      ; 7.374      ;
; 1.750 ; Keyboard:Kb|data_reg[0]  ; Sync:U1|CONIC_TYPE[2] ; Keyboard:Kb|data_reg[0] ; Keyboard:Kb|data_reg[0] ; -0.500       ; 5.909      ; 7.499      ;
; 1.936 ; Keyboard:Kb|data_reg[0]  ; Sync:U1|CONIC_TYPE[1] ; Keyboard:Kb|data_reg[0] ; Keyboard:Kb|data_reg[0] ; -0.500       ; 5.825      ; 7.601      ;
; 3.700 ; Keyboard:Kb|data_reg[3]  ; Sync:U1|CONIC_TYPE[0] ; CLK_50                  ; Keyboard:Kb|data_reg[0] ; 0.000        ; 2.346      ; 6.076      ;
; 4.223 ; Keyboard:Kb|data_reg[4]  ; Sync:U1|CONIC_TYPE[1] ; CLK_50                  ; Keyboard:Kb|data_reg[0] ; 0.000        ; 2.115      ; 6.368      ;
; 4.317 ; Keyboard:Kb|data_reg[3]  ; Sync:U1|CONIC_TYPE[0] ; CLK_50                  ; Keyboard:Kb|data_reg[0] ; -0.500       ; 2.229      ; 6.076      ;
; 4.372 ; Keyboard:Kb|data_reg[1]  ; Sync:U1|CONIC_TYPE[0] ; CLK_50                  ; Keyboard:Kb|data_reg[0] ; 0.000        ; 2.346      ; 6.748      ;
; 4.453 ; Keyboard:Kb|data_reg[4]  ; Sync:U1|CONIC_TYPE[0] ; CLK_50                  ; Keyboard:Kb|data_reg[0] ; 0.000        ; 2.346      ; 6.829      ;
; 4.623 ; Keyboard:Kb|data_reg[3]  ; Sync:U1|CONIC_TYPE[1] ; CLK_50                  ; Keyboard:Kb|data_reg[0] ; 0.000        ; 2.115      ; 6.768      ;
; 4.701 ; Keyboard:Kb|data_reg[5]  ; Sync:U1|CONIC_TYPE[0] ; CLK_50                  ; Keyboard:Kb|data_reg[0] ; 0.000        ; 2.297      ; 7.028      ;
; 4.840 ; Keyboard:Kb|data_reg[4]  ; Sync:U1|CONIC_TYPE[1] ; CLK_50                  ; Keyboard:Kb|data_reg[0] ; -0.500       ; 1.998      ; 6.368      ;
; 4.989 ; Keyboard:Kb|data_reg[1]  ; Sync:U1|CONIC_TYPE[0] ; CLK_50                  ; Keyboard:Kb|data_reg[0] ; -0.500       ; 2.229      ; 6.748      ;
; 5.049 ; Keyboard:Kb|data_reg[12] ; Sync:U1|CONIC_TYPE[0] ; CLK_50                  ; Keyboard:Kb|data_reg[0] ; 0.000        ; 2.346      ; 7.425      ;
; 5.059 ; Keyboard:Kb|data_reg[3]  ; Sync:U1|CONIC_TYPE[2] ; CLK_50                  ; Keyboard:Kb|data_reg[0] ; 0.000        ; 2.082      ; 7.171      ;
; 5.070 ; Keyboard:Kb|data_reg[4]  ; Sync:U1|CONIC_TYPE[0] ; CLK_50                  ; Keyboard:Kb|data_reg[0] ; -0.500       ; 2.229      ; 6.829      ;
; 5.076 ; Keyboard:Kb|data_reg[5]  ; Sync:U1|CONIC_TYPE[1] ; CLK_50                  ; Keyboard:Kb|data_reg[0] ; 0.000        ; 2.066      ; 7.172      ;
; 5.240 ; Keyboard:Kb|data_reg[3]  ; Sync:U1|CONIC_TYPE[1] ; CLK_50                  ; Keyboard:Kb|data_reg[0] ; -0.500       ; 1.998      ; 6.768      ;
; 5.318 ; Keyboard:Kb|data_reg[5]  ; Sync:U1|CONIC_TYPE[0] ; CLK_50                  ; Keyboard:Kb|data_reg[0] ; -0.500       ; 2.180      ; 7.028      ;
; 5.500 ; Keyboard:Kb|data_reg[4]  ; Sync:U1|CONIC_TYPE[2] ; CLK_50                  ; Keyboard:Kb|data_reg[0] ; 0.000        ; 2.082      ; 7.612      ;
; 5.564 ; Keyboard:Kb|data_reg[12] ; Sync:U1|CONIC_TYPE[2] ; CLK_50                  ; Keyboard:Kb|data_reg[0] ; 0.000        ; 2.082      ; 7.676      ;
; 5.565 ; Keyboard:Kb|data_reg[12] ; Sync:U1|CONIC_TYPE[1] ; CLK_50                  ; Keyboard:Kb|data_reg[0] ; 0.000        ; 2.115      ; 7.710      ;
; 5.569 ; Keyboard:Kb|data_reg[1]  ; Sync:U1|CONIC_TYPE[1] ; CLK_50                  ; Keyboard:Kb|data_reg[0] ; 0.000        ; 2.115      ; 7.714      ;
; 5.636 ; Keyboard:Kb|data_reg[9]  ; Sync:U1|CONIC_TYPE[0] ; CLK_50                  ; Keyboard:Kb|data_reg[0] ; 0.000        ; 2.294      ; 7.960      ;
; 5.642 ; Keyboard:Kb|data_reg[7]  ; Sync:U1|CONIC_TYPE[0] ; CLK_50                  ; Keyboard:Kb|data_reg[0] ; 0.000        ; 2.288      ; 7.960      ;
; 5.653 ; Keyboard:Kb|data_reg[2]  ; Sync:U1|CONIC_TYPE[1] ; CLK_50                  ; Keyboard:Kb|data_reg[0] ; 0.000        ; 2.115      ; 7.798      ;
; 5.666 ; Keyboard:Kb|data_reg[12] ; Sync:U1|CONIC_TYPE[0] ; CLK_50                  ; Keyboard:Kb|data_reg[0] ; -0.500       ; 2.229      ; 7.425      ;
; 5.676 ; Keyboard:Kb|data_reg[3]  ; Sync:U1|CONIC_TYPE[2] ; CLK_50                  ; Keyboard:Kb|data_reg[0] ; -0.500       ; 1.965      ; 7.171      ;
; 5.691 ; Keyboard:Kb|data_reg[9]  ; Sync:U1|CONIC_TYPE[1] ; CLK_50                  ; Keyboard:Kb|data_reg[0] ; 0.000        ; 2.063      ; 7.784      ;
; 5.693 ; Keyboard:Kb|data_reg[5]  ; Sync:U1|CONIC_TYPE[1] ; CLK_50                  ; Keyboard:Kb|data_reg[0] ; -0.500       ; 1.949      ; 7.172      ;
; 5.727 ; Keyboard:Kb|data_reg[1]  ; Sync:U1|CONIC_TYPE[2] ; CLK_50                  ; Keyboard:Kb|data_reg[0] ; 0.000        ; 2.082      ; 7.839      ;
; 5.754 ; Keyboard:Kb|data_reg[2]  ; Sync:U1|CONIC_TYPE[0] ; CLK_50                  ; Keyboard:Kb|data_reg[0] ; 0.000        ; 2.346      ; 8.130      ;
; 5.776 ; Keyboard:Kb|data_reg[15] ; Sync:U1|CONIC_TYPE[0] ; CLK_50                  ; Keyboard:Kb|data_reg[0] ; 0.000        ; 2.288      ; 8.094      ;
; 5.780 ; Keyboard:Kb|data_reg[11] ; Sync:U1|CONIC_TYPE[0] ; CLK_50                  ; Keyboard:Kb|data_reg[0] ; 0.000        ; 2.294      ; 8.104      ;
; 5.811 ; Keyboard:Kb|data_reg[2]  ; Sync:U1|CONIC_TYPE[2] ; CLK_50                  ; Keyboard:Kb|data_reg[0] ; 0.000        ; 2.082      ; 7.923      ;
; 5.827 ; Keyboard:Kb|data_reg[5]  ; Sync:U1|CONIC_TYPE[2] ; CLK_50                  ; Keyboard:Kb|data_reg[0] ; 0.000        ; 2.033      ; 7.890      ;
; 5.843 ; Keyboard:Kb|data_reg[11] ; Sync:U1|CONIC_TYPE[1] ; CLK_50                  ; Keyboard:Kb|data_reg[0] ; 0.000        ; 2.063      ; 7.936      ;
; 5.849 ; Keyboard:Kb|data_reg[9]  ; Sync:U1|CONIC_TYPE[2] ; CLK_50                  ; Keyboard:Kb|data_reg[0] ; 0.000        ; 2.030      ; 7.909      ;
; 5.981 ; Keyboard:Kb|data_reg[6]  ; Sync:U1|CONIC_TYPE[0] ; CLK_50                  ; Keyboard:Kb|data_reg[0] ; 0.000        ; 2.288      ; 8.299      ;
; 5.996 ; Keyboard:Kb|data_reg[10] ; Sync:U1|CONIC_TYPE[0] ; CLK_50                  ; Keyboard:Kb|data_reg[0] ; 0.000        ; 2.294      ; 8.320      ;
; 5.999 ; Keyboard:Kb|data_reg[8]  ; Sync:U1|CONIC_TYPE[0] ; CLK_50                  ; Keyboard:Kb|data_reg[0] ; 0.000        ; 2.294      ; 8.323      ;
; 6.001 ; Keyboard:Kb|data_reg[11] ; Sync:U1|CONIC_TYPE[2] ; CLK_50                  ; Keyboard:Kb|data_reg[0] ; 0.000        ; 2.030      ; 8.061      ;
; 6.005 ; Keyboard:Kb|data_reg[10] ; Sync:U1|CONIC_TYPE[1] ; CLK_50                  ; Keyboard:Kb|data_reg[0] ; 0.000        ; 2.063      ; 8.098      ;
; 6.006 ; Keyboard:Kb|data_reg[7]  ; Sync:U1|CONIC_TYPE[1] ; CLK_50                  ; Keyboard:Kb|data_reg[0] ; 0.000        ; 2.057      ; 8.093      ;
; 6.008 ; Keyboard:Kb|data_reg[14] ; Sync:U1|CONIC_TYPE[0] ; CLK_50                  ; Keyboard:Kb|data_reg[0] ; 0.000        ; 2.288      ; 8.326      ;
; 6.010 ; Keyboard:Kb|data_reg[8]  ; Sync:U1|CONIC_TYPE[1] ; CLK_50                  ; Keyboard:Kb|data_reg[0] ; 0.000        ; 2.063      ; 8.103      ;
; 6.106 ; Keyboard:Kb|data_reg[13] ; Sync:U1|CONIC_TYPE[0] ; CLK_50                  ; Keyboard:Kb|data_reg[0] ; 0.000        ; 2.288      ; 8.424      ;
; 6.116 ; Keyboard:Kb|data_reg[13] ; Sync:U1|CONIC_TYPE[1] ; CLK_50                  ; Keyboard:Kb|data_reg[0] ; 0.000        ; 2.057      ; 8.203      ;
; 6.117 ; Keyboard:Kb|data_reg[4]  ; Sync:U1|CONIC_TYPE[2] ; CLK_50                  ; Keyboard:Kb|data_reg[0] ; -0.500       ; 1.965      ; 7.612      ;
; 6.149 ; Keyboard:Kb|data_reg[15] ; Sync:U1|CONIC_TYPE[1] ; CLK_50                  ; Keyboard:Kb|data_reg[0] ; 0.000        ; 2.057      ; 8.236      ;
; 6.163 ; Keyboard:Kb|data_reg[10] ; Sync:U1|CONIC_TYPE[2] ; CLK_50                  ; Keyboard:Kb|data_reg[0] ; 0.000        ; 2.030      ; 8.223      ;
; 6.164 ; Keyboard:Kb|data_reg[7]  ; Sync:U1|CONIC_TYPE[2] ; CLK_50                  ; Keyboard:Kb|data_reg[0] ; 0.000        ; 2.024      ; 8.218      ;
; 6.168 ; Keyboard:Kb|data_reg[8]  ; Sync:U1|CONIC_TYPE[2] ; CLK_50                  ; Keyboard:Kb|data_reg[0] ; 0.000        ; 2.030      ; 8.228      ;
; 6.181 ; Keyboard:Kb|data_reg[12] ; Sync:U1|CONIC_TYPE[2] ; CLK_50                  ; Keyboard:Kb|data_reg[0] ; -0.500       ; 1.965      ; 7.676      ;
; 6.182 ; Keyboard:Kb|data_reg[12] ; Sync:U1|CONIC_TYPE[1] ; CLK_50                  ; Keyboard:Kb|data_reg[0] ; -0.500       ; 1.998      ; 7.710      ;
; 6.186 ; Keyboard:Kb|data_reg[1]  ; Sync:U1|CONIC_TYPE[1] ; CLK_50                  ; Keyboard:Kb|data_reg[0] ; -0.500       ; 1.998      ; 7.714      ;
; 6.253 ; Keyboard:Kb|data_reg[9]  ; Sync:U1|CONIC_TYPE[0] ; CLK_50                  ; Keyboard:Kb|data_reg[0] ; -0.500       ; 2.177      ; 7.960      ;
; 6.259 ; Keyboard:Kb|data_reg[7]  ; Sync:U1|CONIC_TYPE[0] ; CLK_50                  ; Keyboard:Kb|data_reg[0] ; -0.500       ; 2.171      ; 7.960      ;
; 6.270 ; Keyboard:Kb|data_reg[2]  ; Sync:U1|CONIC_TYPE[1] ; CLK_50                  ; Keyboard:Kb|data_reg[0] ; -0.500       ; 1.998      ; 7.798      ;
; 6.274 ; Keyboard:Kb|data_reg[13] ; Sync:U1|CONIC_TYPE[2] ; CLK_50                  ; Keyboard:Kb|data_reg[0] ; 0.000        ; 2.024      ; 8.328      ;
; 6.295 ; Keyboard:Kb|data_reg[6]  ; Sync:U1|CONIC_TYPE[1] ; CLK_50                  ; Keyboard:Kb|data_reg[0] ; 0.000        ; 2.057      ; 8.382      ;
; 6.307 ; Keyboard:Kb|data_reg[15] ; Sync:U1|CONIC_TYPE[2] ; CLK_50                  ; Keyboard:Kb|data_reg[0] ; 0.000        ; 2.024      ; 8.361      ;
; 6.308 ; Keyboard:Kb|data_reg[9]  ; Sync:U1|CONIC_TYPE[1] ; CLK_50                  ; Keyboard:Kb|data_reg[0] ; -0.500       ; 1.946      ; 7.784      ;
; 6.327 ; Keyboard:Kb|data_reg[14] ; Sync:U1|CONIC_TYPE[1] ; CLK_50                  ; Keyboard:Kb|data_reg[0] ; 0.000        ; 2.057      ; 8.414      ;
; 6.344 ; Keyboard:Kb|data_reg[1]  ; Sync:U1|CONIC_TYPE[2] ; CLK_50                  ; Keyboard:Kb|data_reg[0] ; -0.500       ; 1.965      ; 7.839      ;
; 6.371 ; Keyboard:Kb|data_reg[2]  ; Sync:U1|CONIC_TYPE[0] ; CLK_50                  ; Keyboard:Kb|data_reg[0] ; -0.500       ; 2.229      ; 8.130      ;
; 6.393 ; Keyboard:Kb|data_reg[15] ; Sync:U1|CONIC_TYPE[0] ; CLK_50                  ; Keyboard:Kb|data_reg[0] ; -0.500       ; 2.171      ; 8.094      ;
; 6.397 ; Keyboard:Kb|data_reg[11] ; Sync:U1|CONIC_TYPE[0] ; CLK_50                  ; Keyboard:Kb|data_reg[0] ; -0.500       ; 2.177      ; 8.104      ;
; 6.428 ; Keyboard:Kb|data_reg[2]  ; Sync:U1|CONIC_TYPE[2] ; CLK_50                  ; Keyboard:Kb|data_reg[0] ; -0.500       ; 1.965      ; 7.923      ;
; 6.444 ; Keyboard:Kb|data_reg[5]  ; Sync:U1|CONIC_TYPE[2] ; CLK_50                  ; Keyboard:Kb|data_reg[0] ; -0.500       ; 1.916      ; 7.890      ;
; 6.453 ; Keyboard:Kb|data_reg[6]  ; Sync:U1|CONIC_TYPE[2] ; CLK_50                  ; Keyboard:Kb|data_reg[0] ; 0.000        ; 2.024      ; 8.507      ;
; 6.460 ; Keyboard:Kb|data_reg[11] ; Sync:U1|CONIC_TYPE[1] ; CLK_50                  ; Keyboard:Kb|data_reg[0] ; -0.500       ; 1.946      ; 7.936      ;
; 6.466 ; Keyboard:Kb|data_reg[9]  ; Sync:U1|CONIC_TYPE[2] ; CLK_50                  ; Keyboard:Kb|data_reg[0] ; -0.500       ; 1.913      ; 7.909      ;
; 6.485 ; Keyboard:Kb|data_reg[14] ; Sync:U1|CONIC_TYPE[2] ; CLK_50                  ; Keyboard:Kb|data_reg[0] ; 0.000        ; 2.024      ; 8.539      ;
; 6.598 ; Keyboard:Kb|data_reg[6]  ; Sync:U1|CONIC_TYPE[0] ; CLK_50                  ; Keyboard:Kb|data_reg[0] ; -0.500       ; 2.171      ; 8.299      ;
; 6.613 ; Keyboard:Kb|data_reg[10] ; Sync:U1|CONIC_TYPE[0] ; CLK_50                  ; Keyboard:Kb|data_reg[0] ; -0.500       ; 2.177      ; 8.320      ;
; 6.616 ; Keyboard:Kb|data_reg[8]  ; Sync:U1|CONIC_TYPE[0] ; CLK_50                  ; Keyboard:Kb|data_reg[0] ; -0.500       ; 2.177      ; 8.323      ;
; 6.618 ; Keyboard:Kb|data_reg[11] ; Sync:U1|CONIC_TYPE[2] ; CLK_50                  ; Keyboard:Kb|data_reg[0] ; -0.500       ; 1.913      ; 8.061      ;
; 6.622 ; Keyboard:Kb|data_reg[10] ; Sync:U1|CONIC_TYPE[1] ; CLK_50                  ; Keyboard:Kb|data_reg[0] ; -0.500       ; 1.946      ; 8.098      ;
; 6.623 ; Keyboard:Kb|data_reg[7]  ; Sync:U1|CONIC_TYPE[1] ; CLK_50                  ; Keyboard:Kb|data_reg[0] ; -0.500       ; 1.940      ; 8.093      ;
; 6.625 ; Keyboard:Kb|data_reg[14] ; Sync:U1|CONIC_TYPE[0] ; CLK_50                  ; Keyboard:Kb|data_reg[0] ; -0.500       ; 2.171      ; 8.326      ;
; 6.627 ; Keyboard:Kb|data_reg[8]  ; Sync:U1|CONIC_TYPE[1] ; CLK_50                  ; Keyboard:Kb|data_reg[0] ; -0.500       ; 1.946      ; 8.103      ;
; 6.723 ; Keyboard:Kb|data_reg[13] ; Sync:U1|CONIC_TYPE[0] ; CLK_50                  ; Keyboard:Kb|data_reg[0] ; -0.500       ; 2.171      ; 8.424      ;
; 6.733 ; Keyboard:Kb|data_reg[13] ; Sync:U1|CONIC_TYPE[1] ; CLK_50                  ; Keyboard:Kb|data_reg[0] ; -0.500       ; 1.940      ; 8.203      ;
; 6.766 ; Keyboard:Kb|data_reg[15] ; Sync:U1|CONIC_TYPE[1] ; CLK_50                  ; Keyboard:Kb|data_reg[0] ; -0.500       ; 1.940      ; 8.236      ;
; 6.780 ; Keyboard:Kb|data_reg[10] ; Sync:U1|CONIC_TYPE[2] ; CLK_50                  ; Keyboard:Kb|data_reg[0] ; -0.500       ; 1.913      ; 8.223      ;
; 6.781 ; Keyboard:Kb|data_reg[7]  ; Sync:U1|CONIC_TYPE[2] ; CLK_50                  ; Keyboard:Kb|data_reg[0] ; -0.500       ; 1.907      ; 8.218      ;
; 6.785 ; Keyboard:Kb|data_reg[8]  ; Sync:U1|CONIC_TYPE[2] ; CLK_50                  ; Keyboard:Kb|data_reg[0] ; -0.500       ; 1.913      ; 8.228      ;
; 6.891 ; Keyboard:Kb|data_reg[13] ; Sync:U1|CONIC_TYPE[2] ; CLK_50                  ; Keyboard:Kb|data_reg[0] ; -0.500       ; 1.907      ; 8.328      ;
; 6.912 ; Keyboard:Kb|data_reg[6]  ; Sync:U1|CONIC_TYPE[1] ; CLK_50                  ; Keyboard:Kb|data_reg[0] ; -0.500       ; 1.940      ; 8.382      ;
; 6.924 ; Keyboard:Kb|data_reg[15] ; Sync:U1|CONIC_TYPE[2] ; CLK_50                  ; Keyboard:Kb|data_reg[0] ; -0.500       ; 1.907      ; 8.361      ;
; 6.944 ; Keyboard:Kb|data_reg[14] ; Sync:U1|CONIC_TYPE[1] ; CLK_50                  ; Keyboard:Kb|data_reg[0] ; -0.500       ; 1.940      ; 8.414      ;
+-------+--------------------------+-----------------------+-------------------------+-------------------------+--------------+------------+------------+


+------------------------------------------------------------------------------------------------------------------------------------------------------------------------------+
; Slow 1000mV 0C Model Hold: 'CLK_50'                                                                                                                                          ;
+-------+------------------------------------------+------------------------------------------+-------------------------+-------------+--------------+------------+------------+
; Slack ; From Node                                ; To Node                                  ; Launch Clock            ; Latch Clock ; Relationship ; Clock Skew ; Data Delay ;
+-------+------------------------------------------+------------------------------------------+-------------------------+-------------+--------------+------------+------------+
; 0.497 ; Keyboard:Kb|Debounce:deb_inst|cnt_reg[1] ; Keyboard:Kb|Debounce:deb_inst|cnt_reg[2] ; CLK_50                  ; CLK_50      ; 0.000        ; 0.092      ; 0.844      ;
; 0.498 ; LCD:lcdCtrl|ClkCnt[19]                   ; LCD:lcdCtrl|ClkCnt[19]                   ; CLK_50                  ; CLK_50      ; 0.000        ; 0.091      ; 0.844      ;
; 0.504 ; Keyboard:Kb|cnt_reg[3]                   ; Keyboard:Kb|cnt_reg[3]                   ; CLK_50                  ; CLK_50      ; 0.000        ; 0.093      ; 0.852      ;
; 0.504 ; Keyboard:Kb|state_reg                    ; Keyboard:Kb|state_reg                    ; CLK_50                  ; CLK_50      ; 0.000        ; 0.093      ; 0.852      ;
; 0.504 ; Keyboard:Kb|cnt_reg[2]                   ; Keyboard:Kb|cnt_reg[2]                   ; CLK_50                  ; CLK_50      ; 0.000        ; 0.093      ; 0.852      ;
; 0.504 ; Keyboard:Kb|cnt_reg[0]                   ; Keyboard:Kb|cnt_reg[0]                   ; CLK_50                  ; CLK_50      ; 0.000        ; 0.093      ; 0.852      ;
; 0.504 ; Keyboard:Kb|cnt_reg[1]                   ; Keyboard:Kb|cnt_reg[1]                   ; CLK_50                  ; CLK_50      ; 0.000        ; 0.093      ; 0.852      ;
; 0.505 ; Keyboard:Kb|package_reg[10]              ; Keyboard:Kb|package_reg[9]               ; CLK_50                  ; CLK_50      ; 0.000        ; 0.092      ; 0.852      ;
; 0.505 ; Keyboard:Kb|parity_reg                   ; Keyboard:Kb|parity_reg                   ; CLK_50                  ; CLK_50      ; 0.000        ; 0.092      ; 0.852      ;
; 0.505 ; Keyboard:Kb|Debounce:deb_inst|out_reg    ; Keyboard:Kb|Debounce:deb_inst|out_reg    ; CLK_50                  ; CLK_50      ; 0.000        ; 0.092      ; 0.852      ;
; 0.505 ; Keyboard:Kb|Debounce:deb_inst|cnt_reg[1] ; Keyboard:Kb|Debounce:deb_inst|cnt_reg[1] ; CLK_50                  ; CLK_50      ; 0.000        ; 0.092      ; 0.852      ;
; 0.505 ; Keyboard:Kb|Debounce:deb_inst|cnt_reg[2] ; Keyboard:Kb|Debounce:deb_inst|cnt_reg[2] ; CLK_50                  ; CLK_50      ; 0.000        ; 0.092      ; 0.852      ;
; 0.505 ; Keyboard:Kb|e0_flag_reg                  ; Keyboard:Kb|e0_flag_reg                  ; CLK_50                  ; CLK_50      ; 0.000        ; 0.092      ; 0.852      ;
; 0.505 ; Keyboard:Kb|f0_flag_reg                  ; Keyboard:Kb|f0_flag_reg                  ; CLK_50                  ; CLK_50      ; 0.000        ; 0.092      ; 0.852      ;
; 0.505 ; Keyboard:Kb|package_reg[1]               ; Keyboard:Kb|package_reg[1]               ; CLK_50                  ; CLK_50      ; 0.000        ; 0.092      ; 0.852      ;
; 0.507 ; Keyboard:Kb|Debounce:deb_inst|ff_reg[0]  ; Keyboard:Kb|Debounce:deb_inst|cnt_reg[0] ; CLK_50                  ; CLK_50      ; 0.000        ; 0.092      ; 0.854      ;
; 0.508 ; Keyboard:Kb|Debounce:deb_inst|ff_reg[0]  ; Keyboard:Kb|Debounce:deb_inst|cnt_reg[1] ; CLK_50                  ; CLK_50      ; 0.000        ; 0.092      ; 0.855      ;
; 0.511 ; Keyboard:Kb|e0_flag_reg                  ; Keyboard:Kb|data_reg[15]                 ; CLK_50                  ; CLK_50      ; 0.000        ; 0.739      ; 1.505      ;
; 0.512 ; Keyboard:Kb|e0_flag_reg                  ; Keyboard:Kb|data_reg[13]                 ; CLK_50                  ; CLK_50      ; 0.000        ; 0.739      ; 1.506      ;
; 0.518 ; Keyboard:Kb|Debounce:deb_inst|cnt_reg[0] ; Keyboard:Kb|Debounce:deb_inst|cnt_reg[0] ; CLK_50                  ; CLK_50      ; 0.000        ; 0.092      ; 0.865      ;
; 0.524 ; Keyboard:Kb|Debounce:deb_inst|ff_reg[0]  ; Keyboard:Kb|Debounce:deb_inst|ff_reg[1]  ; CLK_50                  ; CLK_50      ; 0.000        ; 0.092      ; 0.871      ;
; 0.584 ; Keyboard:Kb|data_reg[0]                  ; Keyboard:Kb|data_reg[14]                 ; Keyboard:Kb|data_reg[0] ; CLK_50      ; 0.000        ; 4.032      ; 5.221      ;
; 0.585 ; Keyboard:Kb|data_reg[0]                  ; Keyboard:Kb|data_reg[13]                 ; Keyboard:Kb|data_reg[0] ; CLK_50      ; 0.000        ; 4.032      ; 5.222      ;
; 0.585 ; Keyboard:Kb|data_reg[0]                  ; Keyboard:Kb|data_reg[15]                 ; Keyboard:Kb|data_reg[0] ; CLK_50      ; 0.000        ; 4.032      ; 5.222      ;
; 0.589 ; LCD:lcdCtrl|NextState.MSG1               ; LCD:lcdCtrl|CurrentState.MSG1            ; LCD:lcdCtrl|CLK_DLY     ; CLK_50      ; 0.000        ; 0.509      ; 1.383      ;
; 0.620 ; Keyboard:Kb|f0_flag_reg                  ; Keyboard:Kb|data_reg[14]                 ; CLK_50                  ; CLK_50      ; 0.000        ; 0.739      ; 1.614      ;
; 0.650 ; Keyboard:Kb|e0_flag_reg                  ; Keyboard:Kb|data_reg[14]                 ; CLK_50                  ; CLK_50      ; 0.000        ; 0.739      ; 1.644      ;
; 0.664 ; Keyboard:Kb|data_reg[0]                  ; Keyboard:Kb|data_reg[12]                 ; Keyboard:Kb|data_reg[0] ; CLK_50      ; 0.000        ; 3.971      ; 5.240      ;
; 0.665 ; LCD:lcdCtrl|NextState.ASK3               ; LCD:lcdCtrl|CurrentState.ASK3            ; LCD:lcdCtrl|CLK_DLY     ; CLK_50      ; 0.000        ; 0.506      ; 1.456      ;
; 0.684 ; LCD:lcdCtrl|NextState.ASK1               ; LCD:lcdCtrl|CurrentState.ASK1            ; LCD:lcdCtrl|CLK_DLY     ; CLK_50      ; 0.000        ; 0.506      ; 1.475      ;
; 0.687 ; LCD:lcdCtrl|NextState.ASK2               ; LCD:lcdCtrl|CurrentState.ASK2            ; LCD:lcdCtrl|CLK_DLY     ; CLK_50      ; 0.000        ; 0.509      ; 1.481      ;
; 0.703 ; Keyboard:Kb|data_reg[0]                  ; Keyboard:Kb|data_reg[11]                 ; Keyboard:Kb|data_reg[0] ; CLK_50      ; 0.000        ; 4.026      ; 5.334      ;
; 0.707 ; Keyboard:Kb|data_reg[0]                  ; Keyboard:Kb|data_reg[9]                  ; Keyboard:Kb|data_reg[0] ; CLK_50      ; 0.000        ; 4.026      ; 5.338      ;
; 0.707 ; Keyboard:Kb|data_reg[0]                  ; Keyboard:Kb|data_reg[10]                 ; Keyboard:Kb|data_reg[0] ; CLK_50      ; 0.000        ; 4.026      ; 5.338      ;
; 0.709 ; Keyboard:Kb|state_reg                    ; Keyboard:Kb|cnt_reg[2]                   ; CLK_50                  ; CLK_50      ; 0.000        ; 0.093      ; 1.057      ;
; 0.709 ; Keyboard:Kb|data_reg[0]                  ; Keyboard:Kb|data_reg[8]                  ; Keyboard:Kb|data_reg[0] ; CLK_50      ; 0.000        ; 4.026      ; 5.340      ;
; 0.709 ; LCD:lcdCtrl|NextState.L1                 ; LCD:lcdCtrl|CurrentState.L1              ; LCD:lcdCtrl|CLK_DLY     ; CLK_50      ; 0.000        ; 0.506      ; 1.500      ;
; 0.711 ; Keyboard:Kb|data_reg[2]                  ; Keyboard:Kb|data_reg[10]                 ; CLK_50                  ; CLK_50      ; 0.000        ; 0.134      ; 1.100      ;
; 0.712 ; Keyboard:Kb|state_reg                    ; Keyboard:Kb|cnt_reg[3]                   ; CLK_50                  ; CLK_50      ; 0.000        ; 0.093      ; 1.060      ;
; 0.722 ; LCD:lcdCtrl|NextState.MSG2               ; LCD:lcdCtrl|CurrentState.MSG2            ; LCD:lcdCtrl|CLK_DLY     ; CLK_50      ; 0.000        ; 0.509      ; 1.516      ;
; 0.723 ; LCD:lcdCtrl|ClkCnt[5]                    ; LCD:lcdCtrl|ClkCnt[5]                    ; CLK_50                  ; CLK_50      ; 0.000        ; 0.092      ; 1.070      ;
; 0.726 ; LCD:lcdCtrl|ClkCnt[1]                    ; LCD:lcdCtrl|ClkCnt[1]                    ; CLK_50                  ; CLK_50      ; 0.000        ; 0.092      ; 1.073      ;
; 0.726 ; LCD:lcdCtrl|ClkCnt[3]                    ; LCD:lcdCtrl|ClkCnt[3]                    ; CLK_50                  ; CLK_50      ; 0.000        ; 0.092      ; 1.073      ;
; 0.730 ; LCD:lcdCtrl|ClkCnt[2]                    ; LCD:lcdCtrl|ClkCnt[2]                    ; CLK_50                  ; CLK_50      ; 0.000        ; 0.092      ; 1.077      ;
; 0.730 ; LCD:lcdCtrl|ClkCnt[4]                    ; LCD:lcdCtrl|ClkCnt[4]                    ; CLK_50                  ; CLK_50      ; 0.000        ; 0.092      ; 1.077      ;
; 0.734 ; LCD:lcdCtrl|ClkCnt[7]                    ; LCD:lcdCtrl|ClkCnt[7]                    ; CLK_50                  ; CLK_50      ; 0.000        ; 0.092      ; 1.081      ;
; 0.735 ; LCD:lcdCtrl|ClkCnt[9]                    ; LCD:lcdCtrl|ClkCnt[9]                    ; CLK_50                  ; CLK_50      ; 0.000        ; 0.092      ; 1.082      ;
; 0.736 ; LCD:lcdCtrl|ClkCnt[13]                   ; LCD:lcdCtrl|ClkCnt[13]                   ; CLK_50                  ; CLK_50      ; 0.000        ; 0.091      ; 1.082      ;
; 0.737 ; LCD:lcdCtrl|ClkCnt[15]                   ; LCD:lcdCtrl|ClkCnt[15]                   ; CLK_50                  ; CLK_50      ; 0.000        ; 0.091      ; 1.083      ;
; 0.738 ; LCD:lcdCtrl|ClkCnt[11]                   ; LCD:lcdCtrl|ClkCnt[11]                   ; CLK_50                  ; CLK_50      ; 0.000        ; 0.091      ; 1.084      ;
; 0.738 ; LCD:lcdCtrl|ClkCnt[16]                   ; LCD:lcdCtrl|ClkCnt[16]                   ; CLK_50                  ; CLK_50      ; 0.000        ; 0.091      ; 1.084      ;
; 0.738 ; Keyboard:Kb|state_reg                    ; Keyboard:Kb|error_reg                    ; CLK_50                  ; CLK_50      ; 0.000        ; 0.093      ; 1.086      ;
; 0.738 ; Keyboard:Kb|f0_flag_reg                  ; Keyboard:Kb|data_reg[12]                 ; CLK_50                  ; CLK_50      ; 0.000        ; 0.678      ; 1.671      ;
; 0.739 ; LCD:lcdCtrl|ClkCnt[17]                   ; LCD:lcdCtrl|ClkCnt[17]                   ; CLK_50                  ; CLK_50      ; 0.000        ; 0.091      ; 1.085      ;
; 0.740 ; LCD:lcdCtrl|ClkCnt[6]                    ; LCD:lcdCtrl|ClkCnt[6]                    ; CLK_50                  ; CLK_50      ; 0.000        ; 0.092      ; 1.087      ;
; 0.740 ; LCD:lcdCtrl|ClkCnt[10]                   ; LCD:lcdCtrl|ClkCnt[10]                   ; CLK_50                  ; CLK_50      ; 0.000        ; 0.091      ; 1.086      ;
; 0.741 ; LCD:lcdCtrl|ClkCnt[8]                    ; LCD:lcdCtrl|ClkCnt[8]                    ; CLK_50                  ; CLK_50      ; 0.000        ; 0.092      ; 1.088      ;
; 0.742 ; LCD:lcdCtrl|ClkCnt[12]                   ; LCD:lcdCtrl|ClkCnt[12]                   ; CLK_50                  ; CLK_50      ; 0.000        ; 0.091      ; 1.088      ;
; 0.743 ; LCD:lcdCtrl|ClkCnt[18]                   ; LCD:lcdCtrl|ClkCnt[18]                   ; CLK_50                  ; CLK_50      ; 0.000        ; 0.091      ; 1.089      ;
; 0.743 ; LCD:lcdCtrl|ClkCnt[14]                   ; LCD:lcdCtrl|ClkCnt[14]                   ; CLK_50                  ; CLK_50      ; 0.000        ; 0.091      ; 1.089      ;
; 0.750 ; LCD:lcdCtrl|ClkCnt[0]                    ; LCD:lcdCtrl|ClkCnt[0]                    ; CLK_50                  ; CLK_50      ; 0.000        ; 0.092      ; 1.097      ;
; 0.752 ; Keyboard:Kb|Debounce:deb_inst|cnt_reg[0] ; Keyboard:Kb|Debounce:deb_inst|cnt_reg[1] ; CLK_50                  ; CLK_50      ; 0.000        ; 0.092      ; 1.099      ;
; 0.753 ; LCD:lcdCtrl|CLK_DLY                      ; LCD:lcdCtrl|CLK_DLY                      ; LCD:lcdCtrl|CLK_DLY     ; CLK_50      ; 0.000        ; 3.428      ; 4.786      ;
; 0.755 ; LCD:lcdCtrl|NextState.LCD_CLR            ; LCD:lcdCtrl|CurrentState.LCD_CLR         ; LCD:lcdCtrl|CLK_DLY     ; CLK_50      ; 0.000        ; 0.505      ; 1.545      ;
; 0.757 ; LCD:lcdCtrl|NextState.D_OFF              ; LCD:lcdCtrl|CurrentState.D_OFF           ; LCD:lcdCtrl|CLK_DLY     ; CLK_50      ; 0.000        ; 0.506      ; 1.548      ;
; 0.759 ; Keyboard:Kb|package_reg[2]               ; Keyboard:Kb|package_reg[1]               ; CLK_50                  ; CLK_50      ; 0.000        ; 0.092      ; 1.106      ;
; 0.764 ; Keyboard:Kb|Debounce:deb_inst|ff_reg[1]  ; Keyboard:Kb|Debounce:deb_inst|cnt_reg[0] ; CLK_50                  ; CLK_50      ; 0.000        ; 0.092      ; 1.111      ;
; 0.764 ; LCD:lcdCtrl|NextState.ENTRY              ; LCD:lcdCtrl|CurrentState.ENTRY           ; LCD:lcdCtrl|CLK_DLY     ; CLK_50      ; 0.000        ; 0.505      ; 1.554      ;
; 0.765 ; Keyboard:Kb|Debounce:deb_inst|ff_reg[1]  ; Keyboard:Kb|Debounce:deb_inst|out_reg    ; CLK_50                  ; CLK_50      ; 0.000        ; 0.092      ; 1.112      ;
; 0.766 ; Keyboard:Kb|Debounce:deb_inst|ff_reg[1]  ; Keyboard:Kb|Debounce:deb_inst|cnt_reg[1] ; CLK_50                  ; CLK_50      ; 0.000        ; 0.092      ; 1.113      ;
; 0.775 ; Keyboard:Kb|Debounce:deb_inst|cnt_reg[0] ; Keyboard:Kb|Debounce:deb_inst|cnt_reg[2] ; CLK_50                  ; CLK_50      ; 0.000        ; 0.092      ; 1.122      ;
; 0.775 ; LCD:lcdCtrl|NextState.L2                 ; LCD:lcdCtrl|CurrentState.L2              ; LCD:lcdCtrl|CLK_DLY     ; CLK_50      ; 0.000        ; 0.505      ; 1.565      ;
; 0.779 ; Keyboard:Kb|cnt_reg[0]                   ; Keyboard:Kb|cnt_reg[1]                   ; CLK_50                  ; CLK_50      ; 0.000        ; 0.093      ; 1.127      ;
; 0.806 ; LCD:lcdCtrl|NextState.D_ON               ; LCD:lcdCtrl|CurrentState.D_ON            ; LCD:lcdCtrl|CLK_DLY     ; CLK_50      ; 0.000        ; 0.505      ; 1.596      ;
; 0.810 ; Keyboard:Kb|data_reg[7]                  ; Keyboard:Kb|data_reg[15]                 ; CLK_50                  ; CLK_50      ; 0.000        ; 0.058      ; 1.123      ;
; 0.815 ; Keyboard:Kb|state_reg                    ; Keyboard:Kb|cnt_reg[1]                   ; CLK_50                  ; CLK_50      ; 0.000        ; 0.093      ; 1.163      ;
; 0.875 ; Keyboard:Kb|data_reg[4]                  ; Keyboard:Kb|data_reg[12]                 ; CLK_50                  ; CLK_50      ; 0.000        ; 0.054      ; 1.184      ;
; 0.880 ; Keyboard:Kb|Debounce:deb_inst|cnt_reg[1] ; Keyboard:Kb|Debounce:deb_inst|out_reg    ; CLK_50                  ; CLK_50      ; 0.000        ; 0.092      ; 1.227      ;
; 0.929 ; Keyboard:Kb|package_reg[6]               ; Keyboard:Kb|e0_flag_reg                  ; CLK_50                  ; CLK_50      ; 0.000        ; 0.092      ; 1.276      ;
; 0.935 ; Keyboard:Kb|state_reg                    ; Keyboard:Kb|cnt_reg[0]                   ; CLK_50                  ; CLK_50      ; 0.000        ; 0.093      ; 1.283      ;
; 0.944 ; Keyboard:Kb|package_reg[6]               ; Keyboard:Kb|package_reg[5]               ; CLK_50                  ; CLK_50      ; 0.000        ; 0.092      ; 1.291      ;
; 0.946 ; Keyboard:Kb|package_reg[6]               ; Keyboard:Kb|f0_flag_reg                  ; CLK_50                  ; CLK_50      ; 0.000        ; 0.092      ; 1.293      ;
; 0.962 ; Keyboard:Kb|Debounce:deb_inst|out_reg    ; Keyboard:Kb|ps2_clk_deb_previous_reg     ; CLK_50                  ; CLK_50      ; 0.000        ; 0.092      ; 1.309      ;
; 0.978 ; Keyboard:Kb|package_reg[9]               ; Keyboard:Kb|data_reg[7]                  ; CLK_50                  ; CLK_50      ; 0.000        ; 0.750      ; 1.983      ;
; 1.004 ; Keyboard:Kb|ps2_clk_deb_previous_reg     ; Keyboard:Kb|cnt_reg[0]                   ; CLK_50                  ; CLK_50      ; 0.000        ; 0.104      ; 1.363      ;
; 1.019 ; Keyboard:Kb|ps2_clk_deb_previous_reg     ; Keyboard:Kb|state_reg                    ; CLK_50                  ; CLK_50      ; 0.000        ; 0.104      ; 1.378      ;
; 1.027 ; Keyboard:Kb|ps2_clk_deb_previous_reg     ; Keyboard:Kb|package_reg[1]               ; CLK_50                  ; CLK_50      ; 0.000        ; 0.125      ; 1.407      ;
; 1.030 ; Keyboard:Kb|state_reg                    ; Keyboard:Kb|parity_reg                   ; CLK_50                  ; CLK_50      ; 0.000        ; 0.081      ; 1.366      ;
; 1.043 ; Keyboard:Kb|Debounce:deb_inst|cnt_reg[0] ; Keyboard:Kb|Debounce:deb_inst|out_reg    ; CLK_50                  ; CLK_50      ; 0.000        ; 0.092      ; 1.390      ;
; 1.083 ; Keyboard:Kb|package_reg[6]               ; Keyboard:Kb|package_reg[6]               ; CLK_50                  ; CLK_50      ; 0.000        ; 0.092      ; 1.430      ;
; 1.085 ; Keyboard:Kb|package_reg[4]               ; Keyboard:Kb|package_reg[3]               ; CLK_50                  ; CLK_50      ; 0.000        ; 0.092      ; 1.432      ;
; 1.087 ; Keyboard:Kb|data_reg[0]                  ; Keyboard:Kb|data_reg[12]                 ; Keyboard:Kb|data_reg[0] ; CLK_50      ; -0.500       ; 3.971      ; 5.163      ;
; 1.095 ; Keyboard:Kb|package_reg[3]               ; Keyboard:Kb|package_reg[2]               ; CLK_50                  ; CLK_50      ; 0.000        ; 0.092      ; 1.442      ;
; 1.100 ; Keyboard:Kb|Debounce:deb_inst|cnt_reg[2] ; Keyboard:Kb|Debounce:deb_inst|out_reg    ; CLK_50                  ; CLK_50      ; 0.000        ; 0.092      ; 1.447      ;
; 1.103 ; Keyboard:Kb|cnt_reg[3]                   ; Keyboard:Kb|error_reg                    ; CLK_50                  ; CLK_50      ; 0.000        ; 0.093      ; 1.451      ;
; 1.114 ; LCD:lcdCtrl|ClkCnt[0]                    ; LCD:lcdCtrl|ClkCnt[1]                    ; CLK_50                  ; CLK_50      ; 0.000        ; 0.092      ; 1.461      ;
; 1.120 ; LCD:lcdCtrl|ClkCnt[4]                    ; LCD:lcdCtrl|ClkCnt[5]                    ; CLK_50                  ; CLK_50      ; 0.000        ; 0.092      ; 1.467      ;
; 1.120 ; LCD:lcdCtrl|ClkCnt[2]                    ; LCD:lcdCtrl|ClkCnt[3]                    ; CLK_50                  ; CLK_50      ; 0.000        ; 0.092      ; 1.467      ;
; 1.123 ; Keyboard:Kb|data_reg[1]                  ; Keyboard:Kb|data_reg[9]                  ; CLK_50                  ; CLK_50      ; 0.000        ; 0.134      ; 1.512      ;
; 1.128 ; LCD:lcdCtrl|ClkCnt[16]                   ; LCD:lcdCtrl|ClkCnt[17]                   ; CLK_50                  ; CLK_50      ; 0.000        ; 0.091      ; 1.474      ;
+-------+------------------------------------------+------------------------------------------+-------------------------+-------------+--------------+------------+------------+


+---------------------------------------------------------------------------------------------------------------------------------------------------------------+
; Slow 1000mV 0C Model Hold: 'LCD:lcdCtrl|CLK_DLY'                                                                                                              ;
+-------+----------------------------------+-------------------------------+---------------------+---------------------+--------------+------------+------------+
; Slack ; From Node                        ; To Node                       ; Launch Clock        ; Latch Clock         ; Relationship ; Clock Skew ; Data Delay ;
+-------+----------------------------------+-------------------------------+---------------------+---------------------+--------------+------------+------------+
; 0.504 ; LCD:lcdCtrl|NextState.D_OFF      ; LCD:lcdCtrl|NextState.D_OFF   ; LCD:lcdCtrl|CLK_DLY ; LCD:lcdCtrl|CLK_DLY ; 0.000        ; 0.093      ; 0.852      ;
; 0.504 ; LCD:lcdCtrl|CNT1[0]              ; LCD:lcdCtrl|CNT1[1]           ; LCD:lcdCtrl|CLK_DLY ; LCD:lcdCtrl|CLK_DLY ; 0.000        ; 0.092      ; 0.851      ;
; 0.505 ; LCD:lcdCtrl|Rs                   ; LCD:lcdCtrl|Rs                ; LCD:lcdCtrl|CLK_DLY ; LCD:lcdCtrl|CLK_DLY ; 0.000        ; 0.092      ; 0.852      ;
; 0.505 ; LCD:lcdCtrl|Data[6]              ; LCD:lcdCtrl|Data[6]           ; LCD:lcdCtrl|CLK_DLY ; LCD:lcdCtrl|CLK_DLY ; 0.000        ; 0.092      ; 0.852      ;
; 0.505 ; LCD:lcdCtrl|Data[5]              ; LCD:lcdCtrl|Data[5]           ; LCD:lcdCtrl|CLK_DLY ; LCD:lcdCtrl|CLK_DLY ; 0.000        ; 0.092      ; 0.852      ;
; 0.505 ; LCD:lcdCtrl|Data[4]              ; LCD:lcdCtrl|Data[4]           ; LCD:lcdCtrl|CLK_DLY ; LCD:lcdCtrl|CLK_DLY ; 0.000        ; 0.092      ; 0.852      ;
; 0.505 ; LCD:lcdCtrl|CNT2[1]              ; LCD:lcdCtrl|CNT2[1]           ; LCD:lcdCtrl|CLK_DLY ; LCD:lcdCtrl|CLK_DLY ; 0.000        ; 0.092      ; 0.852      ;
; 0.505 ; LCD:lcdCtrl|CNT2[2]              ; LCD:lcdCtrl|CNT2[2]           ; LCD:lcdCtrl|CLK_DLY ; LCD:lcdCtrl|CLK_DLY ; 0.000        ; 0.092      ; 0.852      ;
; 0.505 ; LCD:lcdCtrl|CNT2[0]              ; LCD:lcdCtrl|CNT2[0]           ; LCD:lcdCtrl|CLK_DLY ; LCD:lcdCtrl|CLK_DLY ; 0.000        ; 0.092      ; 0.852      ;
; 0.505 ; LCD:lcdCtrl|NextState.LCD_CLR    ; LCD:lcdCtrl|NextState.LCD_CLR ; LCD:lcdCtrl|CLK_DLY ; LCD:lcdCtrl|CLK_DLY ; 0.000        ; 0.092      ; 0.852      ;
; 0.505 ; LCD:lcdCtrl|CNT2[3]              ; LCD:lcdCtrl|CNT2[3]           ; LCD:lcdCtrl|CLK_DLY ; LCD:lcdCtrl|CLK_DLY ; 0.000        ; 0.092      ; 0.852      ;
; 0.518 ; LCD:lcdCtrl|EN                   ; LCD:lcdCtrl|EN                ; LCD:lcdCtrl|CLK_DLY ; LCD:lcdCtrl|CLK_DLY ; 0.000        ; 0.092      ; 0.865      ;
; 0.518 ; LCD:lcdCtrl|CNT1[0]              ; LCD:lcdCtrl|CNT1[0]           ; LCD:lcdCtrl|CLK_DLY ; LCD:lcdCtrl|CLK_DLY ; 0.000        ; 0.092      ; 0.865      ;
; 0.518 ; LCD:lcdCtrl|CNT1[1]              ; LCD:lcdCtrl|CNT1[1]           ; LCD:lcdCtrl|CLK_DLY ; LCD:lcdCtrl|CLK_DLY ; 0.000        ; 0.092      ; 0.865      ;
; 0.553 ; LCD:lcdCtrl|CNT1[1]              ; LCD:lcdCtrl|CNT1[0]           ; LCD:lcdCtrl|CLK_DLY ; LCD:lcdCtrl|CLK_DLY ; 0.000        ; 0.092      ; 0.900      ;
; 0.632 ; LCD:lcdCtrl|EN                   ; LCD:lcdCtrl|E                 ; LCD:lcdCtrl|CLK_DLY ; LCD:lcdCtrl|CLK_DLY ; 0.000        ; 0.092      ; 0.979      ;
; 0.970 ; LCD:lcdCtrl|CNT2[0]              ; LCD:lcdCtrl|CNT2[1]           ; LCD:lcdCtrl|CLK_DLY ; LCD:lcdCtrl|CLK_DLY ; 0.000        ; 0.092      ; 1.317      ;
; 0.972 ; LCD:lcdCtrl|CNT2[0]              ; LCD:lcdCtrl|CNT2[2]           ; LCD:lcdCtrl|CLK_DLY ; LCD:lcdCtrl|CLK_DLY ; 0.000        ; 0.092      ; 1.319      ;
; 1.015 ; LCD:lcdCtrl|CNT2[2]              ; LCD:lcdCtrl|CNT2[3]           ; LCD:lcdCtrl|CLK_DLY ; LCD:lcdCtrl|CLK_DLY ; 0.000        ; 0.092      ; 1.362      ;
; 1.059 ; LCD:lcdCtrl|CNT1[1]              ; LCD:lcdCtrl|NextState.L1      ; LCD:lcdCtrl|CLK_DLY ; LCD:lcdCtrl|CLK_DLY ; 0.000        ; 0.091      ; 1.405      ;
; 1.137 ; LCD:lcdCtrl|Data[1]              ; LCD:lcdCtrl|Data[1]           ; LCD:lcdCtrl|CLK_DLY ; LCD:lcdCtrl|CLK_DLY ; 0.000        ; 0.092      ; 1.484      ;
; 1.141 ; LCD:lcdCtrl|NextState.D_ON       ; LCD:lcdCtrl|NextState.D_ON    ; LCD:lcdCtrl|CLK_DLY ; LCD:lcdCtrl|CLK_DLY ; 0.000        ; 0.092      ; 1.488      ;
; 1.154 ; LCD:lcdCtrl|Data[2]              ; LCD:lcdCtrl|Data[2]           ; LCD:lcdCtrl|CLK_DLY ; LCD:lcdCtrl|CLK_DLY ; 0.000        ; 0.093      ; 1.502      ;
; 1.162 ; LCD:lcdCtrl|CurrentState.ASK1    ; LCD:lcdCtrl|NextState.MSG1    ; CLK_50              ; LCD:lcdCtrl|CLK_DLY ; 0.000        ; -0.242     ; 1.205      ;
; 1.193 ; LCD:lcdCtrl|CNT1[1]              ; LCD:lcdCtrl|NextState.D_ON    ; LCD:lcdCtrl|CLK_DLY ; LCD:lcdCtrl|CLK_DLY ; 0.000        ; 0.088      ; 1.536      ;
; 1.201 ; LCD:lcdCtrl|CNT2[1]              ; LCD:lcdCtrl|CNT2[3]           ; LCD:lcdCtrl|CLK_DLY ; LCD:lcdCtrl|CLK_DLY ; 0.000        ; 0.092      ; 1.548      ;
; 1.205 ; LCD:lcdCtrl|CNT2[1]              ; LCD:lcdCtrl|CNT2[2]           ; LCD:lcdCtrl|CLK_DLY ; LCD:lcdCtrl|CLK_DLY ; 0.000        ; 0.092      ; 1.552      ;
; 1.206 ; LCD:lcdCtrl|Data[7]              ; LCD:lcdCtrl|Data[7]           ; LCD:lcdCtrl|CLK_DLY ; LCD:lcdCtrl|CLK_DLY ; 0.000        ; 0.092      ; 1.553      ;
; 1.262 ; LCD:lcdCtrl|CurrentState.ASK1    ; LCD:lcdCtrl|Rs                ; CLK_50              ; LCD:lcdCtrl|CLK_DLY ; 0.000        ; -0.242     ; 1.305      ;
; 1.296 ; LCD:lcdCtrl|Data[0]              ; LCD:lcdCtrl|Data[0]           ; LCD:lcdCtrl|CLK_DLY ; LCD:lcdCtrl|CLK_DLY ; 0.000        ; 0.092      ; 1.643      ;
; 1.309 ; LCD:lcdCtrl|Data[3]              ; LCD:lcdCtrl|Data[3]           ; LCD:lcdCtrl|CLK_DLY ; LCD:lcdCtrl|CLK_DLY ; 0.000        ; 0.092      ; 1.656      ;
; 1.395 ; LCD:lcdCtrl|CurrentState.D_ON    ; LCD:lcdCtrl|Data[0]           ; CLK_50              ; LCD:lcdCtrl|CLK_DLY ; 0.000        ; -0.242     ; 1.438      ;
; 1.436 ; LCD:lcdCtrl|NextState.MSG2       ; LCD:lcdCtrl|NextState.MSG2    ; LCD:lcdCtrl|CLK_DLY ; LCD:lcdCtrl|CLK_DLY ; 0.000        ; 0.092      ; 1.783      ;
; 1.477 ; LCD:lcdCtrl|NextState.ENTRY      ; LCD:lcdCtrl|NextState.ENTRY   ; LCD:lcdCtrl|CLK_DLY ; LCD:lcdCtrl|CLK_DLY ; 0.000        ; 0.092      ; 1.824      ;
; 1.490 ; LCD:lcdCtrl|CNT2[0]              ; LCD:lcdCtrl|CNT2[3]           ; LCD:lcdCtrl|CLK_DLY ; LCD:lcdCtrl|CLK_DLY ; 0.000        ; 0.092      ; 1.837      ;
; 1.492 ; LCD:lcdCtrl|NextState.ASK3       ; LCD:lcdCtrl|NextState.ASK3    ; LCD:lcdCtrl|CLK_DLY ; LCD:lcdCtrl|CLK_DLY ; 0.000        ; 0.093      ; 1.840      ;
; 1.505 ; LCD:lcdCtrl|NextState.L1         ; LCD:lcdCtrl|NextState.L1      ; LCD:lcdCtrl|CLK_DLY ; LCD:lcdCtrl|CLK_DLY ; 0.000        ; 0.093      ; 1.853      ;
; 1.507 ; LCD:lcdCtrl|CurrentState.ASK2    ; LCD:lcdCtrl|Rs                ; CLK_50              ; LCD:lcdCtrl|CLK_DLY ; 0.000        ; -0.245     ; 1.547      ;
; 1.522 ; LCD:lcdCtrl|CurrentState.ENTRY   ; LCD:lcdCtrl|NextState.D_ON    ; CLK_50              ; LCD:lcdCtrl|CLK_DLY ; 0.000        ; -0.240     ; 1.567      ;
; 1.528 ; LCD:lcdCtrl|NextState.ASK1       ; LCD:lcdCtrl|NextState.ASK1    ; LCD:lcdCtrl|CLK_DLY ; LCD:lcdCtrl|CLK_DLY ; 0.000        ; 0.093      ; 1.876      ;
; 1.530 ; LCD:lcdCtrl|NextState.MSG1       ; LCD:lcdCtrl|NextState.MSG1    ; LCD:lcdCtrl|CLK_DLY ; LCD:lcdCtrl|CLK_DLY ; 0.000        ; 0.092      ; 1.877      ;
; 1.532 ; LCD:lcdCtrl|CNT1[1]              ; LCD:lcdCtrl|NextState.D_OFF   ; LCD:lcdCtrl|CLK_DLY ; LCD:lcdCtrl|CLK_DLY ; 0.000        ; 0.091      ; 1.878      ;
; 1.549 ; LCD:lcdCtrl|CurrentState.ASK2    ; LCD:lcdCtrl|NextState.MSG2    ; CLK_50              ; LCD:lcdCtrl|CLK_DLY ; 0.000        ; -0.245     ; 1.589      ;
; 1.570 ; LCD:lcdCtrl|CurrentState.MSG1    ; LCD:lcdCtrl|NextState.MSG2    ; CLK_50              ; LCD:lcdCtrl|CLK_DLY ; 0.000        ; -0.243     ; 1.612      ;
; 1.616 ; LCD:lcdCtrl|CNT2[3]              ; LCD:lcdCtrl|Data[0]           ; LCD:lcdCtrl|CLK_DLY ; LCD:lcdCtrl|CLK_DLY ; 0.000        ; 0.092      ; 1.963      ;
; 1.650 ; LCD:lcdCtrl|CNT1[1]              ; LCD:lcdCtrl|NextState.LCD_CLR ; LCD:lcdCtrl|CLK_DLY ; LCD:lcdCtrl|CLK_DLY ; 0.000        ; 0.088      ; 1.993      ;
; 1.675 ; LCD:lcdCtrl|CurrentState.MSG1    ; LCD:lcdCtrl|CNT2[3]           ; CLK_50              ; LCD:lcdCtrl|CLK_DLY ; 0.000        ; -0.245     ; 1.715      ;
; 1.700 ; LCD:lcdCtrl|CurrentState.LCD_CLR ; LCD:lcdCtrl|Data[0]           ; CLK_50              ; LCD:lcdCtrl|CLK_DLY ; 0.000        ; -0.242     ; 1.743      ;
; 1.722 ; LCD:lcdCtrl|CurrentState.LCD_CLR ; LCD:lcdCtrl|NextState.ENTRY   ; CLK_50              ; LCD:lcdCtrl|CLK_DLY ; 0.000        ; -0.240     ; 1.767      ;
; 1.744 ; LCD:lcdCtrl|NextState.L2         ; LCD:lcdCtrl|NextState.L2      ; LCD:lcdCtrl|CLK_DLY ; LCD:lcdCtrl|CLK_DLY ; 0.000        ; 0.092      ; 2.091      ;
; 1.744 ; LCD:lcdCtrl|CNT1[1]              ; LCD:lcdCtrl|NextState.ASK1    ; LCD:lcdCtrl|CLK_DLY ; LCD:lcdCtrl|CLK_DLY ; 0.000        ; 0.091      ; 2.090      ;
; 1.757 ; LCD:lcdCtrl|CurrentState.L1      ; LCD:lcdCtrl|NextState.D_OFF   ; CLK_50              ; LCD:lcdCtrl|CLK_DLY ; 0.000        ; -0.239     ; 1.803      ;
; 1.776 ; LCD:lcdCtrl|CNT2[2]              ; LCD:lcdCtrl|Data[3]           ; LCD:lcdCtrl|CLK_DLY ; LCD:lcdCtrl|CLK_DLY ; 0.000        ; 0.093      ; 2.124      ;
; 1.806 ; LCD:lcdCtrl|CNT1[1]              ; LCD:lcdCtrl|NextState.ASK3    ; LCD:lcdCtrl|CLK_DLY ; LCD:lcdCtrl|CLK_DLY ; 0.000        ; 0.091      ; 2.152      ;
; 1.828 ; LCD:lcdCtrl|CurrentState.L2      ; LCD:lcdCtrl|Data[6]           ; CLK_50              ; LCD:lcdCtrl|CLK_DLY ; 0.000        ; -0.241     ; 1.872      ;
; 1.851 ; LCD:lcdCtrl|CurrentState.MSG2    ; LCD:lcdCtrl|NextState.MSG1    ; CLK_50              ; LCD:lcdCtrl|CLK_DLY ; 0.000        ; -0.243     ; 1.893      ;
; 1.852 ; LCD:lcdCtrl|CurrentState.MSG1    ; LCD:lcdCtrl|NextState.MSG1    ; CLK_50              ; LCD:lcdCtrl|CLK_DLY ; 0.000        ; -0.243     ; 1.894      ;
; 1.853 ; LCD:lcdCtrl|CNT1[1]              ; LCD:lcdCtrl|NextState.MSG2    ; LCD:lcdCtrl|CLK_DLY ; LCD:lcdCtrl|CLK_DLY ; 0.000        ; 0.088      ; 2.196      ;
; 1.895 ; LCD:lcdCtrl|CNT2[2]              ; LCD:lcdCtrl|Data[5]           ; LCD:lcdCtrl|CLK_DLY ; LCD:lcdCtrl|CLK_DLY ; 0.000        ; 0.093      ; 2.243      ;
; 1.898 ; LCD:lcdCtrl|CurrentState.L2      ; LCD:lcdCtrl|Rs                ; CLK_50              ; LCD:lcdCtrl|CLK_DLY ; 0.000        ; -0.240     ; 1.943      ;
; 1.901 ; LCD:lcdCtrl|CurrentState.MSG2    ; LCD:lcdCtrl|Data[3]           ; CLK_50              ; LCD:lcdCtrl|CLK_DLY ; 0.000        ; -0.244     ; 1.942      ;
; 1.904 ; LCD:lcdCtrl|CurrentState.MSG2    ; LCD:lcdCtrl|NextState.D_OFF   ; CLK_50              ; LCD:lcdCtrl|CLK_DLY ; 0.000        ; -0.240     ; 1.949      ;
; 1.934 ; LCD:lcdCtrl|CNT2[0]              ; LCD:lcdCtrl|Data[3]           ; LCD:lcdCtrl|CLK_DLY ; LCD:lcdCtrl|CLK_DLY ; 0.000        ; 0.093      ; 2.282      ;
; 1.936 ; LCD:lcdCtrl|CurrentState.D_OFF   ; LCD:lcdCtrl|NextState.LCD_CLR ; CLK_50              ; LCD:lcdCtrl|CLK_DLY ; 0.000        ; -0.242     ; 1.979      ;
; 1.961 ; LCD:lcdCtrl|CurrentState.ASK3    ; LCD:lcdCtrl|Rs                ; CLK_50              ; LCD:lcdCtrl|CLK_DLY ; 0.000        ; -0.242     ; 2.004      ;
; 1.985 ; LCD:lcdCtrl|CurrentState.MSG2    ; LCD:lcdCtrl|Data[7]           ; CLK_50              ; LCD:lcdCtrl|CLK_DLY ; 0.000        ; -0.244     ; 2.026      ;
; 1.986 ; LCD:lcdCtrl|CurrentState.ASK3    ; LCD:lcdCtrl|NextState.ASK3    ; CLK_50              ; LCD:lcdCtrl|CLK_DLY ; 0.000        ; -0.239     ; 2.032      ;
; 1.986 ; LCD:lcdCtrl|CNT2[2]              ; LCD:lcdCtrl|NextState.D_OFF   ; LCD:lcdCtrl|CLK_DLY ; LCD:lcdCtrl|CLK_DLY ; 0.000        ; 0.097      ; 2.338      ;
; 1.995 ; LCD:lcdCtrl|CurrentState.MSG2    ; LCD:lcdCtrl|NextState.MSG2    ; CLK_50              ; LCD:lcdCtrl|CLK_DLY ; 0.000        ; -0.243     ; 2.037      ;
; 2.019 ; LCD:lcdCtrl|CurrentState.L1      ; LCD:lcdCtrl|Data[7]           ; CLK_50              ; LCD:lcdCtrl|CLK_DLY ; 0.000        ; -0.243     ; 2.061      ;
; 2.028 ; LCD:lcdCtrl|CNT1[1]              ; LCD:lcdCtrl|NextState.ENTRY   ; LCD:lcdCtrl|CLK_DLY ; LCD:lcdCtrl|CLK_DLY ; 0.000        ; 0.088      ; 2.371      ;
; 2.031 ; LCD:lcdCtrl|CurrentState.L2      ; LCD:lcdCtrl|Data[7]           ; CLK_50              ; LCD:lcdCtrl|CLK_DLY ; 0.000        ; -0.241     ; 2.075      ;
; 2.033 ; LCD:lcdCtrl|CurrentState.ASK2    ; LCD:lcdCtrl|Data[6]           ; CLK_50              ; LCD:lcdCtrl|CLK_DLY ; 0.000        ; -0.246     ; 2.072      ;
; 2.036 ; LCD:lcdCtrl|CurrentState.MSG1    ; LCD:lcdCtrl|NextState.D_OFF   ; CLK_50              ; LCD:lcdCtrl|CLK_DLY ; 0.000        ; -0.240     ; 2.081      ;
; 2.051 ; LCD:lcdCtrl|CNT2[1]              ; LCD:lcdCtrl|Data[5]           ; LCD:lcdCtrl|CLK_DLY ; LCD:lcdCtrl|CLK_DLY ; 0.000        ; 0.093      ; 2.399      ;
; 2.052 ; LCD:lcdCtrl|CNT2[2]              ; LCD:lcdCtrl|Data[4]           ; LCD:lcdCtrl|CLK_DLY ; LCD:lcdCtrl|CLK_DLY ; 0.000        ; 0.093      ; 2.400      ;
; 2.054 ; LCD:lcdCtrl|CNT2[3]              ; LCD:lcdCtrl|Data[7]           ; LCD:lcdCtrl|CLK_DLY ; LCD:lcdCtrl|CLK_DLY ; 0.000        ; 0.093      ; 2.402      ;
; 2.062 ; LCD:lcdCtrl|CurrentState.MSG1    ; LCD:lcdCtrl|Data[4]           ; CLK_50              ; LCD:lcdCtrl|CLK_DLY ; 0.000        ; -0.244     ; 2.103      ;
; 2.063 ; LCD:lcdCtrl|CNT2[2]              ; LCD:lcdCtrl|NextState.MSG2    ; LCD:lcdCtrl|CLK_DLY ; LCD:lcdCtrl|CLK_DLY ; 0.000        ; 0.094      ; 2.412      ;
; 2.071 ; LCD:lcdCtrl|CurrentState.MSG1    ; LCD:lcdCtrl|Data[5]           ; CLK_50              ; LCD:lcdCtrl|CLK_DLY ; 0.000        ; -0.244     ; 2.112      ;
; 2.079 ; LCD:lcdCtrl|CurrentState.D_OFF   ; LCD:lcdCtrl|Data[3]           ; CLK_50              ; LCD:lcdCtrl|CLK_DLY ; 0.000        ; -0.243     ; 2.121      ;
; 2.079 ; LCD:lcdCtrl|CurrentState.MSG2    ; LCD:lcdCtrl|NextState.LCD_CLR ; CLK_50              ; LCD:lcdCtrl|CLK_DLY ; 0.000        ; -0.243     ; 2.121      ;
; 2.089 ; LCD:lcdCtrl|CurrentState.D_ON    ; LCD:lcdCtrl|NextState.L1      ; CLK_50              ; LCD:lcdCtrl|CLK_DLY ; 0.000        ; -0.237     ; 2.137      ;
; 2.089 ; LCD:lcdCtrl|CurrentState.MSG2    ; LCD:lcdCtrl|CNT2[3]           ; CLK_50              ; LCD:lcdCtrl|CLK_DLY ; 0.000        ; -0.245     ; 2.129      ;
; 2.096 ; LCD:lcdCtrl|CurrentState.MSG2    ; LCD:lcdCtrl|Data[2]           ; CLK_50              ; LCD:lcdCtrl|CLK_DLY ; 0.000        ; -0.246     ; 2.135      ;
; 2.104 ; LCD:lcdCtrl|CNT2[2]              ; LCD:lcdCtrl|NextState.LCD_CLR ; LCD:lcdCtrl|CLK_DLY ; LCD:lcdCtrl|CLK_DLY ; 0.000        ; 0.094      ; 2.453      ;
; 2.109 ; LCD:lcdCtrl|CNT2[3]              ; LCD:lcdCtrl|Data[3]           ; LCD:lcdCtrl|CLK_DLY ; LCD:lcdCtrl|CLK_DLY ; 0.000        ; 0.093      ; 2.457      ;
; 2.113 ; LCD:lcdCtrl|CNT2[2]              ; LCD:lcdCtrl|Data[7]           ; LCD:lcdCtrl|CLK_DLY ; LCD:lcdCtrl|CLK_DLY ; 0.000        ; 0.093      ; 2.461      ;
; 2.117 ; LCD:lcdCtrl|CNT2[1]              ; LCD:lcdCtrl|Data[3]           ; LCD:lcdCtrl|CLK_DLY ; LCD:lcdCtrl|CLK_DLY ; 0.000        ; 0.093      ; 2.465      ;
; 2.121 ; LCD:lcdCtrl|CurrentState.MSG1    ; LCD:lcdCtrl|Data[2]           ; CLK_50              ; LCD:lcdCtrl|CLK_DLY ; 0.000        ; -0.246     ; 2.160      ;
; 2.121 ; LCD:lcdCtrl|CNT1[1]              ; LCD:lcdCtrl|NextState.MSG1    ; LCD:lcdCtrl|CLK_DLY ; LCD:lcdCtrl|CLK_DLY ; 0.000        ; 0.088      ; 2.464      ;
; 2.127 ; LCD:lcdCtrl|CNT2[3]              ; LCD:lcdCtrl|Data[5]           ; LCD:lcdCtrl|CLK_DLY ; LCD:lcdCtrl|CLK_DLY ; 0.000        ; 0.093      ; 2.475      ;
; 2.132 ; LCD:lcdCtrl|CurrentState.L1      ; LCD:lcdCtrl|NextState.ASK3    ; CLK_50              ; LCD:lcdCtrl|CLK_DLY ; 0.000        ; -0.239     ; 2.178      ;
; 2.133 ; LCD:lcdCtrl|CNT1[1]              ; LCD:lcdCtrl|CNT2[1]           ; LCD:lcdCtrl|CLK_DLY ; LCD:lcdCtrl|CLK_DLY ; 0.000        ; 0.086      ; 2.474      ;
; 2.134 ; LCD:lcdCtrl|CNT1[1]              ; LCD:lcdCtrl|CNT2[0]           ; LCD:lcdCtrl|CLK_DLY ; LCD:lcdCtrl|CLK_DLY ; 0.000        ; 0.086      ; 2.475      ;
; 2.135 ; LCD:lcdCtrl|CNT1[1]              ; LCD:lcdCtrl|CNT2[2]           ; LCD:lcdCtrl|CLK_DLY ; LCD:lcdCtrl|CLK_DLY ; 0.000        ; 0.086      ; 2.476      ;
; 2.144 ; LCD:lcdCtrl|CNT2[0]              ; LCD:lcdCtrl|NextState.D_OFF   ; LCD:lcdCtrl|CLK_DLY ; LCD:lcdCtrl|CLK_DLY ; 0.000        ; 0.097      ; 2.496      ;
; 2.147 ; LCD:lcdCtrl|CurrentState.D_ON    ; LCD:lcdCtrl|Data[2]           ; CLK_50              ; LCD:lcdCtrl|CLK_DLY ; 0.000        ; -0.243     ; 2.189      ;
; 2.160 ; LCD:lcdCtrl|CNT2[2]              ; LCD:lcdCtrl|Data[6]           ; LCD:lcdCtrl|CLK_DLY ; LCD:lcdCtrl|CLK_DLY ; 0.000        ; 0.093      ; 2.508      ;
; 2.171 ; LCD:lcdCtrl|CurrentState.D_ON    ; LCD:lcdCtrl|NextState.D_ON    ; CLK_50              ; LCD:lcdCtrl|CLK_DLY ; 0.000        ; -0.240     ; 2.216      ;
+-------+----------------------------------+-------------------------------+---------------------+---------------------+--------------+------------+------------+


+------------------------------------------------------------------------------------------------------------------------------------------------------+
; Slow 1000mV 0C Model Hold: 'u0|altpll_0|sd1|pll7|clk[0]'                                                                                             ;
+-------+--------------------+--------------------+-----------------------------+-----------------------------+--------------+------------+------------+
; Slack ; From Node          ; To Node            ; Launch Clock                ; Latch Clock                 ; Relationship ; Clock Skew ; Data Delay ;
+-------+--------------------+--------------------+-----------------------------+-----------------------------+--------------+------------+------------+
; 0.515 ; Sync:U1|radius[10] ; Sync:U1|radius[10] ; u0|altpll_0|sd1|pll7|clk[0] ; u0|altpll_0|sd1|pll7|clk[0] ; 0.000        ; 0.091      ; 0.861      ;
; 0.698 ; Sync:U1|HPOS[10]   ; Sync:U1|HSYNC      ; u0|altpll_0|sd1|pll7|clk[0] ; u0|altpll_0|sd1|pll7|clk[0] ; 0.000        ; 0.093      ; 1.046      ;
; 0.723 ; Sync:U1|VPOS[10]   ; Sync:U1|VSYNC      ; u0|altpll_0|sd1|pll7|clk[0] ; u0|altpll_0|sd1|pll7|clk[0] ; 0.000        ; 0.093      ; 1.071      ;
; 0.752 ; Sync:U1|br[4]      ; Sync:U1|br[4]      ; u0|altpll_0|sd1|pll7|clk[0] ; u0|altpll_0|sd1|pll7|clk[0] ; 0.000        ; 0.092      ; 1.099      ;
; 0.753 ; Sync:U1|HPOS[1]    ; Sync:U1|HPOS[1]    ; u0|altpll_0|sd1|pll7|clk[0] ; u0|altpll_0|sd1|pll7|clk[0] ; 0.000        ; 0.093      ; 1.101      ;
; 0.755 ; Sync:U1|p[8]       ; Sync:U1|p[8]       ; u0|altpll_0|sd1|pll7|clk[0] ; u0|altpll_0|sd1|pll7|clk[0] ; 0.000        ; 0.093      ; 1.103      ;
; 0.755 ; Sync:U1|p[6]       ; Sync:U1|p[6]       ; u0|altpll_0|sd1|pll7|clk[0] ; u0|altpll_0|sd1|pll7|clk[0] ; 0.000        ; 0.093      ; 1.103      ;
; 0.755 ; Sync:U1|b[10]      ; Sync:U1|b[10]      ; u0|altpll_0|sd1|pll7|clk[0] ; u0|altpll_0|sd1|pll7|clk[0] ; 0.000        ; 0.092      ; 1.102      ;
; 0.755 ; Sync:U1|a[6]       ; Sync:U1|a[6]       ; u0|altpll_0|sd1|pll7|clk[0] ; u0|altpll_0|sd1|pll7|clk[0] ; 0.000        ; 0.092      ; 1.102      ;
; 0.756 ; Sync:U1|br[8]      ; Sync:U1|br[8]      ; u0|altpll_0|sd1|pll7|clk[0] ; u0|altpll_0|sd1|pll7|clk[0] ; 0.000        ; 0.092      ; 1.103      ;
; 0.756 ; Sync:U1|br[6]      ; Sync:U1|br[6]      ; u0|altpll_0|sd1|pll7|clk[0] ; u0|altpll_0|sd1|pll7|clk[0] ; 0.000        ; 0.092      ; 1.103      ;
; 0.756 ; Sync:U1|radius[4]  ; Sync:U1|radius[4]  ; u0|altpll_0|sd1|pll7|clk[0] ; u0|altpll_0|sd1|pll7|clk[0] ; 0.000        ; 0.091      ; 1.102      ;
; 0.756 ; Sync:U1|a[8]       ; Sync:U1|a[8]       ; u0|altpll_0|sd1|pll7|clk[0] ; u0|altpll_0|sd1|pll7|clk[0] ; 0.000        ; 0.092      ; 1.103      ;
; 0.757 ; Sync:U1|radius[8]  ; Sync:U1|radius[8]  ; u0|altpll_0|sd1|pll7|clk[0] ; u0|altpll_0|sd1|pll7|clk[0] ; 0.000        ; 0.091      ; 1.103      ;
; 0.757 ; Sync:U1|p[10]      ; Sync:U1|p[10]      ; u0|altpll_0|sd1|pll7|clk[0] ; u0|altpll_0|sd1|pll7|clk[0] ; 0.000        ; 0.093      ; 1.105      ;
; 0.757 ; Sync:U1|a[10]      ; Sync:U1|a[10]      ; u0|altpll_0|sd1|pll7|clk[0] ; u0|altpll_0|sd1|pll7|clk[0] ; 0.000        ; 0.092      ; 1.104      ;
; 0.758 ; Sync:U1|br[10]     ; Sync:U1|br[10]     ; u0|altpll_0|sd1|pll7|clk[0] ; u0|altpll_0|sd1|pll7|clk[0] ; 0.000        ; 0.092      ; 1.105      ;
; 0.758 ; Sync:U1|p[2]       ; Sync:U1|p[2]       ; u0|altpll_0|sd1|pll7|clk[0] ; u0|altpll_0|sd1|pll7|clk[0] ; 0.000        ; 0.093      ; 1.106      ;
; 0.758 ; Sync:U1|a[3]       ; Sync:U1|a[3]       ; u0|altpll_0|sd1|pll7|clk[0] ; u0|altpll_0|sd1|pll7|clk[0] ; 0.000        ; 0.092      ; 1.105      ;
; 0.759 ; Sync:U1|br[5]      ; Sync:U1|br[5]      ; u0|altpll_0|sd1|pll7|clk[0] ; u0|altpll_0|sd1|pll7|clk[0] ; 0.000        ; 0.092      ; 1.106      ;
; 0.759 ; Sync:U1|br[2]      ; Sync:U1|br[2]      ; u0|altpll_0|sd1|pll7|clk[0] ; u0|altpll_0|sd1|pll7|clk[0] ; 0.000        ; 0.092      ; 1.106      ;
; 0.759 ; Sync:U1|p[7]       ; Sync:U1|p[7]       ; u0|altpll_0|sd1|pll7|clk[0] ; u0|altpll_0|sd1|pll7|clk[0] ; 0.000        ; 0.093      ; 1.107      ;
; 0.759 ; Sync:U1|b[5]       ; Sync:U1|b[5]       ; u0|altpll_0|sd1|pll7|clk[0] ; u0|altpll_0|sd1|pll7|clk[0] ; 0.000        ; 0.092      ; 1.106      ;
; 0.759 ; Sync:U1|b[1]       ; Sync:U1|b[1]       ; u0|altpll_0|sd1|pll7|clk[0] ; u0|altpll_0|sd1|pll7|clk[0] ; 0.000        ; 0.092      ; 1.106      ;
; 0.759 ; Sync:U1|a[5]       ; Sync:U1|a[5]       ; u0|altpll_0|sd1|pll7|clk[0] ; u0|altpll_0|sd1|pll7|clk[0] ; 0.000        ; 0.092      ; 1.106      ;
; 0.760 ; Sync:U1|br[7]      ; Sync:U1|br[7]      ; u0|altpll_0|sd1|pll7|clk[0] ; u0|altpll_0|sd1|pll7|clk[0] ; 0.000        ; 0.092      ; 1.107      ;
; 0.760 ; Sync:U1|radius[1]  ; Sync:U1|radius[1]  ; u0|altpll_0|sd1|pll7|clk[0] ; u0|altpll_0|sd1|pll7|clk[0] ; 0.000        ; 0.091      ; 1.106      ;
; 0.760 ; Sync:U1|b[9]       ; Sync:U1|b[9]       ; u0|altpll_0|sd1|pll7|clk[0] ; u0|altpll_0|sd1|pll7|clk[0] ; 0.000        ; 0.092      ; 1.107      ;
; 0.760 ; Sync:U1|b[7]       ; Sync:U1|b[7]       ; u0|altpll_0|sd1|pll7|clk[0] ; u0|altpll_0|sd1|pll7|clk[0] ; 0.000        ; 0.092      ; 1.107      ;
; 0.761 ; Sync:U1|radius[9]  ; Sync:U1|radius[9]  ; u0|altpll_0|sd1|pll7|clk[0] ; u0|altpll_0|sd1|pll7|clk[0] ; 0.000        ; 0.091      ; 1.107      ;
; 0.761 ; Sync:U1|radius[7]  ; Sync:U1|radius[7]  ; u0|altpll_0|sd1|pll7|clk[0] ; u0|altpll_0|sd1|pll7|clk[0] ; 0.000        ; 0.091      ; 1.107      ;
; 0.779 ; Sync:U1|HPOS[2]    ; Sync:U1|HPOS[2]    ; u0|altpll_0|sd1|pll7|clk[0] ; u0|altpll_0|sd1|pll7|clk[0] ; 0.000        ; 0.093      ; 1.127      ;
; 0.787 ; Sync:U1|br[0]      ; Sync:U1|br[0]      ; u0|altpll_0|sd1|pll7|clk[0] ; u0|altpll_0|sd1|pll7|clk[0] ; 0.000        ; 0.092      ; 1.134      ;
; 0.787 ; Sync:U1|radius[0]  ; Sync:U1|radius[0]  ; u0|altpll_0|sd1|pll7|clk[0] ; u0|altpll_0|sd1|pll7|clk[0] ; 0.000        ; 0.091      ; 1.133      ;
; 0.813 ; Sync:U1|HPOS[0]    ; Sync:U1|HPOS[0]    ; u0|altpll_0|sd1|pll7|clk[0] ; u0|altpll_0|sd1|pll7|clk[0] ; 0.000        ; 0.093      ; 1.161      ;
; 0.888 ; Sync:U1|br[9]      ; Sync:U1|br[9]      ; u0|altpll_0|sd1|pll7|clk[0] ; u0|altpll_0|sd1|pll7|clk[0] ; 0.000        ; 0.092      ; 1.235      ;
; 0.889 ; Sync:U1|p[3]       ; Sync:U1|p[3]       ; u0|altpll_0|sd1|pll7|clk[0] ; u0|altpll_0|sd1|pll7|clk[0] ; 0.000        ; 0.093      ; 1.237      ;
; 0.890 ; Sync:U1|br[3]      ; Sync:U1|br[3]      ; u0|altpll_0|sd1|pll7|clk[0] ; u0|altpll_0|sd1|pll7|clk[0] ; 0.000        ; 0.092      ; 1.237      ;
; 0.890 ; Sync:U1|b[2]       ; Sync:U1|b[2]       ; u0|altpll_0|sd1|pll7|clk[0] ; u0|altpll_0|sd1|pll7|clk[0] ; 0.000        ; 0.092      ; 1.237      ;
; 0.892 ; Sync:U1|br[1]      ; Sync:U1|br[1]      ; u0|altpll_0|sd1|pll7|clk[0] ; u0|altpll_0|sd1|pll7|clk[0] ; 0.000        ; 0.092      ; 1.239      ;
; 0.901 ; Sync:U1|b[8]       ; Sync:U1|b[8]       ; u0|altpll_0|sd1|pll7|clk[0] ; u0|altpll_0|sd1|pll7|clk[0] ; 0.000        ; 0.092      ; 1.248      ;
; 0.902 ; Sync:U1|b[3]       ; Sync:U1|b[3]       ; u0|altpll_0|sd1|pll7|clk[0] ; u0|altpll_0|sd1|pll7|clk[0] ; 0.000        ; 0.092      ; 1.249      ;
; 0.905 ; Sync:U1|p[9]       ; Sync:U1|p[9]       ; u0|altpll_0|sd1|pll7|clk[0] ; u0|altpll_0|sd1|pll7|clk[0] ; 0.000        ; 0.093      ; 1.253      ;
; 0.906 ; Sync:U1|a[9]       ; Sync:U1|a[9]       ; u0|altpll_0|sd1|pll7|clk[0] ; u0|altpll_0|sd1|pll7|clk[0] ; 0.000        ; 0.092      ; 1.253      ;
; 0.909 ; Sync:U1|radius[3]  ; Sync:U1|radius[3]  ; u0|altpll_0|sd1|pll7|clk[0] ; u0|altpll_0|sd1|pll7|clk[0] ; 0.000        ; 0.091      ; 1.255      ;
; 0.923 ; Sync:U1|m[8]       ; Sync:U1|m[8]       ; u0|altpll_0|sd1|pll7|clk[0] ; u0|altpll_0|sd1|pll7|clk[0] ; 0.000        ; 0.093      ; 1.271      ;
; 0.940 ; Sync:U1|m[10]      ; Sync:U1|m[10]      ; u0|altpll_0|sd1|pll7|clk[0] ; u0|altpll_0|sd1|pll7|clk[0] ; 0.000        ; 0.093      ; 1.288      ;
; 0.984 ; Sync:U1|HPOS[8]    ; Sync:U1|HSYNC      ; u0|altpll_0|sd1|pll7|clk[0] ; u0|altpll_0|sd1|pll7|clk[0] ; 0.000        ; 0.093      ; 1.332      ;
; 1.006 ; Sync:U1|VPOS[5]    ; Sync:U1|VSYNC      ; u0|altpll_0|sd1|pll7|clk[0] ; u0|altpll_0|sd1|pll7|clk[0] ; 0.000        ; 0.093      ; 1.354      ;
; 1.110 ; Sync:U1|m[2]       ; Sync:U1|m[2]       ; u0|altpll_0|sd1|pll7|clk[0] ; u0|altpll_0|sd1|pll7|clk[0] ; 0.000        ; 0.093      ; 1.458      ;
; 1.127 ; Sync:U1|b[6]       ; Sync:U1|b[6]       ; u0|altpll_0|sd1|pll7|clk[0] ; u0|altpll_0|sd1|pll7|clk[0] ; 0.000        ; 0.092      ; 1.474      ;
; 1.129 ; Sync:U1|radius[6]  ; Sync:U1|radius[6]  ; u0|altpll_0|sd1|pll7|clk[0] ; u0|altpll_0|sd1|pll7|clk[0] ; 0.000        ; 0.091      ; 1.475      ;
; 1.143 ; Sync:U1|br[4]      ; Sync:U1|br[5]      ; u0|altpll_0|sd1|pll7|clk[0] ; u0|altpll_0|sd1|pll7|clk[0] ; 0.000        ; 0.092      ; 1.490      ;
; 1.148 ; Sync:U1|p[2]       ; Sync:U1|p[3]       ; u0|altpll_0|sd1|pll7|clk[0] ; u0|altpll_0|sd1|pll7|clk[0] ; 0.000        ; 0.093      ; 1.496      ;
; 1.149 ; Sync:U1|p[6]       ; Sync:U1|p[7]       ; u0|altpll_0|sd1|pll7|clk[0] ; u0|altpll_0|sd1|pll7|clk[0] ; 0.000        ; 0.093      ; 1.497      ;
; 1.149 ; Sync:U1|radius[0]  ; Sync:U1|radius[1]  ; u0|altpll_0|sd1|pll7|clk[0] ; u0|altpll_0|sd1|pll7|clk[0] ; 0.000        ; 0.091      ; 1.495      ;
; 1.149 ; Sync:U1|br[2]      ; Sync:U1|br[3]      ; u0|altpll_0|sd1|pll7|clk[0] ; u0|altpll_0|sd1|pll7|clk[0] ; 0.000        ; 0.092      ; 1.496      ;
; 1.149 ; Sync:U1|br[0]      ; Sync:U1|br[1]      ; u0|altpll_0|sd1|pll7|clk[0] ; u0|altpll_0|sd1|pll7|clk[0] ; 0.000        ; 0.092      ; 1.496      ;
; 1.149 ; Sync:U1|p[8]       ; Sync:U1|p[9]       ; u0|altpll_0|sd1|pll7|clk[0] ; u0|altpll_0|sd1|pll7|clk[0] ; 0.000        ; 0.093      ; 1.497      ;
; 1.150 ; Sync:U1|b[0]       ; Sync:U1|b[1]       ; u0|altpll_0|sd1|pll7|clk[0] ; u0|altpll_0|sd1|pll7|clk[0] ; 0.000        ; 0.092      ; 1.497      ;
; 1.150 ; Sync:U1|br[6]      ; Sync:U1|br[7]      ; u0|altpll_0|sd1|pll7|clk[0] ; u0|altpll_0|sd1|pll7|clk[0] ; 0.000        ; 0.092      ; 1.497      ;
; 1.150 ; Sync:U1|br[8]      ; Sync:U1|br[9]      ; u0|altpll_0|sd1|pll7|clk[0] ; u0|altpll_0|sd1|pll7|clk[0] ; 0.000        ; 0.092      ; 1.497      ;
; 1.150 ; Sync:U1|a[8]       ; Sync:U1|a[9]       ; u0|altpll_0|sd1|pll7|clk[0] ; u0|altpll_0|sd1|pll7|clk[0] ; 0.000        ; 0.092      ; 1.497      ;
; 1.151 ; Sync:U1|p[5]       ; Sync:U1|p[6]       ; u0|altpll_0|sd1|pll7|clk[0] ; u0|altpll_0|sd1|pll7|clk[0] ; 0.000        ; 0.093      ; 1.499      ;
; 1.151 ; Sync:U1|radius[8]  ; Sync:U1|radius[9]  ; u0|altpll_0|sd1|pll7|clk[0] ; u0|altpll_0|sd1|pll7|clk[0] ; 0.000        ; 0.091      ; 1.497      ;
; 1.155 ; Sync:U1|m[7]       ; Sync:U1|m[7]       ; u0|altpll_0|sd1|pll7|clk[0] ; u0|altpll_0|sd1|pll7|clk[0] ; 0.000        ; 0.093      ; 1.503      ;
; 1.169 ; Sync:U1|m[9]       ; Sync:U1|m[9]       ; u0|altpll_0|sd1|pll7|clk[0] ; u0|altpll_0|sd1|pll7|clk[0] ; 0.000        ; 0.093      ; 1.517      ;
; 1.169 ; Sync:U1|b[0]       ; Sync:U1|b[0]       ; u0|altpll_0|sd1|pll7|clk[0] ; u0|altpll_0|sd1|pll7|clk[0] ; 0.000        ; 0.092      ; 1.516      ;
; 1.170 ; Sync:U1|br[4]      ; Sync:U1|br[6]      ; u0|altpll_0|sd1|pll7|clk[0] ; u0|altpll_0|sd1|pll7|clk[0] ; 0.000        ; 0.092      ; 1.517      ;
; 1.171 ; Sync:U1|HPOS[1]    ; Sync:U1|HPOS[2]    ; u0|altpll_0|sd1|pll7|clk[0] ; u0|altpll_0|sd1|pll7|clk[0] ; 0.000        ; 0.093      ; 1.519      ;
; 1.173 ; Sync:U1|p[7]       ; Sync:U1|p[8]       ; u0|altpll_0|sd1|pll7|clk[0] ; u0|altpll_0|sd1|pll7|clk[0] ; 0.000        ; 0.093      ; 1.521      ;
; 1.173 ; Sync:U1|a[5]       ; Sync:U1|a[6]       ; u0|altpll_0|sd1|pll7|clk[0] ; u0|altpll_0|sd1|pll7|clk[0] ; 0.000        ; 0.092      ; 1.520      ;
; 1.173 ; Sync:U1|b[1]       ; Sync:U1|b[2]       ; u0|altpll_0|sd1|pll7|clk[0] ; u0|altpll_0|sd1|pll7|clk[0] ; 0.000        ; 0.092      ; 1.520      ;
; 1.173 ; Sync:U1|br[5]      ; Sync:U1|br[6]      ; u0|altpll_0|sd1|pll7|clk[0] ; u0|altpll_0|sd1|pll7|clk[0] ; 0.000        ; 0.092      ; 1.520      ;
; 1.174 ; Sync:U1|b[9]       ; Sync:U1|b[10]      ; u0|altpll_0|sd1|pll7|clk[0] ; u0|altpll_0|sd1|pll7|clk[0] ; 0.000        ; 0.092      ; 1.521      ;
; 1.174 ; Sync:U1|br[7]      ; Sync:U1|br[8]      ; u0|altpll_0|sd1|pll7|clk[0] ; u0|altpll_0|sd1|pll7|clk[0] ; 0.000        ; 0.092      ; 1.521      ;
; 1.174 ; Sync:U1|b[7]       ; Sync:U1|b[8]       ; u0|altpll_0|sd1|pll7|clk[0] ; u0|altpll_0|sd1|pll7|clk[0] ; 0.000        ; 0.092      ; 1.521      ;
; 1.175 ; Sync:U1|HPOS[0]    ; Sync:U1|HPOS[1]    ; u0|altpll_0|sd1|pll7|clk[0] ; u0|altpll_0|sd1|pll7|clk[0] ; 0.000        ; 0.093      ; 1.523      ;
; 1.175 ; Sync:U1|radius[9]  ; Sync:U1|radius[10] ; u0|altpll_0|sd1|pll7|clk[0] ; u0|altpll_0|sd1|pll7|clk[0] ; 0.000        ; 0.091      ; 1.521      ;
; 1.175 ; Sync:U1|radius[7]  ; Sync:U1|radius[8]  ; u0|altpll_0|sd1|pll7|clk[0] ; u0|altpll_0|sd1|pll7|clk[0] ; 0.000        ; 0.091      ; 1.521      ;
; 1.176 ; Sync:U1|br[2]      ; Sync:U1|br[4]      ; u0|altpll_0|sd1|pll7|clk[0] ; u0|altpll_0|sd1|pll7|clk[0] ; 0.000        ; 0.092      ; 1.523      ;
; 1.176 ; Sync:U1|a[6]       ; Sync:U1|a[8]       ; u0|altpll_0|sd1|pll7|clk[0] ; u0|altpll_0|sd1|pll7|clk[0] ; 0.000        ; 0.092      ; 1.523      ;
; 1.176 ; Sync:U1|p[8]       ; Sync:U1|p[10]      ; u0|altpll_0|sd1|pll7|clk[0] ; u0|altpll_0|sd1|pll7|clk[0] ; 0.000        ; 0.093      ; 1.524      ;
; 1.176 ; Sync:U1|br[0]      ; Sync:U1|br[2]      ; u0|altpll_0|sd1|pll7|clk[0] ; u0|altpll_0|sd1|pll7|clk[0] ; 0.000        ; 0.092      ; 1.523      ;
; 1.176 ; Sync:U1|b[4]       ; Sync:U1|b[5]       ; u0|altpll_0|sd1|pll7|clk[0] ; u0|altpll_0|sd1|pll7|clk[0] ; 0.000        ; 0.092      ; 1.523      ;
; 1.176 ; Sync:U1|b[6]       ; Sync:U1|b[7]       ; u0|altpll_0|sd1|pll7|clk[0] ; u0|altpll_0|sd1|pll7|clk[0] ; 0.000        ; 0.092      ; 1.523      ;
; 1.176 ; Sync:U1|p[6]       ; Sync:U1|p[8]       ; u0|altpll_0|sd1|pll7|clk[0] ; u0|altpll_0|sd1|pll7|clk[0] ; 0.000        ; 0.093      ; 1.524      ;
; 1.177 ; Sync:U1|a[8]       ; Sync:U1|a[10]      ; u0|altpll_0|sd1|pll7|clk[0] ; u0|altpll_0|sd1|pll7|clk[0] ; 0.000        ; 0.092      ; 1.524      ;
; 1.177 ; Sync:U1|br[8]      ; Sync:U1|br[10]     ; u0|altpll_0|sd1|pll7|clk[0] ; u0|altpll_0|sd1|pll7|clk[0] ; 0.000        ; 0.092      ; 1.524      ;
; 1.177 ; Sync:U1|b[0]       ; Sync:U1|b[2]       ; u0|altpll_0|sd1|pll7|clk[0] ; u0|altpll_0|sd1|pll7|clk[0] ; 0.000        ; 0.092      ; 1.524      ;
; 1.177 ; Sync:U1|br[6]      ; Sync:U1|br[8]      ; u0|altpll_0|sd1|pll7|clk[0] ; u0|altpll_0|sd1|pll7|clk[0] ; 0.000        ; 0.092      ; 1.524      ;
; 1.178 ; Sync:U1|p[5]       ; Sync:U1|p[7]       ; u0|altpll_0|sd1|pll7|clk[0] ; u0|altpll_0|sd1|pll7|clk[0] ; 0.000        ; 0.093      ; 1.526      ;
; 1.178 ; Sync:U1|radius[6]  ; Sync:U1|radius[7]  ; u0|altpll_0|sd1|pll7|clk[0] ; u0|altpll_0|sd1|pll7|clk[0] ; 0.000        ; 0.091      ; 1.524      ;
; 1.178 ; Sync:U1|radius[2]  ; Sync:U1|radius[3]  ; u0|altpll_0|sd1|pll7|clk[0] ; u0|altpll_0|sd1|pll7|clk[0] ; 0.000        ; 0.091      ; 1.524      ;
; 1.178 ; Sync:U1|radius[8]  ; Sync:U1|radius[10] ; u0|altpll_0|sd1|pll7|clk[0] ; u0|altpll_0|sd1|pll7|clk[0] ; 0.000        ; 0.091      ; 1.524      ;
; 1.179 ; Sync:U1|p[0]       ; Sync:U1|p[2]       ; u0|altpll_0|sd1|pll7|clk[0] ; u0|altpll_0|sd1|pll7|clk[0] ; 0.000        ; 0.093      ; 1.527      ;
; 1.202 ; Sync:U1|HPOS[0]    ; Sync:U1|HPOS[2]    ; u0|altpll_0|sd1|pll7|clk[0] ; u0|altpll_0|sd1|pll7|clk[0] ; 0.000        ; 0.093      ; 1.550      ;
; 1.251 ; Sync:U1|radius[5]  ; Sync:U1|radius[5]  ; u0|altpll_0|sd1|pll7|clk[0] ; u0|altpll_0|sd1|pll7|clk[0] ; 0.000        ; 0.091      ; 1.597      ;
; 1.251 ; Sync:U1|p[4]       ; Sync:U1|p[4]       ; u0|altpll_0|sd1|pll7|clk[0] ; u0|altpll_0|sd1|pll7|clk[0] ; 0.000        ; 0.093      ; 1.599      ;
; 1.256 ; Sync:U1|HPOS[9]    ; Sync:U1|HSYNC      ; u0|altpll_0|sd1|pll7|clk[0] ; u0|altpll_0|sd1|pll7|clk[0] ; 0.000        ; 0.093      ; 1.604      ;
+-------+--------------------+--------------------+-----------------------------+-----------------------------+--------------+------------+------------+


----------------------------------------------
; Slow 1000mV 0C Model Metastability Summary ;
----------------------------------------------
The design MTBF is not calculated because there are no specified synchronizers in the design.
Number of Synchronizer Chains Found: 1
Shortest Synchronizer Chain: 2 Registers
Fraction of Chains for which MTBFs Could Not be Calculated: 1.000
Worst Case Available Settling Time: 32.007 ns




+-------------------------------------------------------+
; Fast 1000mV 0C Model Setup Summary                    ;
+-----------------------------+---------+---------------+
; Clock                       ; Slack   ; End Point TNS ;
+-----------------------------+---------+---------------+
; u0|altpll_0|sd1|pll7|clk[0] ; -18.768 ; -762.098      ;
; Keyboard:Kb|data_reg[0]     ; -5.189  ; -14.928       ;
; LCD:lcdCtrl|CLK_DLY         ; -3.622  ; -50.657       ;
; CLK_50                      ; -0.752  ; -6.257        ;
+-----------------------------+---------+---------------+


+-----------------------------------------------------+
; Fast 1000mV 0C Model Hold Summary                   ;
+-----------------------------+-------+---------------+
; Clock                       ; Slack ; End Point TNS ;
+-----------------------------+-------+---------------+
; Keyboard:Kb|data_reg[0]     ; 0.141 ; 0.000         ;
; CLK_50                      ; 0.255 ; 0.000         ;
; LCD:lcdCtrl|CLK_DLY         ; 0.274 ; 0.000         ;
; u0|altpll_0|sd1|pll7|clk[0] ; 0.291 ; 0.000         ;
+-----------------------------+-------+---------------+


-----------------------------------------
; Fast 1000mV 0C Model Recovery Summary ;
-----------------------------------------
No paths to report.


----------------------------------------
; Fast 1000mV 0C Model Removal Summary ;
----------------------------------------
No paths to report.


+------------------------------------------------------+
; Fast 1000mV 0C Model Minimum Pulse Width Summary     ;
+-----------------------------+--------+---------------+
; Clock                       ; Slack  ; End Point TNS ;
+-----------------------------+--------+---------------+
; LCD:lcdCtrl|CLK_DLY         ; -1.763 ; -49.364       ;
; Keyboard:Kb|data_reg[0]     ; 0.146  ; 0.000         ;
; u0|altpll_0|sd1|pll7|clk[0] ; 4.390  ; 0.000         ;
; CLK_50                      ; 9.567  ; 0.000         ;
+-----------------------------+--------+---------------+


+-----------------------------------------------------------------------------------------------------------------------------------------------+
; Fast 1000mV 0C Model Setup: 'u0|altpll_0|sd1|pll7|clk[0]'                                                                                     ;
+---------+-----------------+--------------+-----------------------------+-----------------------------+--------------+------------+------------+
; Slack   ; From Node       ; To Node      ; Launch Clock                ; Latch Clock                 ; Relationship ; Clock Skew ; Data Delay ;
+---------+-----------------+--------------+-----------------------------+-----------------------------+--------------+------------+------------+
; -18.768 ; Sync:U1|m[8]    ; Sync:U1|R[2] ; u0|altpll_0|sd1|pll7|clk[0] ; u0|altpll_0|sd1|pll7|clk[0] ; 9.259        ; -0.062     ; 27.958     ;
; -18.767 ; Sync:U1|m[8]    ; Sync:U1|R[0] ; u0|altpll_0|sd1|pll7|clk[0] ; u0|altpll_0|sd1|pll7|clk[0] ; 9.259        ; -0.062     ; 27.957     ;
; -18.767 ; Sync:U1|m[8]    ; Sync:U1|R[3] ; u0|altpll_0|sd1|pll7|clk[0] ; u0|altpll_0|sd1|pll7|clk[0] ; 9.259        ; -0.062     ; 27.957     ;
; -18.767 ; Sync:U1|m[8]    ; Sync:U1|R[4] ; u0|altpll_0|sd1|pll7|clk[0] ; u0|altpll_0|sd1|pll7|clk[0] ; 9.259        ; -0.062     ; 27.957     ;
; -18.766 ; Sync:U1|m[8]    ; Sync:U1|R[1] ; u0|altpll_0|sd1|pll7|clk[0] ; u0|altpll_0|sd1|pll7|clk[0] ; 9.259        ; -0.062     ; 27.956     ;
; -18.764 ; Sync:U1|m[7]    ; Sync:U1|R[2] ; u0|altpll_0|sd1|pll7|clk[0] ; u0|altpll_0|sd1|pll7|clk[0] ; 9.259        ; -0.062     ; 27.954     ;
; -18.763 ; Sync:U1|m[7]    ; Sync:U1|R[0] ; u0|altpll_0|sd1|pll7|clk[0] ; u0|altpll_0|sd1|pll7|clk[0] ; 9.259        ; -0.062     ; 27.953     ;
; -18.763 ; Sync:U1|m[7]    ; Sync:U1|R[3] ; u0|altpll_0|sd1|pll7|clk[0] ; u0|altpll_0|sd1|pll7|clk[0] ; 9.259        ; -0.062     ; 27.953     ;
; -18.763 ; Sync:U1|m[7]    ; Sync:U1|R[4] ; u0|altpll_0|sd1|pll7|clk[0] ; u0|altpll_0|sd1|pll7|clk[0] ; 9.259        ; -0.062     ; 27.953     ;
; -18.762 ; Sync:U1|m[8]    ; Sync:U1|R[5] ; u0|altpll_0|sd1|pll7|clk[0] ; u0|altpll_0|sd1|pll7|clk[0] ; 9.259        ; -0.062     ; 27.952     ;
; -18.762 ; Sync:U1|m[7]    ; Sync:U1|R[1] ; u0|altpll_0|sd1|pll7|clk[0] ; u0|altpll_0|sd1|pll7|clk[0] ; 9.259        ; -0.062     ; 27.952     ;
; -18.761 ; Sync:U1|m[8]    ; Sync:U1|R[6] ; u0|altpll_0|sd1|pll7|clk[0] ; u0|altpll_0|sd1|pll7|clk[0] ; 9.259        ; -0.062     ; 27.951     ;
; -18.758 ; Sync:U1|m[7]    ; Sync:U1|R[5] ; u0|altpll_0|sd1|pll7|clk[0] ; u0|altpll_0|sd1|pll7|clk[0] ; 9.259        ; -0.062     ; 27.948     ;
; -18.757 ; Sync:U1|m[7]    ; Sync:U1|R[6] ; u0|altpll_0|sd1|pll7|clk[0] ; u0|altpll_0|sd1|pll7|clk[0] ; 9.259        ; -0.062     ; 27.947     ;
; -18.737 ; Sync:U1|m[2]    ; Sync:U1|R[2] ; u0|altpll_0|sd1|pll7|clk[0] ; u0|altpll_0|sd1|pll7|clk[0] ; 9.259        ; -0.062     ; 27.927     ;
; -18.736 ; Sync:U1|m[2]    ; Sync:U1|R[0] ; u0|altpll_0|sd1|pll7|clk[0] ; u0|altpll_0|sd1|pll7|clk[0] ; 9.259        ; -0.062     ; 27.926     ;
; -18.736 ; Sync:U1|m[2]    ; Sync:U1|R[3] ; u0|altpll_0|sd1|pll7|clk[0] ; u0|altpll_0|sd1|pll7|clk[0] ; 9.259        ; -0.062     ; 27.926     ;
; -18.736 ; Sync:U1|m[2]    ; Sync:U1|R[4] ; u0|altpll_0|sd1|pll7|clk[0] ; u0|altpll_0|sd1|pll7|clk[0] ; 9.259        ; -0.062     ; 27.926     ;
; -18.735 ; Sync:U1|m[2]    ; Sync:U1|R[1] ; u0|altpll_0|sd1|pll7|clk[0] ; u0|altpll_0|sd1|pll7|clk[0] ; 9.259        ; -0.062     ; 27.925     ;
; -18.731 ; Sync:U1|m[2]    ; Sync:U1|R[5] ; u0|altpll_0|sd1|pll7|clk[0] ; u0|altpll_0|sd1|pll7|clk[0] ; 9.259        ; -0.062     ; 27.921     ;
; -18.730 ; Sync:U1|m[2]    ; Sync:U1|R[6] ; u0|altpll_0|sd1|pll7|clk[0] ; u0|altpll_0|sd1|pll7|clk[0] ; 9.259        ; -0.062     ; 27.920     ;
; -18.717 ; Sync:U1|m[0]    ; Sync:U1|R[2] ; u0|altpll_0|sd1|pll7|clk[0] ; u0|altpll_0|sd1|pll7|clk[0] ; 9.259        ; -0.062     ; 27.907     ;
; -18.716 ; Sync:U1|m[0]    ; Sync:U1|R[0] ; u0|altpll_0|sd1|pll7|clk[0] ; u0|altpll_0|sd1|pll7|clk[0] ; 9.259        ; -0.062     ; 27.906     ;
; -18.716 ; Sync:U1|m[0]    ; Sync:U1|R[3] ; u0|altpll_0|sd1|pll7|clk[0] ; u0|altpll_0|sd1|pll7|clk[0] ; 9.259        ; -0.062     ; 27.906     ;
; -18.716 ; Sync:U1|m[0]    ; Sync:U1|R[4] ; u0|altpll_0|sd1|pll7|clk[0] ; u0|altpll_0|sd1|pll7|clk[0] ; 9.259        ; -0.062     ; 27.906     ;
; -18.715 ; Sync:U1|m[0]    ; Sync:U1|R[1] ; u0|altpll_0|sd1|pll7|clk[0] ; u0|altpll_0|sd1|pll7|clk[0] ; 9.259        ; -0.062     ; 27.905     ;
; -18.711 ; Sync:U1|m[0]    ; Sync:U1|R[5] ; u0|altpll_0|sd1|pll7|clk[0] ; u0|altpll_0|sd1|pll7|clk[0] ; 9.259        ; -0.062     ; 27.901     ;
; -18.710 ; Sync:U1|m[0]    ; Sync:U1|R[6] ; u0|altpll_0|sd1|pll7|clk[0] ; u0|altpll_0|sd1|pll7|clk[0] ; 9.259        ; -0.062     ; 27.900     ;
; -18.694 ; Sync:U1|m[5]    ; Sync:U1|R[2] ; u0|altpll_0|sd1|pll7|clk[0] ; u0|altpll_0|sd1|pll7|clk[0] ; 9.259        ; -0.092     ; 27.854     ;
; -18.693 ; Sync:U1|m[5]    ; Sync:U1|R[0] ; u0|altpll_0|sd1|pll7|clk[0] ; u0|altpll_0|sd1|pll7|clk[0] ; 9.259        ; -0.092     ; 27.853     ;
; -18.693 ; Sync:U1|m[5]    ; Sync:U1|R[3] ; u0|altpll_0|sd1|pll7|clk[0] ; u0|altpll_0|sd1|pll7|clk[0] ; 9.259        ; -0.092     ; 27.853     ;
; -18.693 ; Sync:U1|m[5]    ; Sync:U1|R[4] ; u0|altpll_0|sd1|pll7|clk[0] ; u0|altpll_0|sd1|pll7|clk[0] ; 9.259        ; -0.092     ; 27.853     ;
; -18.692 ; Sync:U1|m[5]    ; Sync:U1|R[1] ; u0|altpll_0|sd1|pll7|clk[0] ; u0|altpll_0|sd1|pll7|clk[0] ; 9.259        ; -0.092     ; 27.852     ;
; -18.688 ; Sync:U1|m[5]    ; Sync:U1|R[5] ; u0|altpll_0|sd1|pll7|clk[0] ; u0|altpll_0|sd1|pll7|clk[0] ; 9.259        ; -0.092     ; 27.848     ;
; -18.687 ; Sync:U1|m[5]    ; Sync:U1|R[6] ; u0|altpll_0|sd1|pll7|clk[0] ; u0|altpll_0|sd1|pll7|clk[0] ; 9.259        ; -0.092     ; 27.847     ;
; -18.661 ; Sync:U1|m[1]    ; Sync:U1|R[2] ; u0|altpll_0|sd1|pll7|clk[0] ; u0|altpll_0|sd1|pll7|clk[0] ; 9.259        ; -0.062     ; 27.851     ;
; -18.660 ; Sync:U1|m[1]    ; Sync:U1|R[0] ; u0|altpll_0|sd1|pll7|clk[0] ; u0|altpll_0|sd1|pll7|clk[0] ; 9.259        ; -0.062     ; 27.850     ;
; -18.660 ; Sync:U1|m[1]    ; Sync:U1|R[3] ; u0|altpll_0|sd1|pll7|clk[0] ; u0|altpll_0|sd1|pll7|clk[0] ; 9.259        ; -0.062     ; 27.850     ;
; -18.660 ; Sync:U1|m[1]    ; Sync:U1|R[4] ; u0|altpll_0|sd1|pll7|clk[0] ; u0|altpll_0|sd1|pll7|clk[0] ; 9.259        ; -0.062     ; 27.850     ;
; -18.659 ; Sync:U1|m[1]    ; Sync:U1|R[1] ; u0|altpll_0|sd1|pll7|clk[0] ; u0|altpll_0|sd1|pll7|clk[0] ; 9.259        ; -0.062     ; 27.849     ;
; -18.655 ; Sync:U1|m[1]    ; Sync:U1|R[5] ; u0|altpll_0|sd1|pll7|clk[0] ; u0|altpll_0|sd1|pll7|clk[0] ; 9.259        ; -0.062     ; 27.845     ;
; -18.654 ; Sync:U1|m[1]    ; Sync:U1|R[6] ; u0|altpll_0|sd1|pll7|clk[0] ; u0|altpll_0|sd1|pll7|clk[0] ; 9.259        ; -0.062     ; 27.844     ;
; -18.647 ; Sync:U1|m[10]   ; Sync:U1|R[2] ; u0|altpll_0|sd1|pll7|clk[0] ; u0|altpll_0|sd1|pll7|clk[0] ; 9.259        ; -0.062     ; 27.837     ;
; -18.646 ; Sync:U1|m[10]   ; Sync:U1|R[0] ; u0|altpll_0|sd1|pll7|clk[0] ; u0|altpll_0|sd1|pll7|clk[0] ; 9.259        ; -0.062     ; 27.836     ;
; -18.646 ; Sync:U1|m[10]   ; Sync:U1|R[3] ; u0|altpll_0|sd1|pll7|clk[0] ; u0|altpll_0|sd1|pll7|clk[0] ; 9.259        ; -0.062     ; 27.836     ;
; -18.646 ; Sync:U1|m[10]   ; Sync:U1|R[4] ; u0|altpll_0|sd1|pll7|clk[0] ; u0|altpll_0|sd1|pll7|clk[0] ; 9.259        ; -0.062     ; 27.836     ;
; -18.645 ; Sync:U1|m[10]   ; Sync:U1|R[1] ; u0|altpll_0|sd1|pll7|clk[0] ; u0|altpll_0|sd1|pll7|clk[0] ; 9.259        ; -0.062     ; 27.835     ;
; -18.641 ; Sync:U1|m[10]   ; Sync:U1|R[5] ; u0|altpll_0|sd1|pll7|clk[0] ; u0|altpll_0|sd1|pll7|clk[0] ; 9.259        ; -0.062     ; 27.831     ;
; -18.640 ; Sync:U1|m[10]   ; Sync:U1|R[6] ; u0|altpll_0|sd1|pll7|clk[0] ; u0|altpll_0|sd1|pll7|clk[0] ; 9.259        ; -0.062     ; 27.830     ;
; -18.567 ; Sync:U1|m[9]    ; Sync:U1|R[2] ; u0|altpll_0|sd1|pll7|clk[0] ; u0|altpll_0|sd1|pll7|clk[0] ; 9.259        ; -0.062     ; 27.757     ;
; -18.566 ; Sync:U1|m[9]    ; Sync:U1|R[0] ; u0|altpll_0|sd1|pll7|clk[0] ; u0|altpll_0|sd1|pll7|clk[0] ; 9.259        ; -0.062     ; 27.756     ;
; -18.566 ; Sync:U1|m[9]    ; Sync:U1|R[3] ; u0|altpll_0|sd1|pll7|clk[0] ; u0|altpll_0|sd1|pll7|clk[0] ; 9.259        ; -0.062     ; 27.756     ;
; -18.566 ; Sync:U1|m[9]    ; Sync:U1|R[4] ; u0|altpll_0|sd1|pll7|clk[0] ; u0|altpll_0|sd1|pll7|clk[0] ; 9.259        ; -0.062     ; 27.756     ;
; -18.565 ; Sync:U1|m[9]    ; Sync:U1|R[1] ; u0|altpll_0|sd1|pll7|clk[0] ; u0|altpll_0|sd1|pll7|clk[0] ; 9.259        ; -0.062     ; 27.755     ;
; -18.561 ; Sync:U1|m[9]    ; Sync:U1|R[5] ; u0|altpll_0|sd1|pll7|clk[0] ; u0|altpll_0|sd1|pll7|clk[0] ; 9.259        ; -0.062     ; 27.751     ;
; -18.560 ; Sync:U1|m[9]    ; Sync:U1|R[6] ; u0|altpll_0|sd1|pll7|clk[0] ; u0|altpll_0|sd1|pll7|clk[0] ; 9.259        ; -0.062     ; 27.750     ;
; -18.532 ; Sync:U1|m[6]    ; Sync:U1|R[2] ; u0|altpll_0|sd1|pll7|clk[0] ; u0|altpll_0|sd1|pll7|clk[0] ; 9.259        ; -0.062     ; 27.722     ;
; -18.531 ; Sync:U1|m[6]    ; Sync:U1|R[0] ; u0|altpll_0|sd1|pll7|clk[0] ; u0|altpll_0|sd1|pll7|clk[0] ; 9.259        ; -0.062     ; 27.721     ;
; -18.531 ; Sync:U1|m[6]    ; Sync:U1|R[3] ; u0|altpll_0|sd1|pll7|clk[0] ; u0|altpll_0|sd1|pll7|clk[0] ; 9.259        ; -0.062     ; 27.721     ;
; -18.531 ; Sync:U1|m[6]    ; Sync:U1|R[4] ; u0|altpll_0|sd1|pll7|clk[0] ; u0|altpll_0|sd1|pll7|clk[0] ; 9.259        ; -0.062     ; 27.721     ;
; -18.530 ; Sync:U1|m[6]    ; Sync:U1|R[1] ; u0|altpll_0|sd1|pll7|clk[0] ; u0|altpll_0|sd1|pll7|clk[0] ; 9.259        ; -0.062     ; 27.720     ;
; -18.526 ; Sync:U1|m[6]    ; Sync:U1|R[5] ; u0|altpll_0|sd1|pll7|clk[0] ; u0|altpll_0|sd1|pll7|clk[0] ; 9.259        ; -0.062     ; 27.716     ;
; -18.525 ; Sync:U1|m[6]    ; Sync:U1|R[6] ; u0|altpll_0|sd1|pll7|clk[0] ; u0|altpll_0|sd1|pll7|clk[0] ; 9.259        ; -0.062     ; 27.715     ;
; -18.494 ; Sync:U1|m[4]    ; Sync:U1|R[2] ; u0|altpll_0|sd1|pll7|clk[0] ; u0|altpll_0|sd1|pll7|clk[0] ; 9.259        ; -0.062     ; 27.684     ;
; -18.493 ; Sync:U1|m[4]    ; Sync:U1|R[0] ; u0|altpll_0|sd1|pll7|clk[0] ; u0|altpll_0|sd1|pll7|clk[0] ; 9.259        ; -0.062     ; 27.683     ;
; -18.493 ; Sync:U1|m[4]    ; Sync:U1|R[3] ; u0|altpll_0|sd1|pll7|clk[0] ; u0|altpll_0|sd1|pll7|clk[0] ; 9.259        ; -0.062     ; 27.683     ;
; -18.493 ; Sync:U1|m[4]    ; Sync:U1|R[4] ; u0|altpll_0|sd1|pll7|clk[0] ; u0|altpll_0|sd1|pll7|clk[0] ; 9.259        ; -0.062     ; 27.683     ;
; -18.492 ; Sync:U1|m[4]    ; Sync:U1|R[1] ; u0|altpll_0|sd1|pll7|clk[0] ; u0|altpll_0|sd1|pll7|clk[0] ; 9.259        ; -0.062     ; 27.682     ;
; -18.488 ; Sync:U1|m[4]    ; Sync:U1|R[5] ; u0|altpll_0|sd1|pll7|clk[0] ; u0|altpll_0|sd1|pll7|clk[0] ; 9.259        ; -0.062     ; 27.678     ;
; -18.487 ; Sync:U1|m[4]    ; Sync:U1|R[6] ; u0|altpll_0|sd1|pll7|clk[0] ; u0|altpll_0|sd1|pll7|clk[0] ; 9.259        ; -0.062     ; 27.677     ;
; -18.486 ; Sync:U1|m[8]    ; Sync:U1|R[7] ; u0|altpll_0|sd1|pll7|clk[0] ; u0|altpll_0|sd1|pll7|clk[0] ; 9.259        ; -0.062     ; 27.676     ;
; -18.482 ; Sync:U1|m[7]    ; Sync:U1|R[7] ; u0|altpll_0|sd1|pll7|clk[0] ; u0|altpll_0|sd1|pll7|clk[0] ; 9.259        ; -0.062     ; 27.672     ;
; -18.455 ; Sync:U1|m[2]    ; Sync:U1|R[7] ; u0|altpll_0|sd1|pll7|clk[0] ; u0|altpll_0|sd1|pll7|clk[0] ; 9.259        ; -0.062     ; 27.645     ;
; -18.435 ; Sync:U1|m[0]    ; Sync:U1|R[7] ; u0|altpll_0|sd1|pll7|clk[0] ; u0|altpll_0|sd1|pll7|clk[0] ; 9.259        ; -0.062     ; 27.625     ;
; -18.412 ; Sync:U1|m[5]    ; Sync:U1|R[7] ; u0|altpll_0|sd1|pll7|clk[0] ; u0|altpll_0|sd1|pll7|clk[0] ; 9.259        ; -0.092     ; 27.572     ;
; -18.379 ; Sync:U1|m[1]    ; Sync:U1|R[7] ; u0|altpll_0|sd1|pll7|clk[0] ; u0|altpll_0|sd1|pll7|clk[0] ; 9.259        ; -0.062     ; 27.569     ;
; -18.365 ; Sync:U1|m[10]   ; Sync:U1|R[7] ; u0|altpll_0|sd1|pll7|clk[0] ; u0|altpll_0|sd1|pll7|clk[0] ; 9.259        ; -0.062     ; 27.555     ;
; -18.285 ; Sync:U1|m[9]    ; Sync:U1|R[7] ; u0|altpll_0|sd1|pll7|clk[0] ; u0|altpll_0|sd1|pll7|clk[0] ; 9.259        ; -0.062     ; 27.475     ;
; -18.250 ; Sync:U1|m[6]    ; Sync:U1|R[7] ; u0|altpll_0|sd1|pll7|clk[0] ; u0|altpll_0|sd1|pll7|clk[0] ; 9.259        ; -0.062     ; 27.440     ;
; -18.212 ; Sync:U1|m[4]    ; Sync:U1|R[7] ; u0|altpll_0|sd1|pll7|clk[0] ; u0|altpll_0|sd1|pll7|clk[0] ; 9.259        ; -0.062     ; 27.402     ;
; -18.103 ; Sync:U1|m[3]    ; Sync:U1|R[2] ; u0|altpll_0|sd1|pll7|clk[0] ; u0|altpll_0|sd1|pll7|clk[0] ; 9.259        ; -0.062     ; 27.293     ;
; -18.102 ; Sync:U1|m[3]    ; Sync:U1|R[0] ; u0|altpll_0|sd1|pll7|clk[0] ; u0|altpll_0|sd1|pll7|clk[0] ; 9.259        ; -0.062     ; 27.292     ;
; -18.102 ; Sync:U1|m[3]    ; Sync:U1|R[3] ; u0|altpll_0|sd1|pll7|clk[0] ; u0|altpll_0|sd1|pll7|clk[0] ; 9.259        ; -0.062     ; 27.292     ;
; -18.102 ; Sync:U1|m[3]    ; Sync:U1|R[4] ; u0|altpll_0|sd1|pll7|clk[0] ; u0|altpll_0|sd1|pll7|clk[0] ; 9.259        ; -0.062     ; 27.292     ;
; -18.101 ; Sync:U1|m[3]    ; Sync:U1|R[1] ; u0|altpll_0|sd1|pll7|clk[0] ; u0|altpll_0|sd1|pll7|clk[0] ; 9.259        ; -0.062     ; 27.291     ;
; -18.097 ; Sync:U1|m[3]    ; Sync:U1|R[5] ; u0|altpll_0|sd1|pll7|clk[0] ; u0|altpll_0|sd1|pll7|clk[0] ; 9.259        ; -0.062     ; 27.287     ;
; -18.096 ; Sync:U1|m[3]    ; Sync:U1|R[6] ; u0|altpll_0|sd1|pll7|clk[0] ; u0|altpll_0|sd1|pll7|clk[0] ; 9.259        ; -0.062     ; 27.286     ;
; -17.821 ; Sync:U1|m[3]    ; Sync:U1|R[7] ; u0|altpll_0|sd1|pll7|clk[0] ; u0|altpll_0|sd1|pll7|clk[0] ; 9.259        ; -0.062     ; 27.011     ;
; -14.489 ; Sync:U1|VPOS[2] ; Sync:U1|R[2] ; u0|altpll_0|sd1|pll7|clk[0] ; u0|altpll_0|sd1|pll7|clk[0] ; 9.259        ; -0.066     ; 23.675     ;
; -14.488 ; Sync:U1|VPOS[2] ; Sync:U1|R[0] ; u0|altpll_0|sd1|pll7|clk[0] ; u0|altpll_0|sd1|pll7|clk[0] ; 9.259        ; -0.066     ; 23.674     ;
; -14.488 ; Sync:U1|VPOS[2] ; Sync:U1|R[3] ; u0|altpll_0|sd1|pll7|clk[0] ; u0|altpll_0|sd1|pll7|clk[0] ; 9.259        ; -0.066     ; 23.674     ;
; -14.488 ; Sync:U1|VPOS[2] ; Sync:U1|R[4] ; u0|altpll_0|sd1|pll7|clk[0] ; u0|altpll_0|sd1|pll7|clk[0] ; 9.259        ; -0.066     ; 23.674     ;
; -14.487 ; Sync:U1|VPOS[2] ; Sync:U1|R[1] ; u0|altpll_0|sd1|pll7|clk[0] ; u0|altpll_0|sd1|pll7|clk[0] ; 9.259        ; -0.066     ; 23.673     ;
; -14.483 ; Sync:U1|VPOS[2] ; Sync:U1|R[5] ; u0|altpll_0|sd1|pll7|clk[0] ; u0|altpll_0|sd1|pll7|clk[0] ; 9.259        ; -0.066     ; 23.669     ;
; -14.482 ; Sync:U1|VPOS[2] ; Sync:U1|R[6] ; u0|altpll_0|sd1|pll7|clk[0] ; u0|altpll_0|sd1|pll7|clk[0] ; 9.259        ; -0.066     ; 23.668     ;
; -14.470 ; Sync:U1|VPOS[1] ; Sync:U1|R[2] ; u0|altpll_0|sd1|pll7|clk[0] ; u0|altpll_0|sd1|pll7|clk[0] ; 9.259        ; -0.066     ; 23.656     ;
; -14.469 ; Sync:U1|VPOS[1] ; Sync:U1|R[0] ; u0|altpll_0|sd1|pll7|clk[0] ; u0|altpll_0|sd1|pll7|clk[0] ; 9.259        ; -0.066     ; 23.655     ;
; -14.469 ; Sync:U1|VPOS[1] ; Sync:U1|R[3] ; u0|altpll_0|sd1|pll7|clk[0] ; u0|altpll_0|sd1|pll7|clk[0] ; 9.259        ; -0.066     ; 23.655     ;
; -14.469 ; Sync:U1|VPOS[1] ; Sync:U1|R[4] ; u0|altpll_0|sd1|pll7|clk[0] ; u0|altpll_0|sd1|pll7|clk[0] ; 9.259        ; -0.066     ; 23.655     ;
; -14.468 ; Sync:U1|VPOS[1] ; Sync:U1|R[1] ; u0|altpll_0|sd1|pll7|clk[0] ; u0|altpll_0|sd1|pll7|clk[0] ; 9.259        ; -0.066     ; 23.654     ;
+---------+-----------------+--------------+-----------------------------+-----------------------------+--------------+------------+------------+


+--------------------------------------------------------------------------------------------------------------------------------------------------------+
; Fast 1000mV 0C Model Setup: 'Keyboard:Kb|data_reg[0]'                                                                                                  ;
+--------+--------------------------+-----------------------+-------------------------+-------------------------+--------------+------------+------------+
; Slack  ; From Node                ; To Node               ; Launch Clock            ; Latch Clock             ; Relationship ; Clock Skew ; Data Delay ;
+--------+--------------------------+-----------------------+-------------------------+-------------------------+--------------+------------+------------+
; -5.189 ; Keyboard:Kb|data_reg[13] ; Sync:U1|CONIC_TYPE[0] ; CLK_50                  ; Keyboard:Kb|data_reg[0] ; 0.500        ; 1.068      ; 5.994      ;
; -5.144 ; Keyboard:Kb|data_reg[14] ; Sync:U1|CONIC_TYPE[0] ; CLK_50                  ; Keyboard:Kb|data_reg[0] ; 0.500        ; 1.068      ; 5.949      ;
; -5.127 ; Keyboard:Kb|data_reg[6]  ; Sync:U1|CONIC_TYPE[0] ; CLK_50                  ; Keyboard:Kb|data_reg[0] ; 0.500        ; 1.068      ; 5.932      ;
; -5.100 ; Keyboard:Kb|data_reg[8]  ; Sync:U1|CONIC_TYPE[0] ; CLK_50                  ; Keyboard:Kb|data_reg[0] ; 0.500        ; 1.074      ; 5.911      ;
; -5.097 ; Keyboard:Kb|data_reg[10] ; Sync:U1|CONIC_TYPE[0] ; CLK_50                  ; Keyboard:Kb|data_reg[0] ; 0.500        ; 1.074      ; 5.908      ;
; -5.080 ; Keyboard:Kb|data_reg[5]  ; Sync:U1|CONIC_TYPE[0] ; CLK_50                  ; Keyboard:Kb|data_reg[0] ; 0.500        ; 1.074      ; 5.891      ;
; -5.014 ; Keyboard:Kb|data_reg[15] ; Sync:U1|CONIC_TYPE[0] ; CLK_50                  ; Keyboard:Kb|data_reg[0] ; 0.500        ; 1.068      ; 5.819      ;
; -4.985 ; Keyboard:Kb|data_reg[13] ; Sync:U1|CONIC_TYPE[2] ; CLK_50                  ; Keyboard:Kb|data_reg[0] ; 0.500        ; 0.930      ; 5.750      ;
; -4.976 ; Keyboard:Kb|data_reg[11] ; Sync:U1|CONIC_TYPE[0] ; CLK_50                  ; Keyboard:Kb|data_reg[0] ; 0.500        ; 1.074      ; 5.787      ;
; -4.968 ; Keyboard:Kb|data_reg[2]  ; Sync:U1|CONIC_TYPE[0] ; CLK_50                  ; Keyboard:Kb|data_reg[0] ; 0.500        ; 1.112      ; 5.817      ;
; -4.938 ; Keyboard:Kb|data_reg[7]  ; Sync:U1|CONIC_TYPE[0] ; CLK_50                  ; Keyboard:Kb|data_reg[0] ; 0.500        ; 1.068      ; 5.743      ;
; -4.913 ; Keyboard:Kb|data_reg[14] ; Sync:U1|CONIC_TYPE[2] ; CLK_50                  ; Keyboard:Kb|data_reg[0] ; 0.500        ; 0.930      ; 5.678      ;
; -4.894 ; Keyboard:Kb|data_reg[9]  ; Sync:U1|CONIC_TYPE[0] ; CLK_50                  ; Keyboard:Kb|data_reg[0] ; 0.500        ; 1.074      ; 5.705      ;
; -4.892 ; Keyboard:Kb|data_reg[6]  ; Sync:U1|CONIC_TYPE[2] ; CLK_50                  ; Keyboard:Kb|data_reg[0] ; 0.500        ; 0.930      ; 5.657      ;
; -4.868 ; Keyboard:Kb|data_reg[8]  ; Sync:U1|CONIC_TYPE[2] ; CLK_50                  ; Keyboard:Kb|data_reg[0] ; 0.500        ; 0.936      ; 5.639      ;
; -4.862 ; Keyboard:Kb|data_reg[10] ; Sync:U1|CONIC_TYPE[2] ; CLK_50                  ; Keyboard:Kb|data_reg[0] ; 0.500        ; 0.936      ; 5.633      ;
; -4.808 ; Keyboard:Kb|data_reg[13] ; Sync:U1|CONIC_TYPE[0] ; CLK_50                  ; Keyboard:Kb|data_reg[0] ; 1.000        ; 0.949      ; 5.994      ;
; -4.785 ; Keyboard:Kb|data_reg[15] ; Sync:U1|CONIC_TYPE[2] ; CLK_50                  ; Keyboard:Kb|data_reg[0] ; 0.500        ; 0.930      ; 5.550      ;
; -4.763 ; Keyboard:Kb|data_reg[14] ; Sync:U1|CONIC_TYPE[0] ; CLK_50                  ; Keyboard:Kb|data_reg[0] ; 1.000        ; 0.949      ; 5.949      ;
; -4.754 ; Keyboard:Kb|data_reg[14] ; Sync:U1|CONIC_TYPE[1] ; CLK_50                  ; Keyboard:Kb|data_reg[0] ; 0.500        ; 0.950      ; 5.562      ;
; -4.746 ; Keyboard:Kb|data_reg[6]  ; Sync:U1|CONIC_TYPE[0] ; CLK_50                  ; Keyboard:Kb|data_reg[0] ; 1.000        ; 0.949      ; 5.932      ;
; -4.743 ; Keyboard:Kb|data_reg[11] ; Sync:U1|CONIC_TYPE[2] ; CLK_50                  ; Keyboard:Kb|data_reg[0] ; 0.500        ; 0.936      ; 5.514      ;
; -4.733 ; Keyboard:Kb|data_reg[6]  ; Sync:U1|CONIC_TYPE[1] ; CLK_50                  ; Keyboard:Kb|data_reg[0] ; 0.500        ; 0.950      ; 5.541      ;
; -4.719 ; Keyboard:Kb|data_reg[8]  ; Sync:U1|CONIC_TYPE[0] ; CLK_50                  ; Keyboard:Kb|data_reg[0] ; 1.000        ; 0.955      ; 5.911      ;
; -4.716 ; Keyboard:Kb|data_reg[10] ; Sync:U1|CONIC_TYPE[0] ; CLK_50                  ; Keyboard:Kb|data_reg[0] ; 1.000        ; 0.955      ; 5.908      ;
; -4.712 ; Keyboard:Kb|data_reg[7]  ; Sync:U1|CONIC_TYPE[2] ; CLK_50                  ; Keyboard:Kb|data_reg[0] ; 0.500        ; 0.930      ; 5.477      ;
; -4.699 ; Keyboard:Kb|data_reg[5]  ; Sync:U1|CONIC_TYPE[0] ; CLK_50                  ; Keyboard:Kb|data_reg[0] ; 1.000        ; 0.955      ; 5.891      ;
; -4.696 ; Keyboard:Kb|data_reg[5]  ; Sync:U1|CONIC_TYPE[2] ; CLK_50                  ; Keyboard:Kb|data_reg[0] ; 0.500        ; 0.936      ; 5.467      ;
; -4.686 ; Keyboard:Kb|data_reg[13] ; Sync:U1|CONIC_TYPE[1] ; CLK_50                  ; Keyboard:Kb|data_reg[0] ; 0.500        ; 0.950      ; 5.494      ;
; -4.671 ; Keyboard:Kb|data_reg[4]  ; Sync:U1|CONIC_TYPE[0] ; CLK_50                  ; Keyboard:Kb|data_reg[0] ; 0.500        ; 1.112      ; 5.520      ;
; -4.667 ; Keyboard:Kb|data_reg[1]  ; Sync:U1|CONIC_TYPE[0] ; CLK_50                  ; Keyboard:Kb|data_reg[0] ; 0.500        ; 1.112      ; 5.516      ;
; -4.664 ; Keyboard:Kb|data_reg[9]  ; Sync:U1|CONIC_TYPE[2] ; CLK_50                  ; Keyboard:Kb|data_reg[0] ; 0.500        ; 0.936      ; 5.435      ;
; -4.633 ; Keyboard:Kb|data_reg[15] ; Sync:U1|CONIC_TYPE[0] ; CLK_50                  ; Keyboard:Kb|data_reg[0] ; 1.000        ; 0.949      ; 5.819      ;
; -4.626 ; Keyboard:Kb|data_reg[15] ; Sync:U1|CONIC_TYPE[1] ; CLK_50                  ; Keyboard:Kb|data_reg[0] ; 0.500        ; 0.950      ; 5.434      ;
; -4.620 ; Keyboard:Kb|data_reg[2]  ; Sync:U1|CONIC_TYPE[2] ; CLK_50                  ; Keyboard:Kb|data_reg[0] ; 0.500        ; 0.974      ; 5.429      ;
; -4.608 ; Keyboard:Kb|data_reg[3]  ; Sync:U1|CONIC_TYPE[0] ; CLK_50                  ; Keyboard:Kb|data_reg[0] ; 0.500        ; 1.112      ; 5.457      ;
; -4.604 ; Keyboard:Kb|data_reg[13] ; Sync:U1|CONIC_TYPE[2] ; CLK_50                  ; Keyboard:Kb|data_reg[0] ; 1.000        ; 0.811      ; 5.750      ;
; -4.595 ; Keyboard:Kb|data_reg[11] ; Sync:U1|CONIC_TYPE[0] ; CLK_50                  ; Keyboard:Kb|data_reg[0] ; 1.000        ; 0.955      ; 5.787      ;
; -4.587 ; Keyboard:Kb|data_reg[2]  ; Sync:U1|CONIC_TYPE[0] ; CLK_50                  ; Keyboard:Kb|data_reg[0] ; 1.000        ; 0.993      ; 5.817      ;
; -4.558 ; Keyboard:Kb|data_reg[8]  ; Sync:U1|CONIC_TYPE[1] ; CLK_50                  ; Keyboard:Kb|data_reg[0] ; 0.500        ; 0.956      ; 5.372      ;
; -4.557 ; Keyboard:Kb|data_reg[7]  ; Sync:U1|CONIC_TYPE[0] ; CLK_50                  ; Keyboard:Kb|data_reg[0] ; 1.000        ; 0.949      ; 5.743      ;
; -4.553 ; Keyboard:Kb|data_reg[7]  ; Sync:U1|CONIC_TYPE[1] ; CLK_50                  ; Keyboard:Kb|data_reg[0] ; 0.500        ; 0.950      ; 5.361      ;
; -4.552 ; Keyboard:Kb|data_reg[10] ; Sync:U1|CONIC_TYPE[1] ; CLK_50                  ; Keyboard:Kb|data_reg[0] ; 0.500        ; 0.956      ; 5.366      ;
; -4.532 ; Keyboard:Kb|data_reg[14] ; Sync:U1|CONIC_TYPE[2] ; CLK_50                  ; Keyboard:Kb|data_reg[0] ; 1.000        ; 0.811      ; 5.678      ;
; -4.513 ; Keyboard:Kb|data_reg[9]  ; Sync:U1|CONIC_TYPE[0] ; CLK_50                  ; Keyboard:Kb|data_reg[0] ; 1.000        ; 0.955      ; 5.705      ;
; -4.513 ; Keyboard:Kb|data_reg[12] ; Sync:U1|CONIC_TYPE[0] ; CLK_50                  ; Keyboard:Kb|data_reg[0] ; 0.500        ; 1.112      ; 5.362      ;
; -4.511 ; Keyboard:Kb|data_reg[6]  ; Sync:U1|CONIC_TYPE[2] ; CLK_50                  ; Keyboard:Kb|data_reg[0] ; 1.000        ; 0.811      ; 5.657      ;
; -4.487 ; Keyboard:Kb|data_reg[8]  ; Sync:U1|CONIC_TYPE[2] ; CLK_50                  ; Keyboard:Kb|data_reg[0] ; 1.000        ; 0.817      ; 5.639      ;
; -4.481 ; Keyboard:Kb|data_reg[10] ; Sync:U1|CONIC_TYPE[2] ; CLK_50                  ; Keyboard:Kb|data_reg[0] ; 1.000        ; 0.817      ; 5.633      ;
; -4.480 ; Keyboard:Kb|data_reg[1]  ; Sync:U1|CONIC_TYPE[2] ; CLK_50                  ; Keyboard:Kb|data_reg[0] ; 0.500        ; 0.974      ; 5.289      ;
; -4.474 ; Keyboard:Kb|data_reg[4]  ; Sync:U1|CONIC_TYPE[2] ; CLK_50                  ; Keyboard:Kb|data_reg[0] ; 0.500        ; 0.974      ; 5.283      ;
; -4.436 ; Keyboard:Kb|data_reg[12] ; Sync:U1|CONIC_TYPE[2] ; CLK_50                  ; Keyboard:Kb|data_reg[0] ; 0.500        ; 0.974      ; 5.245      ;
; -4.433 ; Keyboard:Kb|data_reg[11] ; Sync:U1|CONIC_TYPE[1] ; CLK_50                  ; Keyboard:Kb|data_reg[0] ; 0.500        ; 0.956      ; 5.247      ;
; -4.404 ; Keyboard:Kb|data_reg[15] ; Sync:U1|CONIC_TYPE[2] ; CLK_50                  ; Keyboard:Kb|data_reg[0] ; 1.000        ; 0.811      ; 5.550      ;
; -4.401 ; Keyboard:Kb|data_reg[3]  ; Sync:U1|CONIC_TYPE[2] ; CLK_50                  ; Keyboard:Kb|data_reg[0] ; 0.500        ; 0.974      ; 5.210      ;
; -4.373 ; Keyboard:Kb|data_reg[14] ; Sync:U1|CONIC_TYPE[1] ; CLK_50                  ; Keyboard:Kb|data_reg[0] ; 1.000        ; 0.831      ; 5.562      ;
; -4.362 ; Keyboard:Kb|data_reg[11] ; Sync:U1|CONIC_TYPE[2] ; CLK_50                  ; Keyboard:Kb|data_reg[0] ; 1.000        ; 0.817      ; 5.514      ;
; -4.354 ; Keyboard:Kb|data_reg[9]  ; Sync:U1|CONIC_TYPE[1] ; CLK_50                  ; Keyboard:Kb|data_reg[0] ; 0.500        ; 0.956      ; 5.168      ;
; -4.352 ; Keyboard:Kb|data_reg[6]  ; Sync:U1|CONIC_TYPE[1] ; CLK_50                  ; Keyboard:Kb|data_reg[0] ; 1.000        ; 0.831      ; 5.541      ;
; -4.331 ; Keyboard:Kb|data_reg[7]  ; Sync:U1|CONIC_TYPE[2] ; CLK_50                  ; Keyboard:Kb|data_reg[0] ; 1.000        ; 0.811      ; 5.477      ;
; -4.321 ; Keyboard:Kb|data_reg[2]  ; Sync:U1|CONIC_TYPE[1] ; CLK_50                  ; Keyboard:Kb|data_reg[0] ; 0.500        ; 0.994      ; 5.173      ;
; -4.315 ; Keyboard:Kb|data_reg[5]  ; Sync:U1|CONIC_TYPE[2] ; CLK_50                  ; Keyboard:Kb|data_reg[0] ; 1.000        ; 0.817      ; 5.467      ;
; -4.305 ; Keyboard:Kb|data_reg[13] ; Sync:U1|CONIC_TYPE[1] ; CLK_50                  ; Keyboard:Kb|data_reg[0] ; 1.000        ; 0.831      ; 5.494      ;
; -4.293 ; Keyboard:Kb|data_reg[12] ; Sync:U1|CONIC_TYPE[1] ; CLK_50                  ; Keyboard:Kb|data_reg[0] ; 0.500        ; 0.994      ; 5.145      ;
; -4.291 ; Keyboard:Kb|data_reg[1]  ; Sync:U1|CONIC_TYPE[1] ; CLK_50                  ; Keyboard:Kb|data_reg[0] ; 0.500        ; 0.994      ; 5.143      ;
; -4.290 ; Keyboard:Kb|data_reg[4]  ; Sync:U1|CONIC_TYPE[0] ; CLK_50                  ; Keyboard:Kb|data_reg[0] ; 1.000        ; 0.993      ; 5.520      ;
; -4.286 ; Keyboard:Kb|data_reg[1]  ; Sync:U1|CONIC_TYPE[0] ; CLK_50                  ; Keyboard:Kb|data_reg[0] ; 1.000        ; 0.993      ; 5.516      ;
; -4.283 ; Keyboard:Kb|data_reg[9]  ; Sync:U1|CONIC_TYPE[2] ; CLK_50                  ; Keyboard:Kb|data_reg[0] ; 1.000        ; 0.817      ; 5.435      ;
; -4.245 ; Keyboard:Kb|data_reg[15] ; Sync:U1|CONIC_TYPE[1] ; CLK_50                  ; Keyboard:Kb|data_reg[0] ; 1.000        ; 0.831      ; 5.434      ;
; -4.239 ; Keyboard:Kb|data_reg[2]  ; Sync:U1|CONIC_TYPE[2] ; CLK_50                  ; Keyboard:Kb|data_reg[0] ; 1.000        ; 0.855      ; 5.429      ;
; -4.227 ; Keyboard:Kb|data_reg[3]  ; Sync:U1|CONIC_TYPE[0] ; CLK_50                  ; Keyboard:Kb|data_reg[0] ; 1.000        ; 0.993      ; 5.457      ;
; -4.177 ; Keyboard:Kb|data_reg[8]  ; Sync:U1|CONIC_TYPE[1] ; CLK_50                  ; Keyboard:Kb|data_reg[0] ; 1.000        ; 0.837      ; 5.372      ;
; -4.172 ; Keyboard:Kb|data_reg[7]  ; Sync:U1|CONIC_TYPE[1] ; CLK_50                  ; Keyboard:Kb|data_reg[0] ; 1.000        ; 0.831      ; 5.361      ;
; -4.171 ; Keyboard:Kb|data_reg[10] ; Sync:U1|CONIC_TYPE[1] ; CLK_50                  ; Keyboard:Kb|data_reg[0] ; 1.000        ; 0.837      ; 5.366      ;
; -4.132 ; Keyboard:Kb|data_reg[12] ; Sync:U1|CONIC_TYPE[0] ; CLK_50                  ; Keyboard:Kb|data_reg[0] ; 1.000        ; 0.993      ; 5.362      ;
; -4.099 ; Keyboard:Kb|data_reg[1]  ; Sync:U1|CONIC_TYPE[2] ; CLK_50                  ; Keyboard:Kb|data_reg[0] ; 1.000        ; 0.855      ; 5.289      ;
; -4.093 ; Keyboard:Kb|data_reg[4]  ; Sync:U1|CONIC_TYPE[2] ; CLK_50                  ; Keyboard:Kb|data_reg[0] ; 1.000        ; 0.855      ; 5.283      ;
; -4.066 ; Keyboard:Kb|data_reg[5]  ; Sync:U1|CONIC_TYPE[1] ; CLK_50                  ; Keyboard:Kb|data_reg[0] ; 0.500        ; 0.956      ; 4.880      ;
; -4.055 ; Keyboard:Kb|data_reg[12] ; Sync:U1|CONIC_TYPE[2] ; CLK_50                  ; Keyboard:Kb|data_reg[0] ; 1.000        ; 0.855      ; 5.245      ;
; -4.052 ; Keyboard:Kb|data_reg[11] ; Sync:U1|CONIC_TYPE[1] ; CLK_50                  ; Keyboard:Kb|data_reg[0] ; 1.000        ; 0.837      ; 5.247      ;
; -4.020 ; Keyboard:Kb|data_reg[3]  ; Sync:U1|CONIC_TYPE[2] ; CLK_50                  ; Keyboard:Kb|data_reg[0] ; 1.000        ; 0.855      ; 5.210      ;
; -3.973 ; Keyboard:Kb|data_reg[9]  ; Sync:U1|CONIC_TYPE[1] ; CLK_50                  ; Keyboard:Kb|data_reg[0] ; 1.000        ; 0.837      ; 5.168      ;
; -3.940 ; Keyboard:Kb|data_reg[2]  ; Sync:U1|CONIC_TYPE[1] ; CLK_50                  ; Keyboard:Kb|data_reg[0] ; 1.000        ; 0.875      ; 5.173      ;
; -3.912 ; Keyboard:Kb|data_reg[12] ; Sync:U1|CONIC_TYPE[1] ; CLK_50                  ; Keyboard:Kb|data_reg[0] ; 1.000        ; 0.875      ; 5.145      ;
; -3.910 ; Keyboard:Kb|data_reg[1]  ; Sync:U1|CONIC_TYPE[1] ; CLK_50                  ; Keyboard:Kb|data_reg[0] ; 1.000        ; 0.875      ; 5.143      ;
; -3.842 ; Keyboard:Kb|data_reg[3]  ; Sync:U1|CONIC_TYPE[1] ; CLK_50                  ; Keyboard:Kb|data_reg[0] ; 0.500        ; 0.994      ; 4.694      ;
; -3.685 ; Keyboard:Kb|data_reg[5]  ; Sync:U1|CONIC_TYPE[1] ; CLK_50                  ; Keyboard:Kb|data_reg[0] ; 1.000        ; 0.837      ; 4.880      ;
; -3.536 ; Keyboard:Kb|data_reg[4]  ; Sync:U1|CONIC_TYPE[1] ; CLK_50                  ; Keyboard:Kb|data_reg[0] ; 0.500        ; 0.994      ; 4.388      ;
; -3.461 ; Keyboard:Kb|data_reg[3]  ; Sync:U1|CONIC_TYPE[1] ; CLK_50                  ; Keyboard:Kb|data_reg[0] ; 1.000        ; 0.875      ; 4.694      ;
; -3.155 ; Keyboard:Kb|data_reg[4]  ; Sync:U1|CONIC_TYPE[1] ; CLK_50                  ; Keyboard:Kb|data_reg[0] ; 1.000        ; 0.875      ; 4.388      ;
; -1.758 ; Keyboard:Kb|data_reg[0]  ; Sync:U1|CONIC_TYPE[0] ; Keyboard:Kb|data_reg[0] ; Keyboard:Kb|data_reg[0] ; 0.500        ; 3.521      ; 5.190      ;
; -1.633 ; Keyboard:Kb|data_reg[0]  ; Sync:U1|CONIC_TYPE[2] ; Keyboard:Kb|data_reg[0] ; Keyboard:Kb|data_reg[0] ; 0.500        ; 3.383      ; 5.025      ;
; -1.490 ; Keyboard:Kb|data_reg[0]  ; Sync:U1|CONIC_TYPE[1] ; Keyboard:Kb|data_reg[0] ; Keyboard:Kb|data_reg[0] ; 0.500        ; 3.403      ; 4.925      ;
; -1.311 ; Keyboard:Kb|data_reg[0]  ; Sync:U1|CONIC_TYPE[2] ; Keyboard:Kb|data_reg[0] ; Keyboard:Kb|data_reg[0] ; 0.500        ; 3.502      ; 4.822      ;
; -1.279 ; Keyboard:Kb|data_reg[0]  ; Sync:U1|CONIC_TYPE[0] ; Keyboard:Kb|data_reg[0] ; Keyboard:Kb|data_reg[0] ; 0.500        ; 3.640      ; 4.830      ;
; -1.139 ; Keyboard:Kb|data_reg[0]  ; Sync:U1|CONIC_TYPE[0] ; Keyboard:Kb|data_reg[0] ; Keyboard:Kb|data_reg[0] ; 1.000        ; 3.640      ; 5.190      ;
; -1.104 ; Keyboard:Kb|data_reg[0]  ; Sync:U1|CONIC_TYPE[1] ; Keyboard:Kb|data_reg[0] ; Keyboard:Kb|data_reg[0] ; 0.500        ; 3.522      ; 4.658      ;
; -1.014 ; Keyboard:Kb|data_reg[0]  ; Sync:U1|CONIC_TYPE[2] ; Keyboard:Kb|data_reg[0] ; Keyboard:Kb|data_reg[0] ; 1.000        ; 3.502      ; 5.025      ;
; -0.930 ; Keyboard:Kb|data_reg[0]  ; Sync:U1|CONIC_TYPE[2] ; Keyboard:Kb|data_reg[0] ; Keyboard:Kb|data_reg[0] ; 1.000        ; 3.383      ; 4.822      ;
; -0.898 ; Keyboard:Kb|data_reg[0]  ; Sync:U1|CONIC_TYPE[0] ; Keyboard:Kb|data_reg[0] ; Keyboard:Kb|data_reg[0] ; 1.000        ; 3.521      ; 4.830      ;
+--------+--------------------------+-----------------------+-------------------------+-------------------------+--------------+------------+------------+


+----------------------------------------------------------------------------------------------------------------------------------------------------------------+
; Fast 1000mV 0C Model Setup: 'LCD:lcdCtrl|CLK_DLY'                                                                                                              ;
+--------+--------------------------------+-----------------------------+-------------------------+---------------------+--------------+------------+------------+
; Slack  ; From Node                      ; To Node                     ; Launch Clock            ; Latch Clock         ; Relationship ; Clock Skew ; Data Delay ;
+--------+--------------------------------+-----------------------------+-------------------------+---------------------+--------------+------------+------------+
; -3.622 ; Sync:U1|CONIC_TYPE[1]          ; LCD:lcdCtrl|Data[0]         ; Keyboard:Kb|data_reg[0] ; LCD:lcdCtrl|CLK_DLY ; 0.500        ; -1.818     ; 2.297      ;
; -3.571 ; Sync:U1|CONIC_TYPE[1]          ; LCD:lcdCtrl|Data[1]         ; Keyboard:Kb|data_reg[0] ; LCD:lcdCtrl|CLK_DLY ; 0.500        ; -1.818     ; 2.246      ;
; -3.567 ; Sync:U1|CONIC_TYPE[0]          ; LCD:lcdCtrl|Data[0]         ; Keyboard:Kb|data_reg[0] ; LCD:lcdCtrl|CLK_DLY ; 0.500        ; -1.941     ; 2.119      ;
; -3.564 ; Sync:U1|CONIC_TYPE[0]          ; LCD:lcdCtrl|Data[1]         ; Keyboard:Kb|data_reg[0] ; LCD:lcdCtrl|CLK_DLY ; 0.500        ; -1.941     ; 2.116      ;
; -3.484 ; Sync:U1|CONIC_TYPE[0]          ; LCD:lcdCtrl|Data[4]         ; Keyboard:Kb|data_reg[0] ; LCD:lcdCtrl|CLK_DLY ; 0.500        ; -1.939     ; 2.038      ;
; -3.466 ; Sync:U1|CONIC_TYPE[2]          ; LCD:lcdCtrl|Data[1]         ; Keyboard:Kb|data_reg[0] ; LCD:lcdCtrl|CLK_DLY ; 0.500        ; -1.797     ; 2.162      ;
; -3.413 ; Sync:U1|CONIC_TYPE[1]          ; LCD:lcdCtrl|Data[2]         ; Keyboard:Kb|data_reg[0] ; LCD:lcdCtrl|CLK_DLY ; 0.500        ; -1.819     ; 2.087      ;
; -3.412 ; Sync:U1|CONIC_TYPE[0]          ; LCD:lcdCtrl|Data[7]         ; Keyboard:Kb|data_reg[0] ; LCD:lcdCtrl|CLK_DLY ; 0.500        ; -1.939     ; 1.966      ;
; -3.404 ; Sync:U1|CONIC_TYPE[0]          ; LCD:lcdCtrl|Data[3]         ; Keyboard:Kb|data_reg[0] ; LCD:lcdCtrl|CLK_DLY ; 0.500        ; -1.944     ; 1.953      ;
; -3.357 ; Sync:U1|CONIC_TYPE[2]          ; LCD:lcdCtrl|Data[2]         ; Keyboard:Kb|data_reg[0] ; LCD:lcdCtrl|CLK_DLY ; 0.500        ; -1.798     ; 2.052      ;
; -3.338 ; Sync:U1|CONIC_TYPE[2]          ; LCD:lcdCtrl|Data[7]         ; Keyboard:Kb|data_reg[0] ; LCD:lcdCtrl|CLK_DLY ; 0.500        ; -1.795     ; 2.036      ;
; -3.337 ; Sync:U1|CONIC_TYPE[0]          ; LCD:lcdCtrl|Data[2]         ; Keyboard:Kb|data_reg[0] ; LCD:lcdCtrl|CLK_DLY ; 0.500        ; -1.942     ; 1.888      ;
; -3.334 ; Sync:U1|CONIC_TYPE[2]          ; LCD:lcdCtrl|Data[0]         ; Keyboard:Kb|data_reg[0] ; LCD:lcdCtrl|CLK_DLY ; 0.500        ; -1.797     ; 2.030      ;
; -3.322 ; Sync:U1|CONIC_TYPE[1]          ; LCD:lcdCtrl|Data[3]         ; Keyboard:Kb|data_reg[0] ; LCD:lcdCtrl|CLK_DLY ; 0.500        ; -1.821     ; 1.994      ;
; -3.248 ; Sync:U1|CONIC_TYPE[1]          ; LCD:lcdCtrl|Data[7]         ; Keyboard:Kb|data_reg[0] ; LCD:lcdCtrl|CLK_DLY ; 0.500        ; -1.816     ; 1.925      ;
; -3.247 ; Sync:U1|CONIC_TYPE[0]          ; LCD:lcdCtrl|Data[5]         ; Keyboard:Kb|data_reg[0] ; LCD:lcdCtrl|CLK_DLY ; 0.500        ; -1.939     ; 1.801      ;
; -3.237 ; Sync:U1|CONIC_TYPE[2]          ; LCD:lcdCtrl|Data[4]         ; Keyboard:Kb|data_reg[0] ; LCD:lcdCtrl|CLK_DLY ; 0.500        ; -1.795     ; 1.935      ;
; -3.201 ; Sync:U1|CONIC_TYPE[2]          ; LCD:lcdCtrl|Data[3]         ; Keyboard:Kb|data_reg[0] ; LCD:lcdCtrl|CLK_DLY ; 0.500        ; -1.800     ; 1.894      ;
; -3.192 ; Sync:U1|CONIC_TYPE[1]          ; LCD:lcdCtrl|Data[4]         ; Keyboard:Kb|data_reg[0] ; LCD:lcdCtrl|CLK_DLY ; 0.500        ; -1.816     ; 1.869      ;
; -3.173 ; Sync:U1|CONIC_TYPE[1]          ; LCD:lcdCtrl|Data[0]         ; Keyboard:Kb|data_reg[0] ; LCD:lcdCtrl|CLK_DLY ; 1.000        ; -1.869     ; 2.297      ;
; -3.122 ; Sync:U1|CONIC_TYPE[1]          ; LCD:lcdCtrl|Data[1]         ; Keyboard:Kb|data_reg[0] ; LCD:lcdCtrl|CLK_DLY ; 1.000        ; -1.869     ; 2.246      ;
; -3.118 ; Sync:U1|CONIC_TYPE[0]          ; LCD:lcdCtrl|Data[0]         ; Keyboard:Kb|data_reg[0] ; LCD:lcdCtrl|CLK_DLY ; 1.000        ; -1.992     ; 2.119      ;
; -3.115 ; Sync:U1|CONIC_TYPE[0]          ; LCD:lcdCtrl|Data[1]         ; Keyboard:Kb|data_reg[0] ; LCD:lcdCtrl|CLK_DLY ; 1.000        ; -1.992     ; 2.116      ;
; -3.035 ; Sync:U1|CONIC_TYPE[0]          ; LCD:lcdCtrl|Data[4]         ; Keyboard:Kb|data_reg[0] ; LCD:lcdCtrl|CLK_DLY ; 1.000        ; -1.990     ; 2.038      ;
; -3.017 ; Sync:U1|CONIC_TYPE[2]          ; LCD:lcdCtrl|Data[1]         ; Keyboard:Kb|data_reg[0] ; LCD:lcdCtrl|CLK_DLY ; 1.000        ; -1.848     ; 2.162      ;
; -3.009 ; Sync:U1|CONIC_TYPE[1]          ; LCD:lcdCtrl|Data[5]         ; Keyboard:Kb|data_reg[0] ; LCD:lcdCtrl|CLK_DLY ; 0.500        ; -1.816     ; 1.686      ;
; -2.964 ; Sync:U1|CONIC_TYPE[1]          ; LCD:lcdCtrl|Data[2]         ; Keyboard:Kb|data_reg[0] ; LCD:lcdCtrl|CLK_DLY ; 1.000        ; -1.870     ; 2.087      ;
; -2.963 ; Sync:U1|CONIC_TYPE[0]          ; LCD:lcdCtrl|Data[7]         ; Keyboard:Kb|data_reg[0] ; LCD:lcdCtrl|CLK_DLY ; 1.000        ; -1.990     ; 1.966      ;
; -2.955 ; Sync:U1|CONIC_TYPE[0]          ; LCD:lcdCtrl|Data[3]         ; Keyboard:Kb|data_reg[0] ; LCD:lcdCtrl|CLK_DLY ; 1.000        ; -1.995     ; 1.953      ;
; -2.908 ; Sync:U1|CONIC_TYPE[2]          ; LCD:lcdCtrl|Data[2]         ; Keyboard:Kb|data_reg[0] ; LCD:lcdCtrl|CLK_DLY ; 1.000        ; -1.849     ; 2.052      ;
; -2.889 ; Sync:U1|CONIC_TYPE[2]          ; LCD:lcdCtrl|Data[7]         ; Keyboard:Kb|data_reg[0] ; LCD:lcdCtrl|CLK_DLY ; 1.000        ; -1.846     ; 2.036      ;
; -2.888 ; Sync:U1|CONIC_TYPE[0]          ; LCD:lcdCtrl|Data[2]         ; Keyboard:Kb|data_reg[0] ; LCD:lcdCtrl|CLK_DLY ; 1.000        ; -1.993     ; 1.888      ;
; -2.885 ; Sync:U1|CONIC_TYPE[2]          ; LCD:lcdCtrl|Data[0]         ; Keyboard:Kb|data_reg[0] ; LCD:lcdCtrl|CLK_DLY ; 1.000        ; -1.848     ; 2.030      ;
; -2.873 ; Sync:U1|CONIC_TYPE[1]          ; LCD:lcdCtrl|Data[3]         ; Keyboard:Kb|data_reg[0] ; LCD:lcdCtrl|CLK_DLY ; 1.000        ; -1.872     ; 1.994      ;
; -2.799 ; Sync:U1|CONIC_TYPE[1]          ; LCD:lcdCtrl|Data[7]         ; Keyboard:Kb|data_reg[0] ; LCD:lcdCtrl|CLK_DLY ; 1.000        ; -1.867     ; 1.925      ;
; -2.798 ; Sync:U1|CONIC_TYPE[0]          ; LCD:lcdCtrl|Data[5]         ; Keyboard:Kb|data_reg[0] ; LCD:lcdCtrl|CLK_DLY ; 1.000        ; -1.990     ; 1.801      ;
; -2.788 ; Sync:U1|CONIC_TYPE[2]          ; LCD:lcdCtrl|Data[4]         ; Keyboard:Kb|data_reg[0] ; LCD:lcdCtrl|CLK_DLY ; 1.000        ; -1.846     ; 1.935      ;
; -2.779 ; Sync:U1|CONIC_TYPE[2]          ; LCD:lcdCtrl|Data[5]         ; Keyboard:Kb|data_reg[0] ; LCD:lcdCtrl|CLK_DLY ; 0.500        ; -1.795     ; 1.477      ;
; -2.752 ; Sync:U1|CONIC_TYPE[2]          ; LCD:lcdCtrl|Data[3]         ; Keyboard:Kb|data_reg[0] ; LCD:lcdCtrl|CLK_DLY ; 1.000        ; -1.851     ; 1.894      ;
; -2.743 ; Sync:U1|CONIC_TYPE[1]          ; LCD:lcdCtrl|Data[4]         ; Keyboard:Kb|data_reg[0] ; LCD:lcdCtrl|CLK_DLY ; 1.000        ; -1.867     ; 1.869      ;
; -2.560 ; Sync:U1|CONIC_TYPE[1]          ; LCD:lcdCtrl|Data[5]         ; Keyboard:Kb|data_reg[0] ; LCD:lcdCtrl|CLK_DLY ; 1.000        ; -1.867     ; 1.686      ;
; -2.330 ; Sync:U1|CONIC_TYPE[2]          ; LCD:lcdCtrl|Data[5]         ; Keyboard:Kb|data_reg[0] ; LCD:lcdCtrl|CLK_DLY ; 1.000        ; -1.846     ; 1.477      ;
; -1.622 ; LCD:lcdCtrl|CurrentState.ASK1  ; LCD:lcdCtrl|Data[3]         ; CLK_50                  ; LCD:lcdCtrl|CLK_DLY ; 1.000        ; -0.306     ; 2.299      ;
; -1.611 ; LCD:lcdCtrl|CurrentState.ASK3  ; LCD:lcdCtrl|Data[3]         ; CLK_50                  ; LCD:lcdCtrl|CLK_DLY ; 1.000        ; -0.306     ; 2.288      ;
; -1.595 ; LCD:lcdCtrl|CNT2[1]            ; LCD:lcdCtrl|Data[3]         ; LCD:lcdCtrl|CLK_DLY     ; LCD:lcdCtrl|CLK_DLY ; 1.000        ; -0.059     ; 2.529      ;
; -1.588 ; LCD:lcdCtrl|CNT2[3]            ; LCD:lcdCtrl|Data[3]         ; LCD:lcdCtrl|CLK_DLY     ; LCD:lcdCtrl|CLK_DLY ; 1.000        ; -0.059     ; 2.522      ;
; -1.491 ; LCD:lcdCtrl|CurrentState.MSG1  ; LCD:lcdCtrl|NextState.L2    ; CLK_50                  ; LCD:lcdCtrl|CLK_DLY ; 1.000        ; -0.306     ; 2.168      ;
; -1.482 ; LCD:lcdCtrl|CurrentState.ASK2  ; LCD:lcdCtrl|Data[3]         ; CLK_50                  ; LCD:lcdCtrl|CLK_DLY ; 1.000        ; -0.309     ; 2.156      ;
; -1.481 ; LCD:lcdCtrl|CurrentState.ENTRY ; LCD:lcdCtrl|E               ; CLK_50                  ; LCD:lcdCtrl|CLK_DLY ; 1.000        ; -0.304     ; 2.160      ;
; -1.481 ; LCD:lcdCtrl|CurrentState.ENTRY ; LCD:lcdCtrl|EN              ; CLK_50                  ; LCD:lcdCtrl|CLK_DLY ; 1.000        ; -0.304     ; 2.160      ;
; -1.468 ; LCD:lcdCtrl|CNT2[0]            ; LCD:lcdCtrl|Data[3]         ; LCD:lcdCtrl|CLK_DLY     ; LCD:lcdCtrl|CLK_DLY ; 1.000        ; -0.059     ; 2.402      ;
; -1.466 ; LCD:lcdCtrl|CurrentState.L2    ; LCD:lcdCtrl|E               ; CLK_50                  ; LCD:lcdCtrl|CLK_DLY ; 1.000        ; -0.304     ; 2.145      ;
; -1.466 ; LCD:lcdCtrl|CurrentState.L2    ; LCD:lcdCtrl|EN              ; CLK_50                  ; LCD:lcdCtrl|CLK_DLY ; 1.000        ; -0.304     ; 2.145      ;
; -1.460 ; LCD:lcdCtrl|CurrentState.ASK1  ; LCD:lcdCtrl|Data[0]         ; CLK_50                  ; LCD:lcdCtrl|CLK_DLY ; 1.000        ; -0.303     ; 2.140      ;
; -1.449 ; LCD:lcdCtrl|CurrentState.ASK3  ; LCD:lcdCtrl|Data[0]         ; CLK_50                  ; LCD:lcdCtrl|CLK_DLY ; 1.000        ; -0.303     ; 2.129      ;
; -1.439 ; LCD:lcdCtrl|CurrentState.ASK1  ; LCD:lcdCtrl|E               ; CLK_50                  ; LCD:lcdCtrl|CLK_DLY ; 1.000        ; -0.306     ; 2.116      ;
; -1.439 ; LCD:lcdCtrl|CurrentState.ASK1  ; LCD:lcdCtrl|EN              ; CLK_50                  ; LCD:lcdCtrl|CLK_DLY ; 1.000        ; -0.306     ; 2.116      ;
; -1.437 ; LCD:lcdCtrl|CurrentState.MSG2  ; LCD:lcdCtrl|E               ; CLK_50                  ; LCD:lcdCtrl|CLK_DLY ; 1.000        ; -0.307     ; 2.113      ;
; -1.437 ; LCD:lcdCtrl|CurrentState.MSG2  ; LCD:lcdCtrl|EN              ; CLK_50                  ; LCD:lcdCtrl|CLK_DLY ; 1.000        ; -0.307     ; 2.113      ;
; -1.436 ; LCD:lcdCtrl|CNT2[1]            ; LCD:lcdCtrl|Data[0]         ; LCD:lcdCtrl|CLK_DLY     ; LCD:lcdCtrl|CLK_DLY ; 1.000        ; -0.056     ; 2.373      ;
; -1.428 ; LCD:lcdCtrl|CurrentState.ASK3  ; LCD:lcdCtrl|E               ; CLK_50                  ; LCD:lcdCtrl|CLK_DLY ; 1.000        ; -0.306     ; 2.105      ;
; -1.428 ; LCD:lcdCtrl|CurrentState.ASK3  ; LCD:lcdCtrl|EN              ; CLK_50                  ; LCD:lcdCtrl|CLK_DLY ; 1.000        ; -0.306     ; 2.105      ;
; -1.422 ; LCD:lcdCtrl|CNT2[3]            ; LCD:lcdCtrl|Data[0]         ; LCD:lcdCtrl|CLK_DLY     ; LCD:lcdCtrl|CLK_DLY ; 1.000        ; -0.056     ; 2.359      ;
; -1.416 ; LCD:lcdCtrl|CurrentState.ENTRY ; LCD:lcdCtrl|NextState.ASK3  ; CLK_50                  ; LCD:lcdCtrl|CLK_DLY ; 1.000        ; -0.302     ; 2.097      ;
; -1.414 ; LCD:lcdCtrl|CurrentState.L1    ; LCD:lcdCtrl|E               ; CLK_50                  ; LCD:lcdCtrl|CLK_DLY ; 1.000        ; -0.306     ; 2.091      ;
; -1.414 ; LCD:lcdCtrl|CurrentState.L1    ; LCD:lcdCtrl|EN              ; CLK_50                  ; LCD:lcdCtrl|CLK_DLY ; 1.000        ; -0.306     ; 2.091      ;
; -1.412 ; LCD:lcdCtrl|CurrentState.ENTRY ; LCD:lcdCtrl|NextState.ENTRY ; CLK_50                  ; LCD:lcdCtrl|CLK_DLY ; 1.000        ; -0.303     ; 2.092      ;
; -1.412 ; LCD:lcdCtrl|CurrentState.MSG2  ; LCD:lcdCtrl|Data[3]         ; CLK_50                  ; LCD:lcdCtrl|CLK_DLY ; 1.000        ; -0.307     ; 2.088      ;
; -1.410 ; LCD:lcdCtrl|CNT2[1]            ; LCD:lcdCtrl|Data[1]         ; LCD:lcdCtrl|CLK_DLY     ; LCD:lcdCtrl|CLK_DLY ; 1.000        ; -0.056     ; 2.347      ;
; -1.401 ; LCD:lcdCtrl|CurrentState.L2    ; LCD:lcdCtrl|NextState.ASK3  ; CLK_50                  ; LCD:lcdCtrl|CLK_DLY ; 1.000        ; -0.302     ; 2.082      ;
; -1.401 ; LCD:lcdCtrl|CurrentState.L2    ; LCD:lcdCtrl|NextState.ENTRY ; CLK_50                  ; LCD:lcdCtrl|CLK_DLY ; 1.000        ; -0.303     ; 2.081      ;
; -1.396 ; LCD:lcdCtrl|CurrentState.ASK1  ; LCD:lcdCtrl|Data[7]         ; CLK_50                  ; LCD:lcdCtrl|CLK_DLY ; 1.000        ; -0.301     ; 2.078      ;
; -1.392 ; LCD:lcdCtrl|CurrentState.MSG2  ; LCD:lcdCtrl|Data[1]         ; CLK_50                  ; LCD:lcdCtrl|CLK_DLY ; 1.000        ; -0.304     ; 2.071      ;
; -1.388 ; LCD:lcdCtrl|CurrentState.D_OFF ; LCD:lcdCtrl|E               ; CLK_50                  ; LCD:lcdCtrl|CLK_DLY ; 1.000        ; -0.306     ; 2.065      ;
; -1.388 ; LCD:lcdCtrl|CurrentState.D_OFF ; LCD:lcdCtrl|EN              ; CLK_50                  ; LCD:lcdCtrl|CLK_DLY ; 1.000        ; -0.306     ; 2.065      ;
; -1.385 ; LCD:lcdCtrl|CurrentState.ASK3  ; LCD:lcdCtrl|Data[7]         ; CLK_50                  ; LCD:lcdCtrl|CLK_DLY ; 1.000        ; -0.301     ; 2.067      ;
; -1.381 ; LCD:lcdCtrl|CurrentState.MSG1  ; LCD:lcdCtrl|E               ; CLK_50                  ; LCD:lcdCtrl|CLK_DLY ; 1.000        ; -0.307     ; 2.057      ;
; -1.381 ; LCD:lcdCtrl|CurrentState.MSG1  ; LCD:lcdCtrl|EN              ; CLK_50                  ; LCD:lcdCtrl|CLK_DLY ; 1.000        ; -0.307     ; 2.057      ;
; -1.379 ; LCD:lcdCtrl|CNT2[2]            ; LCD:lcdCtrl|Data[3]         ; LCD:lcdCtrl|CLK_DLY     ; LCD:lcdCtrl|CLK_DLY ; 1.000        ; -0.059     ; 2.313      ;
; -1.378 ; LCD:lcdCtrl|CurrentState.ENTRY ; LCD:lcdCtrl|NextState.MSG1  ; CLK_50                  ; LCD:lcdCtrl|CLK_DLY ; 1.000        ; -0.300     ; 2.061      ;
; -1.376 ; LCD:lcdCtrl|CNT2[3]            ; LCD:lcdCtrl|Data[1]         ; LCD:lcdCtrl|CLK_DLY     ; LCD:lcdCtrl|CLK_DLY ; 1.000        ; -0.056     ; 2.313      ;
; -1.375 ; LCD:lcdCtrl|CurrentState.ENTRY ; LCD:lcdCtrl|NextState.MSG2  ; CLK_50                  ; LCD:lcdCtrl|CLK_DLY ; 1.000        ; -0.300     ; 2.058      ;
; -1.374 ; LCD:lcdCtrl|CurrentState.ENTRY ; LCD:lcdCtrl|NextState.L2    ; CLK_50                  ; LCD:lcdCtrl|CLK_DLY ; 1.000        ; -0.303     ; 2.054      ;
; -1.369 ; LCD:lcdCtrl|CNT2[1]            ; LCD:lcdCtrl|Data[7]         ; LCD:lcdCtrl|CLK_DLY     ; LCD:lcdCtrl|CLK_DLY ; 1.000        ; -0.054     ; 2.308      ;
; -1.364 ; LCD:lcdCtrl|CNT2[1]            ; LCD:lcdCtrl|CNT1[1]         ; LCD:lcdCtrl|CLK_DLY     ; LCD:lcdCtrl|CLK_DLY ; 1.000        ; -0.055     ; 2.302      ;
; -1.364 ; LCD:lcdCtrl|CNT2[1]            ; LCD:lcdCtrl|CNT1[0]         ; LCD:lcdCtrl|CLK_DLY     ; LCD:lcdCtrl|CLK_DLY ; 1.000        ; -0.055     ; 2.302      ;
; -1.363 ; LCD:lcdCtrl|CurrentState.D_ON  ; LCD:lcdCtrl|E               ; CLK_50                  ; LCD:lcdCtrl|CLK_DLY ; 1.000        ; -0.304     ; 2.042      ;
; -1.363 ; LCD:lcdCtrl|CurrentState.D_ON  ; LCD:lcdCtrl|EN              ; CLK_50                  ; LCD:lcdCtrl|CLK_DLY ; 1.000        ; -0.304     ; 2.042      ;
; -1.363 ; LCD:lcdCtrl|CurrentState.L2    ; LCD:lcdCtrl|NextState.MSG1  ; CLK_50                  ; LCD:lcdCtrl|CLK_DLY ; 1.000        ; -0.300     ; 2.046      ;
; -1.362 ; LCD:lcdCtrl|CNT2[3]            ; LCD:lcdCtrl|Data[7]         ; LCD:lcdCtrl|CLK_DLY     ; LCD:lcdCtrl|CLK_DLY ; 1.000        ; -0.054     ; 2.301      ;
; -1.360 ; LCD:lcdCtrl|CurrentState.L2    ; LCD:lcdCtrl|NextState.MSG2  ; CLK_50                  ; LCD:lcdCtrl|CLK_DLY ; 1.000        ; -0.300     ; 2.043      ;
; -1.359 ; LCD:lcdCtrl|CurrentState.L2    ; LCD:lcdCtrl|NextState.L2    ; CLK_50                  ; LCD:lcdCtrl|CLK_DLY ; 1.000        ; -0.303     ; 2.039      ;
; -1.352 ; LCD:lcdCtrl|CurrentState.MSG1  ; LCD:lcdCtrl|Data[1]         ; CLK_50                  ; LCD:lcdCtrl|CLK_DLY ; 1.000        ; -0.304     ; 2.031      ;
; -1.350 ; LCD:lcdCtrl|CurrentState.ASK1  ; LCD:lcdCtrl|CNT1[1]         ; CLK_50                  ; LCD:lcdCtrl|CLK_DLY ; 1.000        ; -0.302     ; 2.031      ;
; -1.350 ; LCD:lcdCtrl|CurrentState.ASK1  ; LCD:lcdCtrl|CNT1[0]         ; CLK_50                  ; LCD:lcdCtrl|CLK_DLY ; 1.000        ; -0.302     ; 2.031      ;
; -1.350 ; LCD:lcdCtrl|CNT2[1]            ; LCD:lcdCtrl|Data[2]         ; LCD:lcdCtrl|CLK_DLY     ; LCD:lcdCtrl|CLK_DLY ; 1.000        ; -0.057     ; 2.286      ;
; -1.350 ; LCD:lcdCtrl|CNT2[3]            ; LCD:lcdCtrl|CNT1[1]         ; LCD:lcdCtrl|CLK_DLY     ; LCD:lcdCtrl|CLK_DLY ; 1.000        ; -0.055     ; 2.288      ;
; -1.350 ; LCD:lcdCtrl|CNT2[3]            ; LCD:lcdCtrl|CNT1[0]         ; LCD:lcdCtrl|CLK_DLY     ; LCD:lcdCtrl|CLK_DLY ; 1.000        ; -0.055     ; 2.288      ;
; -1.339 ; LCD:lcdCtrl|CurrentState.ASK3  ; LCD:lcdCtrl|CNT1[1]         ; CLK_50                  ; LCD:lcdCtrl|CLK_DLY ; 1.000        ; -0.302     ; 2.020      ;
; -1.339 ; LCD:lcdCtrl|CurrentState.ASK3  ; LCD:lcdCtrl|CNT1[0]         ; CLK_50                  ; LCD:lcdCtrl|CLK_DLY ; 1.000        ; -0.302     ; 2.020      ;
+--------+--------------------------------+-----------------------------+-------------------------+---------------------+--------------+------------+------------+


+--------------------------------------------------------------------------------------------------------------------------------------------------------------------+
; Fast 1000mV 0C Model Setup: 'CLK_50'                                                                                                                               ;
+--------+---------------------------------------+----------------------------------+-------------------------+-------------+--------------+------------+------------+
; Slack  ; From Node                             ; To Node                          ; Launch Clock            ; Latch Clock ; Relationship ; Clock Skew ; Data Delay ;
+--------+---------------------------------------+----------------------------------+-------------------------+-------------+--------------+------------+------------+
; -0.752 ; Keyboard:Kb|data_reg[0]               ; Keyboard:Kb|data_reg[8]          ; Keyboard:Kb|data_reg[0] ; CLK_50      ; 0.500        ; 2.470      ; 3.869      ;
; -0.751 ; Keyboard:Kb|data_reg[0]               ; Keyboard:Kb|data_reg[9]          ; Keyboard:Kb|data_reg[0] ; CLK_50      ; 0.500        ; 2.470      ; 3.868      ;
; -0.750 ; Keyboard:Kb|data_reg[0]               ; Keyboard:Kb|data_reg[10]         ; Keyboard:Kb|data_reg[0] ; CLK_50      ; 0.500        ; 2.470      ; 3.867      ;
; -0.747 ; Keyboard:Kb|data_reg[0]               ; Keyboard:Kb|data_reg[11]         ; Keyboard:Kb|data_reg[0] ; CLK_50      ; 0.500        ; 2.470      ; 3.864      ;
; -0.724 ; Keyboard:Kb|data_reg[0]               ; Keyboard:Kb|data_reg[12]         ; Keyboard:Kb|data_reg[0] ; CLK_50      ; 0.500        ; 2.434      ; 3.805      ;
; -0.701 ; Keyboard:Kb|data_reg[0]               ; Keyboard:Kb|data_reg[13]         ; Keyboard:Kb|data_reg[0] ; CLK_50      ; 0.500        ; 2.476      ; 3.824      ;
; -0.701 ; Keyboard:Kb|data_reg[0]               ; Keyboard:Kb|data_reg[14]         ; Keyboard:Kb|data_reg[0] ; CLK_50      ; 0.500        ; 2.476      ; 3.824      ;
; -0.701 ; Keyboard:Kb|data_reg[0]               ; Keyboard:Kb|data_reg[15]         ; Keyboard:Kb|data_reg[0] ; CLK_50      ; 0.500        ; 2.476      ; 3.824      ;
; -0.430 ; LCD:lcdCtrl|CLK_DLY                   ; LCD:lcdCtrl|CLK_DLY              ; LCD:lcdCtrl|CLK_DLY     ; CLK_50      ; 0.500        ; 2.137      ; 3.214      ;
; -0.118 ; Keyboard:Kb|data_reg[0]               ; Keyboard:Kb|data_reg[8]          ; Keyboard:Kb|data_reg[0] ; CLK_50      ; 1.000        ; 2.470      ; 3.735      ;
; -0.117 ; Keyboard:Kb|data_reg[0]               ; Keyboard:Kb|data_reg[9]          ; Keyboard:Kb|data_reg[0] ; CLK_50      ; 1.000        ; 2.470      ; 3.734      ;
; -0.116 ; Keyboard:Kb|data_reg[0]               ; Keyboard:Kb|data_reg[10]         ; Keyboard:Kb|data_reg[0] ; CLK_50      ; 1.000        ; 2.470      ; 3.733      ;
; -0.113 ; Keyboard:Kb|data_reg[0]               ; Keyboard:Kb|data_reg[11]         ; Keyboard:Kb|data_reg[0] ; CLK_50      ; 1.000        ; 2.470      ; 3.730      ;
; -0.090 ; Keyboard:Kb|data_reg[0]               ; Keyboard:Kb|data_reg[12]         ; Keyboard:Kb|data_reg[0] ; CLK_50      ; 1.000        ; 2.434      ; 3.671      ;
; -0.067 ; Keyboard:Kb|data_reg[0]               ; Keyboard:Kb|data_reg[13]         ; Keyboard:Kb|data_reg[0] ; CLK_50      ; 1.000        ; 2.476      ; 3.690      ;
; -0.067 ; Keyboard:Kb|data_reg[0]               ; Keyboard:Kb|data_reg[14]         ; Keyboard:Kb|data_reg[0] ; CLK_50      ; 1.000        ; 2.476      ; 3.690      ;
; -0.067 ; Keyboard:Kb|data_reg[0]               ; Keyboard:Kb|data_reg[15]         ; Keyboard:Kb|data_reg[0] ; CLK_50      ; 1.000        ; 2.476      ; 3.690      ;
; 0.077  ; LCD:lcdCtrl|NextState.LCD_CLR         ; LCD:lcdCtrl|CurrentState.LCD_CLR ; LCD:lcdCtrl|CLK_DLY     ; CLK_50      ; 1.000        ; 0.129      ; 1.035      ;
; 0.080  ; LCD:lcdCtrl|NextState.D_OFF           ; LCD:lcdCtrl|CurrentState.D_OFF   ; LCD:lcdCtrl|CLK_DLY     ; CLK_50      ; 1.000        ; 0.129      ; 1.032      ;
; 0.081  ; LCD:lcdCtrl|NextState.ASK1            ; LCD:lcdCtrl|CurrentState.ASK1    ; LCD:lcdCtrl|CLK_DLY     ; CLK_50      ; 1.000        ; 0.129      ; 1.031      ;
; 0.086  ; LCD:lcdCtrl|NextState.ASK2            ; LCD:lcdCtrl|CurrentState.ASK2    ; LCD:lcdCtrl|CLK_DLY     ; CLK_50      ; 1.000        ; 0.128      ; 1.025      ;
; 0.092  ; LCD:lcdCtrl|NextState.ASK3            ; LCD:lcdCtrl|CurrentState.ASK3    ; LCD:lcdCtrl|CLK_DLY     ; CLK_50      ; 1.000        ; 0.129      ; 1.020      ;
; 0.166  ; LCD:lcdCtrl|NextState.D_ON            ; LCD:lcdCtrl|CurrentState.D_ON    ; LCD:lcdCtrl|CLK_DLY     ; CLK_50      ; 1.000        ; 0.129      ; 0.946      ;
; 0.184  ; LCD:lcdCtrl|NextState.L2              ; LCD:lcdCtrl|CurrentState.L2      ; LCD:lcdCtrl|CLK_DLY     ; CLK_50      ; 1.000        ; 0.129      ; 0.928      ;
; 0.195  ; LCD:lcdCtrl|NextState.ENTRY           ; LCD:lcdCtrl|CurrentState.ENTRY   ; LCD:lcdCtrl|CLK_DLY     ; CLK_50      ; 1.000        ; 0.129      ; 0.917      ;
; 0.205  ; LCD:lcdCtrl|NextState.MSG2            ; LCD:lcdCtrl|CurrentState.MSG2    ; LCD:lcdCtrl|CLK_DLY     ; CLK_50      ; 1.000        ; 0.128      ; 0.906      ;
; 0.214  ; LCD:lcdCtrl|CLK_DLY                   ; LCD:lcdCtrl|CLK_DLY              ; LCD:lcdCtrl|CLK_DLY     ; CLK_50      ; 1.000        ; 2.137      ; 3.070      ;
; 0.214  ; LCD:lcdCtrl|NextState.MSG1            ; LCD:lcdCtrl|CurrentState.MSG1    ; LCD:lcdCtrl|CLK_DLY     ; CLK_50      ; 1.000        ; 0.128      ; 0.897      ;
; 0.216  ; LCD:lcdCtrl|NextState.L1              ; LCD:lcdCtrl|CurrentState.L1      ; LCD:lcdCtrl|CLK_DLY     ; CLK_50      ; 1.000        ; 0.129      ; 0.896      ;
; 14.704 ; Keyboard:Kb|ps2_clk_deb_previous_reg  ; Keyboard:Kb|data_reg[8]          ; CLK_50                  ; CLK_50      ; 20.000       ; 0.281      ; 5.570      ;
; 14.705 ; Keyboard:Kb|ps2_clk_deb_previous_reg  ; Keyboard:Kb|data_reg[9]          ; CLK_50                  ; CLK_50      ; 20.000       ; 0.281      ; 5.569      ;
; 14.706 ; Keyboard:Kb|ps2_clk_deb_previous_reg  ; Keyboard:Kb|data_reg[10]         ; CLK_50                  ; CLK_50      ; 20.000       ; 0.281      ; 5.568      ;
; 14.709 ; Keyboard:Kb|ps2_clk_deb_previous_reg  ; Keyboard:Kb|data_reg[11]         ; CLK_50                  ; CLK_50      ; 20.000       ; 0.281      ; 5.565      ;
; 14.732 ; Keyboard:Kb|ps2_clk_deb_previous_reg  ; Keyboard:Kb|data_reg[12]         ; CLK_50                  ; CLK_50      ; 20.000       ; 0.245      ; 5.506      ;
; 14.755 ; Keyboard:Kb|ps2_clk_deb_previous_reg  ; Keyboard:Kb|data_reg[13]         ; CLK_50                  ; CLK_50      ; 20.000       ; 0.287      ; 5.525      ;
; 14.755 ; Keyboard:Kb|ps2_clk_deb_previous_reg  ; Keyboard:Kb|data_reg[14]         ; CLK_50                  ; CLK_50      ; 20.000       ; 0.287      ; 5.525      ;
; 14.755 ; Keyboard:Kb|ps2_clk_deb_previous_reg  ; Keyboard:Kb|data_reg[15]         ; CLK_50                  ; CLK_50      ; 20.000       ; 0.287      ; 5.525      ;
; 14.764 ; Keyboard:Kb|Debounce:deb_inst|out_reg ; Keyboard:Kb|data_reg[8]          ; CLK_50                  ; CLK_50      ; 20.000       ; 0.281      ; 5.510      ;
; 14.765 ; Keyboard:Kb|Debounce:deb_inst|out_reg ; Keyboard:Kb|data_reg[9]          ; CLK_50                  ; CLK_50      ; 20.000       ; 0.281      ; 5.509      ;
; 14.766 ; Keyboard:Kb|Debounce:deb_inst|out_reg ; Keyboard:Kb|data_reg[10]         ; CLK_50                  ; CLK_50      ; 20.000       ; 0.281      ; 5.508      ;
; 14.769 ; Keyboard:Kb|Debounce:deb_inst|out_reg ; Keyboard:Kb|data_reg[11]         ; CLK_50                  ; CLK_50      ; 20.000       ; 0.281      ; 5.505      ;
; 14.792 ; Keyboard:Kb|Debounce:deb_inst|out_reg ; Keyboard:Kb|data_reg[12]         ; CLK_50                  ; CLK_50      ; 20.000       ; 0.245      ; 5.446      ;
; 14.815 ; Keyboard:Kb|Debounce:deb_inst|out_reg ; Keyboard:Kb|data_reg[13]         ; CLK_50                  ; CLK_50      ; 20.000       ; 0.287      ; 5.465      ;
; 14.815 ; Keyboard:Kb|Debounce:deb_inst|out_reg ; Keyboard:Kb|data_reg[14]         ; CLK_50                  ; CLK_50      ; 20.000       ; 0.287      ; 5.465      ;
; 14.815 ; Keyboard:Kb|Debounce:deb_inst|out_reg ; Keyboard:Kb|data_reg[15]         ; CLK_50                  ; CLK_50      ; 20.000       ; 0.287      ; 5.465      ;
; 14.908 ; Keyboard:Kb|package_reg[3]            ; Keyboard:Kb|data_reg[8]          ; CLK_50                  ; CLK_50      ; 20.000       ; 0.270      ; 5.355      ;
; 14.909 ; Keyboard:Kb|package_reg[3]            ; Keyboard:Kb|data_reg[9]          ; CLK_50                  ; CLK_50      ; 20.000       ; 0.270      ; 5.354      ;
; 14.910 ; Keyboard:Kb|package_reg[3]            ; Keyboard:Kb|data_reg[10]         ; CLK_50                  ; CLK_50      ; 20.000       ; 0.270      ; 5.353      ;
; 14.913 ; Keyboard:Kb|package_reg[3]            ; Keyboard:Kb|data_reg[11]         ; CLK_50                  ; CLK_50      ; 20.000       ; 0.270      ; 5.350      ;
; 14.936 ; Keyboard:Kb|package_reg[3]            ; Keyboard:Kb|data_reg[12]         ; CLK_50                  ; CLK_50      ; 20.000       ; 0.234      ; 5.291      ;
; 14.959 ; Keyboard:Kb|package_reg[3]            ; Keyboard:Kb|data_reg[15]         ; CLK_50                  ; CLK_50      ; 20.000       ; 0.276      ; 5.310      ;
; 14.959 ; Keyboard:Kb|package_reg[3]            ; Keyboard:Kb|data_reg[14]         ; CLK_50                  ; CLK_50      ; 20.000       ; 0.276      ; 5.310      ;
; 14.959 ; Keyboard:Kb|package_reg[3]            ; Keyboard:Kb|data_reg[13]         ; CLK_50                  ; CLK_50      ; 20.000       ; 0.276      ; 5.310      ;
; 15.237 ; Keyboard:Kb|package_reg[4]            ; Keyboard:Kb|data_reg[8]          ; CLK_50                  ; CLK_50      ; 20.000       ; 0.270      ; 5.026      ;
; 15.238 ; Keyboard:Kb|package_reg[4]            ; Keyboard:Kb|data_reg[9]          ; CLK_50                  ; CLK_50      ; 20.000       ; 0.270      ; 5.025      ;
; 15.239 ; Keyboard:Kb|package_reg[4]            ; Keyboard:Kb|data_reg[10]         ; CLK_50                  ; CLK_50      ; 20.000       ; 0.270      ; 5.024      ;
; 15.242 ; Keyboard:Kb|package_reg[4]            ; Keyboard:Kb|data_reg[11]         ; CLK_50                  ; CLK_50      ; 20.000       ; 0.270      ; 5.021      ;
; 15.263 ; Keyboard:Kb|package_reg[7]            ; Keyboard:Kb|data_reg[8]          ; CLK_50                  ; CLK_50      ; 20.000       ; 0.281      ; 5.011      ;
; 15.264 ; Keyboard:Kb|package_reg[7]            ; Keyboard:Kb|data_reg[9]          ; CLK_50                  ; CLK_50      ; 20.000       ; 0.281      ; 5.010      ;
; 15.265 ; Keyboard:Kb|package_reg[7]            ; Keyboard:Kb|data_reg[10]         ; CLK_50                  ; CLK_50      ; 20.000       ; 0.281      ; 5.009      ;
; 15.265 ; Keyboard:Kb|package_reg[4]            ; Keyboard:Kb|data_reg[12]         ; CLK_50                  ; CLK_50      ; 20.000       ; 0.234      ; 4.962      ;
; 15.268 ; Keyboard:Kb|package_reg[7]            ; Keyboard:Kb|data_reg[11]         ; CLK_50                  ; CLK_50      ; 20.000       ; 0.281      ; 5.006      ;
; 15.282 ; Keyboard:Kb|data_reg[5]               ; Keyboard:Kb|data_reg[8]          ; CLK_50                  ; CLK_50      ; 20.000       ; -0.076     ; 4.635      ;
; 15.283 ; Keyboard:Kb|data_reg[5]               ; Keyboard:Kb|data_reg[9]          ; CLK_50                  ; CLK_50      ; 20.000       ; -0.076     ; 4.634      ;
; 15.284 ; Keyboard:Kb|data_reg[5]               ; Keyboard:Kb|data_reg[10]         ; CLK_50                  ; CLK_50      ; 20.000       ; -0.076     ; 4.633      ;
; 15.287 ; Keyboard:Kb|data_reg[5]               ; Keyboard:Kb|data_reg[11]         ; CLK_50                  ; CLK_50      ; 20.000       ; -0.076     ; 4.630      ;
; 15.288 ; Keyboard:Kb|package_reg[4]            ; Keyboard:Kb|data_reg[15]         ; CLK_50                  ; CLK_50      ; 20.000       ; 0.276      ; 4.981      ;
; 15.288 ; Keyboard:Kb|package_reg[4]            ; Keyboard:Kb|data_reg[14]         ; CLK_50                  ; CLK_50      ; 20.000       ; 0.276      ; 4.981      ;
; 15.288 ; Keyboard:Kb|package_reg[4]            ; Keyboard:Kb|data_reg[13]         ; CLK_50                  ; CLK_50      ; 20.000       ; 0.276      ; 4.981      ;
; 15.291 ; Keyboard:Kb|package_reg[7]            ; Keyboard:Kb|data_reg[12]         ; CLK_50                  ; CLK_50      ; 20.000       ; 0.245      ; 4.947      ;
; 15.310 ; Keyboard:Kb|data_reg[5]               ; Keyboard:Kb|data_reg[12]         ; CLK_50                  ; CLK_50      ; 20.000       ; -0.112     ; 4.571      ;
; 15.314 ; Keyboard:Kb|package_reg[7]            ; Keyboard:Kb|data_reg[13]         ; CLK_50                  ; CLK_50      ; 20.000       ; 0.287      ; 4.966      ;
; 15.314 ; Keyboard:Kb|package_reg[7]            ; Keyboard:Kb|data_reg[14]         ; CLK_50                  ; CLK_50      ; 20.000       ; 0.287      ; 4.966      ;
; 15.314 ; Keyboard:Kb|package_reg[7]            ; Keyboard:Kb|data_reg[15]         ; CLK_50                  ; CLK_50      ; 20.000       ; 0.287      ; 4.966      ;
; 15.346 ; Keyboard:Kb|data_reg[5]               ; Keyboard:Kb|data_reg[13]         ; CLK_50                  ; CLK_50      ; 20.000       ; -0.057     ; 4.590      ;
; 15.346 ; Keyboard:Kb|data_reg[5]               ; Keyboard:Kb|data_reg[14]         ; CLK_50                  ; CLK_50      ; 20.000       ; -0.057     ; 4.590      ;
; 15.346 ; Keyboard:Kb|data_reg[5]               ; Keyboard:Kb|data_reg[15]         ; CLK_50                  ; CLK_50      ; 20.000       ; -0.057     ; 4.590      ;
; 15.439 ; Keyboard:Kb|data_reg[2]               ; Keyboard:Kb|data_reg[8]          ; CLK_50                  ; CLK_50      ; 20.000       ; -0.014     ; 4.540      ;
; 15.440 ; Keyboard:Kb|data_reg[2]               ; Keyboard:Kb|data_reg[9]          ; CLK_50                  ; CLK_50      ; 20.000       ; -0.014     ; 4.539      ;
; 15.441 ; Keyboard:Kb|data_reg[2]               ; Keyboard:Kb|data_reg[10]         ; CLK_50                  ; CLK_50      ; 20.000       ; -0.014     ; 4.538      ;
; 15.444 ; Keyboard:Kb|data_reg[2]               ; Keyboard:Kb|data_reg[11]         ; CLK_50                  ; CLK_50      ; 20.000       ; -0.014     ; 4.535      ;
; 15.466 ; Keyboard:Kb|data_reg[2]               ; Keyboard:Kb|data_reg[13]         ; CLK_50                  ; CLK_50      ; 20.000       ; -0.032     ; 4.495      ;
; 15.466 ; Keyboard:Kb|data_reg[2]               ; Keyboard:Kb|data_reg[14]         ; CLK_50                  ; CLK_50      ; 20.000       ; -0.032     ; 4.495      ;
; 15.466 ; Keyboard:Kb|data_reg[2]               ; Keyboard:Kb|data_reg[15]         ; CLK_50                  ; CLK_50      ; 20.000       ; -0.032     ; 4.495      ;
; 15.482 ; Keyboard:Kb|data_reg[2]               ; Keyboard:Kb|data_reg[12]         ; CLK_50                  ; CLK_50      ; 20.000       ; -0.035     ; 4.476      ;
; 15.559 ; Keyboard:Kb|package_reg[8]            ; Keyboard:Kb|data_reg[8]          ; CLK_50                  ; CLK_50      ; 20.000       ; 0.281      ; 4.715      ;
; 15.560 ; Keyboard:Kb|package_reg[8]            ; Keyboard:Kb|data_reg[9]          ; CLK_50                  ; CLK_50      ; 20.000       ; 0.281      ; 4.714      ;
; 15.561 ; Keyboard:Kb|package_reg[8]            ; Keyboard:Kb|data_reg[10]         ; CLK_50                  ; CLK_50      ; 20.000       ; 0.281      ; 4.713      ;
; 15.563 ; Keyboard:Kb|package_reg[5]            ; Keyboard:Kb|data_reg[8]          ; CLK_50                  ; CLK_50      ; 20.000       ; 0.270      ; 4.700      ;
; 15.564 ; Keyboard:Kb|package_reg[8]            ; Keyboard:Kb|data_reg[11]         ; CLK_50                  ; CLK_50      ; 20.000       ; 0.281      ; 4.710      ;
; 15.564 ; Keyboard:Kb|package_reg[5]            ; Keyboard:Kb|data_reg[9]          ; CLK_50                  ; CLK_50      ; 20.000       ; 0.270      ; 4.699      ;
; 15.565 ; Keyboard:Kb|package_reg[5]            ; Keyboard:Kb|data_reg[10]         ; CLK_50                  ; CLK_50      ; 20.000       ; 0.270      ; 4.698      ;
; 15.568 ; Keyboard:Kb|package_reg[5]            ; Keyboard:Kb|data_reg[11]         ; CLK_50                  ; CLK_50      ; 20.000       ; 0.270      ; 4.695      ;
; 15.587 ; Keyboard:Kb|package_reg[8]            ; Keyboard:Kb|data_reg[12]         ; CLK_50                  ; CLK_50      ; 20.000       ; 0.245      ; 4.651      ;
; 15.591 ; Keyboard:Kb|package_reg[5]            ; Keyboard:Kb|data_reg[12]         ; CLK_50                  ; CLK_50      ; 20.000       ; 0.234      ; 4.636      ;
; 15.610 ; Keyboard:Kb|package_reg[8]            ; Keyboard:Kb|data_reg[13]         ; CLK_50                  ; CLK_50      ; 20.000       ; 0.287      ; 4.670      ;
; 15.610 ; Keyboard:Kb|package_reg[8]            ; Keyboard:Kb|data_reg[14]         ; CLK_50                  ; CLK_50      ; 20.000       ; 0.287      ; 4.670      ;
; 15.610 ; Keyboard:Kb|package_reg[8]            ; Keyboard:Kb|data_reg[15]         ; CLK_50                  ; CLK_50      ; 20.000       ; 0.287      ; 4.670      ;
; 15.614 ; Keyboard:Kb|package_reg[5]            ; Keyboard:Kb|data_reg[15]         ; CLK_50                  ; CLK_50      ; 20.000       ; 0.276      ; 4.655      ;
; 15.614 ; Keyboard:Kb|package_reg[5]            ; Keyboard:Kb|data_reg[14]         ; CLK_50                  ; CLK_50      ; 20.000       ; 0.276      ; 4.655      ;
+--------+---------------------------------------+----------------------------------+-------------------------+-------------+--------------+------------+------------+


+-------------------------------------------------------------------------------------------------------------------------------------------------------+
; Fast 1000mV 0C Model Hold: 'Keyboard:Kb|data_reg[0]'                                                                                                  ;
+-------+--------------------------+-----------------------+-------------------------+-------------------------+--------------+------------+------------+
; Slack ; From Node                ; To Node               ; Launch Clock            ; Latch Clock             ; Relationship ; Clock Skew ; Data Delay ;
+-------+--------------------------+-----------------------+-------------------------+-------------------------+--------------+------------+------------+
; 0.141 ; Keyboard:Kb|data_reg[0]  ; Sync:U1|CONIC_TYPE[0] ; Keyboard:Kb|data_reg[0] ; Keyboard:Kb|data_reg[0] ; 0.000        ; 3.840      ; 4.145      ;
; 0.298 ; Keyboard:Kb|data_reg[0]  ; Sync:U1|CONIC_TYPE[0] ; Keyboard:Kb|data_reg[0] ; Keyboard:Kb|data_reg[0] ; 0.000        ; 3.891      ; 4.353      ;
; 0.547 ; Keyboard:Kb|data_reg[0]  ; Sync:U1|CONIC_TYPE[1] ; Keyboard:Kb|data_reg[0] ; Keyboard:Kb|data_reg[0] ; 0.000        ; 3.768      ; 4.479      ;
; 0.570 ; Keyboard:Kb|data_reg[0]  ; Sync:U1|CONIC_TYPE[0] ; Keyboard:Kb|data_reg[0] ; Keyboard:Kb|data_reg[0] ; -0.500       ; 3.891      ; 4.145      ;
; 0.684 ; Keyboard:Kb|data_reg[0]  ; Sync:U1|CONIC_TYPE[2] ; Keyboard:Kb|data_reg[0] ; Keyboard:Kb|data_reg[0] ; 0.000        ; 3.696      ; 4.544      ;
; 0.706 ; Keyboard:Kb|data_reg[0]  ; Sync:U1|CONIC_TYPE[2] ; Keyboard:Kb|data_reg[0] ; Keyboard:Kb|data_reg[0] ; 0.000        ; 3.747      ; 4.617      ;
; 0.829 ; Keyboard:Kb|data_reg[0]  ; Sync:U1|CONIC_TYPE[0] ; Keyboard:Kb|data_reg[0] ; Keyboard:Kb|data_reg[0] ; -0.500       ; 3.840      ; 4.353      ;
; 0.852 ; Keyboard:Kb|data_reg[0]  ; Sync:U1|CONIC_TYPE[1] ; Keyboard:Kb|data_reg[0] ; Keyboard:Kb|data_reg[0] ; 0.000        ; 3.717      ; 4.733      ;
; 1.078 ; Keyboard:Kb|data_reg[0]  ; Sync:U1|CONIC_TYPE[1] ; Keyboard:Kb|data_reg[0] ; Keyboard:Kb|data_reg[0] ; -0.500       ; 3.717      ; 4.479      ;
; 1.113 ; Keyboard:Kb|data_reg[0]  ; Sync:U1|CONIC_TYPE[2] ; Keyboard:Kb|data_reg[0] ; Keyboard:Kb|data_reg[0] ; -0.500       ; 3.747      ; 4.544      ;
; 1.237 ; Keyboard:Kb|data_reg[0]  ; Sync:U1|CONIC_TYPE[2] ; Keyboard:Kb|data_reg[0] ; Keyboard:Kb|data_reg[0] ; -0.500       ; 3.696      ; 4.617      ;
; 1.281 ; Keyboard:Kb|data_reg[0]  ; Sync:U1|CONIC_TYPE[1] ; Keyboard:Kb|data_reg[0] ; Keyboard:Kb|data_reg[0] ; -0.500       ; 3.768      ; 4.733      ;
; 2.164 ; Keyboard:Kb|data_reg[3]  ; Sync:U1|CONIC_TYPE[0] ; CLK_50                  ; Keyboard:Kb|data_reg[0] ; 0.000        ; 1.457      ; 3.651      ;
; 2.530 ; Keyboard:Kb|data_reg[4]  ; Sync:U1|CONIC_TYPE[0] ; CLK_50                  ; Keyboard:Kb|data_reg[0] ; 0.000        ; 1.457      ; 4.017      ;
; 2.576 ; Keyboard:Kb|data_reg[1]  ; Sync:U1|CONIC_TYPE[0] ; CLK_50                  ; Keyboard:Kb|data_reg[0] ; 0.000        ; 1.457      ; 4.063      ;
; 2.583 ; Keyboard:Kb|data_reg[4]  ; Sync:U1|CONIC_TYPE[1] ; CLK_50                  ; Keyboard:Kb|data_reg[0] ; 0.000        ; 1.334      ; 3.947      ;
; 2.715 ; Keyboard:Kb|data_reg[3]  ; Sync:U1|CONIC_TYPE[0] ; CLK_50                  ; Keyboard:Kb|data_reg[0] ; -0.500       ; 1.406      ; 3.651      ;
; 2.823 ; Keyboard:Kb|data_reg[3]  ; Sync:U1|CONIC_TYPE[1] ; CLK_50                  ; Keyboard:Kb|data_reg[0] ; 0.000        ; 1.334      ; 4.187      ;
; 2.860 ; Keyboard:Kb|data_reg[5]  ; Sync:U1|CONIC_TYPE[0] ; CLK_50                  ; Keyboard:Kb|data_reg[0] ; 0.000        ; 1.421      ; 4.311      ;
; 2.976 ; Keyboard:Kb|data_reg[12] ; Sync:U1|CONIC_TYPE[0] ; CLK_50                  ; Keyboard:Kb|data_reg[0] ; 0.000        ; 1.457      ; 4.463      ;
; 3.034 ; Keyboard:Kb|data_reg[5]  ; Sync:U1|CONIC_TYPE[1] ; CLK_50                  ; Keyboard:Kb|data_reg[0] ; 0.000        ; 1.298      ; 4.362      ;
; 3.081 ; Keyboard:Kb|data_reg[4]  ; Sync:U1|CONIC_TYPE[0] ; CLK_50                  ; Keyboard:Kb|data_reg[0] ; -0.500       ; 1.406      ; 4.017      ;
; 3.127 ; Keyboard:Kb|data_reg[1]  ; Sync:U1|CONIC_TYPE[0] ; CLK_50                  ; Keyboard:Kb|data_reg[0] ; -0.500       ; 1.406      ; 4.063      ;
; 3.134 ; Keyboard:Kb|data_reg[4]  ; Sync:U1|CONIC_TYPE[1] ; CLK_50                  ; Keyboard:Kb|data_reg[0] ; -0.500       ; 1.283      ; 3.947      ;
; 3.199 ; Keyboard:Kb|data_reg[3]  ; Sync:U1|CONIC_TYPE[2] ; CLK_50                  ; Keyboard:Kb|data_reg[0] ; 0.000        ; 1.313      ; 4.542      ;
; 3.251 ; Keyboard:Kb|data_reg[2]  ; Sync:U1|CONIC_TYPE[0] ; CLK_50                  ; Keyboard:Kb|data_reg[0] ; 0.000        ; 1.457      ; 4.738      ;
; 3.290 ; Keyboard:Kb|data_reg[9]  ; Sync:U1|CONIC_TYPE[0] ; CLK_50                  ; Keyboard:Kb|data_reg[0] ; 0.000        ; 1.421      ; 4.741      ;
; 3.320 ; Keyboard:Kb|data_reg[12] ; Sync:U1|CONIC_TYPE[1] ; CLK_50                  ; Keyboard:Kb|data_reg[0] ; 0.000        ; 1.334      ; 4.684      ;
; 3.335 ; Keyboard:Kb|data_reg[4]  ; Sync:U1|CONIC_TYPE[2] ; CLK_50                  ; Keyboard:Kb|data_reg[0] ; 0.000        ; 1.313      ; 4.678      ;
; 3.337 ; Keyboard:Kb|data_reg[7]  ; Sync:U1|CONIC_TYPE[0] ; CLK_50                  ; Keyboard:Kb|data_reg[0] ; 0.000        ; 1.415      ; 4.782      ;
; 3.367 ; Keyboard:Kb|data_reg[11] ; Sync:U1|CONIC_TYPE[0] ; CLK_50                  ; Keyboard:Kb|data_reg[0] ; 0.000        ; 1.421      ; 4.818      ;
; 3.374 ; Keyboard:Kb|data_reg[3]  ; Sync:U1|CONIC_TYPE[1] ; CLK_50                  ; Keyboard:Kb|data_reg[0] ; -0.500       ; 1.283      ; 4.187      ;
; 3.388 ; Keyboard:Kb|data_reg[12] ; Sync:U1|CONIC_TYPE[2] ; CLK_50                  ; Keyboard:Kb|data_reg[0] ; 0.000        ; 1.313      ; 4.731      ;
; 3.409 ; Keyboard:Kb|data_reg[15] ; Sync:U1|CONIC_TYPE[0] ; CLK_50                  ; Keyboard:Kb|data_reg[0] ; 0.000        ; 1.415      ; 4.854      ;
; 3.411 ; Keyboard:Kb|data_reg[5]  ; Sync:U1|CONIC_TYPE[0] ; CLK_50                  ; Keyboard:Kb|data_reg[0] ; -0.500       ; 1.370      ; 4.311      ;
; 3.452 ; Keyboard:Kb|data_reg[9]  ; Sync:U1|CONIC_TYPE[1] ; CLK_50                  ; Keyboard:Kb|data_reg[0] ; 0.000        ; 1.298      ; 4.780      ;
; 3.459 ; Keyboard:Kb|data_reg[1]  ; Sync:U1|CONIC_TYPE[1] ; CLK_50                  ; Keyboard:Kb|data_reg[0] ; 0.000        ; 1.334      ; 4.823      ;
; 3.482 ; Keyboard:Kb|data_reg[10] ; Sync:U1|CONIC_TYPE[0] ; CLK_50                  ; Keyboard:Kb|data_reg[0] ; 0.000        ; 1.421      ; 4.933      ;
; 3.487 ; Keyboard:Kb|data_reg[8]  ; Sync:U1|CONIC_TYPE[0] ; CLK_50                  ; Keyboard:Kb|data_reg[0] ; 0.000        ; 1.421      ; 4.938      ;
; 3.502 ; Keyboard:Kb|data_reg[2]  ; Sync:U1|CONIC_TYPE[1] ; CLK_50                  ; Keyboard:Kb|data_reg[0] ; 0.000        ; 1.334      ; 4.866      ;
; 3.512 ; Keyboard:Kb|data_reg[6]  ; Sync:U1|CONIC_TYPE[0] ; CLK_50                  ; Keyboard:Kb|data_reg[0] ; 0.000        ; 1.415      ; 4.957      ;
; 3.527 ; Keyboard:Kb|data_reg[12] ; Sync:U1|CONIC_TYPE[0] ; CLK_50                  ; Keyboard:Kb|data_reg[0] ; -0.500       ; 1.406      ; 4.463      ;
; 3.530 ; Keyboard:Kb|data_reg[11] ; Sync:U1|CONIC_TYPE[1] ; CLK_50                  ; Keyboard:Kb|data_reg[0] ; 0.000        ; 1.298      ; 4.858      ;
; 3.532 ; Keyboard:Kb|data_reg[14] ; Sync:U1|CONIC_TYPE[0] ; CLK_50                  ; Keyboard:Kb|data_reg[0] ; 0.000        ; 1.415      ; 4.977      ;
; 3.536 ; Keyboard:Kb|data_reg[1]  ; Sync:U1|CONIC_TYPE[2] ; CLK_50                  ; Keyboard:Kb|data_reg[0] ; 0.000        ; 1.313      ; 4.879      ;
; 3.580 ; Keyboard:Kb|data_reg[13] ; Sync:U1|CONIC_TYPE[0] ; CLK_50                  ; Keyboard:Kb|data_reg[0] ; 0.000        ; 1.415      ; 5.025      ;
; 3.585 ; Keyboard:Kb|data_reg[5]  ; Sync:U1|CONIC_TYPE[1] ; CLK_50                  ; Keyboard:Kb|data_reg[0] ; -0.500       ; 1.247      ; 4.362      ;
; 3.611 ; Keyboard:Kb|data_reg[9]  ; Sync:U1|CONIC_TYPE[2] ; CLK_50                  ; Keyboard:Kb|data_reg[0] ; 0.000        ; 1.277      ; 4.918      ;
; 3.646 ; Keyboard:Kb|data_reg[10] ; Sync:U1|CONIC_TYPE[1] ; CLK_50                  ; Keyboard:Kb|data_reg[0] ; 0.000        ; 1.298      ; 4.974      ;
; 3.649 ; Keyboard:Kb|data_reg[8]  ; Sync:U1|CONIC_TYPE[1] ; CLK_50                  ; Keyboard:Kb|data_reg[0] ; 0.000        ; 1.298      ; 4.977      ;
; 3.650 ; Keyboard:Kb|data_reg[7]  ; Sync:U1|CONIC_TYPE[1] ; CLK_50                  ; Keyboard:Kb|data_reg[0] ; 0.000        ; 1.292      ; 4.972      ;
; 3.661 ; Keyboard:Kb|data_reg[2]  ; Sync:U1|CONIC_TYPE[2] ; CLK_50                  ; Keyboard:Kb|data_reg[0] ; 0.000        ; 1.313      ; 5.004      ;
; 3.686 ; Keyboard:Kb|data_reg[13] ; Sync:U1|CONIC_TYPE[1] ; CLK_50                  ; Keyboard:Kb|data_reg[0] ; 0.000        ; 1.292      ; 5.008      ;
; 3.689 ; Keyboard:Kb|data_reg[11] ; Sync:U1|CONIC_TYPE[2] ; CLK_50                  ; Keyboard:Kb|data_reg[0] ; 0.000        ; 1.277      ; 4.996      ;
; 3.705 ; Keyboard:Kb|data_reg[5]  ; Sync:U1|CONIC_TYPE[2] ; CLK_50                  ; Keyboard:Kb|data_reg[0] ; 0.000        ; 1.277      ; 5.012      ;
; 3.723 ; Keyboard:Kb|data_reg[15] ; Sync:U1|CONIC_TYPE[1] ; CLK_50                  ; Keyboard:Kb|data_reg[0] ; 0.000        ; 1.292      ; 5.045      ;
; 3.750 ; Keyboard:Kb|data_reg[3]  ; Sync:U1|CONIC_TYPE[2] ; CLK_50                  ; Keyboard:Kb|data_reg[0] ; -0.500       ; 1.262      ; 4.542      ;
; 3.797 ; Keyboard:Kb|data_reg[7]  ; Sync:U1|CONIC_TYPE[2] ; CLK_50                  ; Keyboard:Kb|data_reg[0] ; 0.000        ; 1.271      ; 5.098      ;
; 3.802 ; Keyboard:Kb|data_reg[2]  ; Sync:U1|CONIC_TYPE[0] ; CLK_50                  ; Keyboard:Kb|data_reg[0] ; -0.500       ; 1.406      ; 4.738      ;
; 3.805 ; Keyboard:Kb|data_reg[10] ; Sync:U1|CONIC_TYPE[2] ; CLK_50                  ; Keyboard:Kb|data_reg[0] ; 0.000        ; 1.277      ; 5.112      ;
; 3.808 ; Keyboard:Kb|data_reg[8]  ; Sync:U1|CONIC_TYPE[2] ; CLK_50                  ; Keyboard:Kb|data_reg[0] ; 0.000        ; 1.277      ; 5.115      ;
; 3.831 ; Keyboard:Kb|data_reg[6]  ; Sync:U1|CONIC_TYPE[1] ; CLK_50                  ; Keyboard:Kb|data_reg[0] ; 0.000        ; 1.292      ; 5.153      ;
; 3.841 ; Keyboard:Kb|data_reg[9]  ; Sync:U1|CONIC_TYPE[0] ; CLK_50                  ; Keyboard:Kb|data_reg[0] ; -0.500       ; 1.370      ; 4.741      ;
; 3.845 ; Keyboard:Kb|data_reg[13] ; Sync:U1|CONIC_TYPE[2] ; CLK_50                  ; Keyboard:Kb|data_reg[0] ; 0.000        ; 1.271      ; 5.146      ;
; 3.848 ; Keyboard:Kb|data_reg[14] ; Sync:U1|CONIC_TYPE[1] ; CLK_50                  ; Keyboard:Kb|data_reg[0] ; 0.000        ; 1.292      ; 5.170      ;
; 3.870 ; Keyboard:Kb|data_reg[15] ; Sync:U1|CONIC_TYPE[2] ; CLK_50                  ; Keyboard:Kb|data_reg[0] ; 0.000        ; 1.271      ; 5.171      ;
; 3.871 ; Keyboard:Kb|data_reg[12] ; Sync:U1|CONIC_TYPE[1] ; CLK_50                  ; Keyboard:Kb|data_reg[0] ; -0.500       ; 1.283      ; 4.684      ;
; 3.886 ; Keyboard:Kb|data_reg[4]  ; Sync:U1|CONIC_TYPE[2] ; CLK_50                  ; Keyboard:Kb|data_reg[0] ; -0.500       ; 1.262      ; 4.678      ;
; 3.888 ; Keyboard:Kb|data_reg[7]  ; Sync:U1|CONIC_TYPE[0] ; CLK_50                  ; Keyboard:Kb|data_reg[0] ; -0.500       ; 1.364      ; 4.782      ;
; 3.918 ; Keyboard:Kb|data_reg[11] ; Sync:U1|CONIC_TYPE[0] ; CLK_50                  ; Keyboard:Kb|data_reg[0] ; -0.500       ; 1.370      ; 4.818      ;
; 3.939 ; Keyboard:Kb|data_reg[12] ; Sync:U1|CONIC_TYPE[2] ; CLK_50                  ; Keyboard:Kb|data_reg[0] ; -0.500       ; 1.262      ; 4.731      ;
; 3.960 ; Keyboard:Kb|data_reg[15] ; Sync:U1|CONIC_TYPE[0] ; CLK_50                  ; Keyboard:Kb|data_reg[0] ; -0.500       ; 1.364      ; 4.854      ;
; 3.978 ; Keyboard:Kb|data_reg[6]  ; Sync:U1|CONIC_TYPE[2] ; CLK_50                  ; Keyboard:Kb|data_reg[0] ; 0.000        ; 1.271      ; 5.279      ;
; 3.995 ; Keyboard:Kb|data_reg[14] ; Sync:U1|CONIC_TYPE[2] ; CLK_50                  ; Keyboard:Kb|data_reg[0] ; 0.000        ; 1.271      ; 5.296      ;
; 4.003 ; Keyboard:Kb|data_reg[9]  ; Sync:U1|CONIC_TYPE[1] ; CLK_50                  ; Keyboard:Kb|data_reg[0] ; -0.500       ; 1.247      ; 4.780      ;
; 4.010 ; Keyboard:Kb|data_reg[1]  ; Sync:U1|CONIC_TYPE[1] ; CLK_50                  ; Keyboard:Kb|data_reg[0] ; -0.500       ; 1.283      ; 4.823      ;
; 4.033 ; Keyboard:Kb|data_reg[10] ; Sync:U1|CONIC_TYPE[0] ; CLK_50                  ; Keyboard:Kb|data_reg[0] ; -0.500       ; 1.370      ; 4.933      ;
; 4.038 ; Keyboard:Kb|data_reg[8]  ; Sync:U1|CONIC_TYPE[0] ; CLK_50                  ; Keyboard:Kb|data_reg[0] ; -0.500       ; 1.370      ; 4.938      ;
; 4.053 ; Keyboard:Kb|data_reg[2]  ; Sync:U1|CONIC_TYPE[1] ; CLK_50                  ; Keyboard:Kb|data_reg[0] ; -0.500       ; 1.283      ; 4.866      ;
; 4.063 ; Keyboard:Kb|data_reg[6]  ; Sync:U1|CONIC_TYPE[0] ; CLK_50                  ; Keyboard:Kb|data_reg[0] ; -0.500       ; 1.364      ; 4.957      ;
; 4.081 ; Keyboard:Kb|data_reg[11] ; Sync:U1|CONIC_TYPE[1] ; CLK_50                  ; Keyboard:Kb|data_reg[0] ; -0.500       ; 1.247      ; 4.858      ;
; 4.083 ; Keyboard:Kb|data_reg[14] ; Sync:U1|CONIC_TYPE[0] ; CLK_50                  ; Keyboard:Kb|data_reg[0] ; -0.500       ; 1.364      ; 4.977      ;
; 4.087 ; Keyboard:Kb|data_reg[1]  ; Sync:U1|CONIC_TYPE[2] ; CLK_50                  ; Keyboard:Kb|data_reg[0] ; -0.500       ; 1.262      ; 4.879      ;
; 4.131 ; Keyboard:Kb|data_reg[13] ; Sync:U1|CONIC_TYPE[0] ; CLK_50                  ; Keyboard:Kb|data_reg[0] ; -0.500       ; 1.364      ; 5.025      ;
; 4.162 ; Keyboard:Kb|data_reg[9]  ; Sync:U1|CONIC_TYPE[2] ; CLK_50                  ; Keyboard:Kb|data_reg[0] ; -0.500       ; 1.226      ; 4.918      ;
; 4.197 ; Keyboard:Kb|data_reg[10] ; Sync:U1|CONIC_TYPE[1] ; CLK_50                  ; Keyboard:Kb|data_reg[0] ; -0.500       ; 1.247      ; 4.974      ;
; 4.200 ; Keyboard:Kb|data_reg[8]  ; Sync:U1|CONIC_TYPE[1] ; CLK_50                  ; Keyboard:Kb|data_reg[0] ; -0.500       ; 1.247      ; 4.977      ;
; 4.201 ; Keyboard:Kb|data_reg[7]  ; Sync:U1|CONIC_TYPE[1] ; CLK_50                  ; Keyboard:Kb|data_reg[0] ; -0.500       ; 1.241      ; 4.972      ;
; 4.212 ; Keyboard:Kb|data_reg[2]  ; Sync:U1|CONIC_TYPE[2] ; CLK_50                  ; Keyboard:Kb|data_reg[0] ; -0.500       ; 1.262      ; 5.004      ;
; 4.237 ; Keyboard:Kb|data_reg[13] ; Sync:U1|CONIC_TYPE[1] ; CLK_50                  ; Keyboard:Kb|data_reg[0] ; -0.500       ; 1.241      ; 5.008      ;
; 4.240 ; Keyboard:Kb|data_reg[11] ; Sync:U1|CONIC_TYPE[2] ; CLK_50                  ; Keyboard:Kb|data_reg[0] ; -0.500       ; 1.226      ; 4.996      ;
; 4.256 ; Keyboard:Kb|data_reg[5]  ; Sync:U1|CONIC_TYPE[2] ; CLK_50                  ; Keyboard:Kb|data_reg[0] ; -0.500       ; 1.226      ; 5.012      ;
; 4.274 ; Keyboard:Kb|data_reg[15] ; Sync:U1|CONIC_TYPE[1] ; CLK_50                  ; Keyboard:Kb|data_reg[0] ; -0.500       ; 1.241      ; 5.045      ;
; 4.348 ; Keyboard:Kb|data_reg[7]  ; Sync:U1|CONIC_TYPE[2] ; CLK_50                  ; Keyboard:Kb|data_reg[0] ; -0.500       ; 1.220      ; 5.098      ;
; 4.356 ; Keyboard:Kb|data_reg[10] ; Sync:U1|CONIC_TYPE[2] ; CLK_50                  ; Keyboard:Kb|data_reg[0] ; -0.500       ; 1.226      ; 5.112      ;
; 4.359 ; Keyboard:Kb|data_reg[8]  ; Sync:U1|CONIC_TYPE[2] ; CLK_50                  ; Keyboard:Kb|data_reg[0] ; -0.500       ; 1.226      ; 5.115      ;
; 4.382 ; Keyboard:Kb|data_reg[6]  ; Sync:U1|CONIC_TYPE[1] ; CLK_50                  ; Keyboard:Kb|data_reg[0] ; -0.500       ; 1.241      ; 5.153      ;
; 4.396 ; Keyboard:Kb|data_reg[13] ; Sync:U1|CONIC_TYPE[2] ; CLK_50                  ; Keyboard:Kb|data_reg[0] ; -0.500       ; 1.220      ; 5.146      ;
; 4.399 ; Keyboard:Kb|data_reg[14] ; Sync:U1|CONIC_TYPE[1] ; CLK_50                  ; Keyboard:Kb|data_reg[0] ; -0.500       ; 1.241      ; 5.170      ;
; 4.421 ; Keyboard:Kb|data_reg[15] ; Sync:U1|CONIC_TYPE[2] ; CLK_50                  ; Keyboard:Kb|data_reg[0] ; -0.500       ; 1.220      ; 5.171      ;
+-------+--------------------------+-----------------------+-------------------------+-------------------------+--------------+------------+------------+


+------------------------------------------------------------------------------------------------------------------------------------------------------------------------------+
; Fast 1000mV 0C Model Hold: 'CLK_50'                                                                                                                                          ;
+-------+------------------------------------------+------------------------------------------+-------------------------+-------------+--------------+------------+------------+
; Slack ; From Node                                ; To Node                                  ; Launch Clock            ; Latch Clock ; Relationship ; Clock Skew ; Data Delay ;
+-------+------------------------------------------+------------------------------------------+-------------------------+-------------+--------------+------------+------------+
; 0.255 ; Keyboard:Kb|e0_flag_reg                  ; Keyboard:Kb|data_reg[15]                 ; CLK_50                  ; CLK_50      ; 0.000        ; 0.453      ; 0.835      ;
; 0.258 ; Keyboard:Kb|e0_flag_reg                  ; Keyboard:Kb|data_reg[13]                 ; CLK_50                  ; CLK_50      ; 0.000        ; 0.453      ; 0.838      ;
; 0.275 ; Keyboard:Kb|package_reg[10]              ; Keyboard:Kb|package_reg[9]               ; CLK_50                  ; CLK_50      ; 0.000        ; 0.056      ; 0.458      ;
; 0.280 ; Keyboard:Kb|parity_reg                   ; Keyboard:Kb|parity_reg                   ; CLK_50                  ; CLK_50      ; 0.000        ; 0.056      ; 0.463      ;
; 0.280 ; Keyboard:Kb|cnt_reg[3]                   ; Keyboard:Kb|cnt_reg[3]                   ; CLK_50                  ; CLK_50      ; 0.000        ; 0.056      ; 0.463      ;
; 0.280 ; Keyboard:Kb|state_reg                    ; Keyboard:Kb|state_reg                    ; CLK_50                  ; CLK_50      ; 0.000        ; 0.056      ; 0.463      ;
; 0.280 ; Keyboard:Kb|cnt_reg[2]                   ; Keyboard:Kb|cnt_reg[2]                   ; CLK_50                  ; CLK_50      ; 0.000        ; 0.056      ; 0.463      ;
; 0.280 ; Keyboard:Kb|cnt_reg[0]                   ; Keyboard:Kb|cnt_reg[0]                   ; CLK_50                  ; CLK_50      ; 0.000        ; 0.056      ; 0.463      ;
; 0.280 ; Keyboard:Kb|cnt_reg[1]                   ; Keyboard:Kb|cnt_reg[1]                   ; CLK_50                  ; CLK_50      ; 0.000        ; 0.056      ; 0.463      ;
; 0.280 ; Keyboard:Kb|Debounce:deb_inst|out_reg    ; Keyboard:Kb|Debounce:deb_inst|out_reg    ; CLK_50                  ; CLK_50      ; 0.000        ; 0.056      ; 0.463      ;
; 0.280 ; Keyboard:Kb|Debounce:deb_inst|cnt_reg[2] ; Keyboard:Kb|Debounce:deb_inst|cnt_reg[2] ; CLK_50                  ; CLK_50      ; 0.000        ; 0.056      ; 0.463      ;
; 0.280 ; Keyboard:Kb|Debounce:deb_inst|cnt_reg[1] ; Keyboard:Kb|Debounce:deb_inst|cnt_reg[1] ; CLK_50                  ; CLK_50      ; 0.000        ; 0.056      ; 0.463      ;
; 0.280 ; Keyboard:Kb|e0_flag_reg                  ; Keyboard:Kb|e0_flag_reg                  ; CLK_50                  ; CLK_50      ; 0.000        ; 0.056      ; 0.463      ;
; 0.280 ; Keyboard:Kb|f0_flag_reg                  ; Keyboard:Kb|f0_flag_reg                  ; CLK_50                  ; CLK_50      ; 0.000        ; 0.056      ; 0.463      ;
; 0.280 ; Keyboard:Kb|package_reg[1]               ; Keyboard:Kb|package_reg[1]               ; CLK_50                  ; CLK_50      ; 0.000        ; 0.056      ; 0.463      ;
; 0.281 ; LCD:lcdCtrl|ClkCnt[19]                   ; LCD:lcdCtrl|ClkCnt[19]                   ; CLK_50                  ; CLK_50      ; 0.000        ; 0.055      ; 0.463      ;
; 0.281 ; Keyboard:Kb|Debounce:deb_inst|cnt_reg[1] ; Keyboard:Kb|Debounce:deb_inst|cnt_reg[2] ; CLK_50                  ; CLK_50      ; 0.000        ; 0.056      ; 0.464      ;
; 0.283 ; Keyboard:Kb|Debounce:deb_inst|cnt_reg[0] ; Keyboard:Kb|Debounce:deb_inst|cnt_reg[0] ; CLK_50                  ; CLK_50      ; 0.000        ; 0.056      ; 0.466      ;
; 0.286 ; Keyboard:Kb|Debounce:deb_inst|ff_reg[0]  ; Keyboard:Kb|Debounce:deb_inst|cnt_reg[0] ; CLK_50                  ; CLK_50      ; 0.000        ; 0.056      ; 0.469      ;
; 0.287 ; Keyboard:Kb|Debounce:deb_inst|ff_reg[0]  ; Keyboard:Kb|Debounce:deb_inst|ff_reg[1]  ; CLK_50                  ; CLK_50      ; 0.000        ; 0.056      ; 0.470      ;
; 0.287 ; Keyboard:Kb|Debounce:deb_inst|ff_reg[0]  ; Keyboard:Kb|Debounce:deb_inst|cnt_reg[1] ; CLK_50                  ; CLK_50      ; 0.000        ; 0.056      ; 0.470      ;
; 0.292 ; Keyboard:Kb|data_reg[0]                  ; Keyboard:Kb|data_reg[13]                 ; Keyboard:Kb|data_reg[0] ; CLK_50      ; 0.000        ; 2.572      ; 3.185      ;
; 0.292 ; Keyboard:Kb|data_reg[0]                  ; Keyboard:Kb|data_reg[14]                 ; Keyboard:Kb|data_reg[0] ; CLK_50      ; 0.000        ; 2.572      ; 3.185      ;
; 0.292 ; Keyboard:Kb|data_reg[0]                  ; Keyboard:Kb|data_reg[15]                 ; Keyboard:Kb|data_reg[0] ; CLK_50      ; 0.000        ; 2.572      ; 3.185      ;
; 0.300 ; LCD:lcdCtrl|NextState.MSG1               ; LCD:lcdCtrl|CurrentState.MSG1            ; LCD:lcdCtrl|CLK_DLY     ; CLK_50      ; 0.000        ; 0.303      ; 0.760      ;
; 0.302 ; Keyboard:Kb|data_reg[0]                  ; Keyboard:Kb|data_reg[12]                 ; Keyboard:Kb|data_reg[0] ; CLK_50      ; 0.000        ; 2.528      ; 3.151      ;
; 0.320 ; LCD:lcdCtrl|CLK_DLY                      ; LCD:lcdCtrl|CLK_DLY                      ; LCD:lcdCtrl|CLK_DLY     ; CLK_50      ; 0.000        ; 2.219      ; 2.860      ;
; 0.326 ; Keyboard:Kb|f0_flag_reg                  ; Keyboard:Kb|data_reg[14]                 ; CLK_50                  ; CLK_50      ; 0.000        ; 0.453      ; 0.906      ;
; 0.336 ; Keyboard:Kb|data_reg[0]                  ; Keyboard:Kb|data_reg[11]                 ; Keyboard:Kb|data_reg[0] ; CLK_50      ; 0.000        ; 2.566      ; 3.223      ;
; 0.339 ; LCD:lcdCtrl|NextState.L1                 ; LCD:lcdCtrl|CurrentState.L1              ; LCD:lcdCtrl|CLK_DLY     ; CLK_50      ; 0.000        ; 0.304      ; 0.800      ;
; 0.340 ; Keyboard:Kb|data_reg[0]                  ; Keyboard:Kb|data_reg[9]                  ; Keyboard:Kb|data_reg[0] ; CLK_50      ; 0.000        ; 2.566      ; 3.227      ;
; 0.340 ; Keyboard:Kb|data_reg[0]                  ; Keyboard:Kb|data_reg[10]                 ; Keyboard:Kb|data_reg[0] ; CLK_50      ; 0.000        ; 2.566      ; 3.227      ;
; 0.341 ; Keyboard:Kb|data_reg[0]                  ; Keyboard:Kb|data_reg[8]                  ; Keyboard:Kb|data_reg[0] ; CLK_50      ; 0.000        ; 2.566      ; 3.228      ;
; 0.344 ; Keyboard:Kb|e0_flag_reg                  ; Keyboard:Kb|data_reg[14]                 ; CLK_50                  ; CLK_50      ; 0.000        ; 0.453      ; 0.924      ;
; 0.347 ; LCD:lcdCtrl|NextState.ASK3               ; LCD:lcdCtrl|CurrentState.ASK3            ; LCD:lcdCtrl|CLK_DLY     ; CLK_50      ; 0.000        ; 0.304      ; 0.808      ;
; 0.356 ; LCD:lcdCtrl|NextState.MSG2               ; LCD:lcdCtrl|CurrentState.MSG2            ; LCD:lcdCtrl|CLK_DLY     ; CLK_50      ; 0.000        ; 0.303      ; 0.816      ;
; 0.357 ; LCD:lcdCtrl|NextState.ASK1               ; LCD:lcdCtrl|CurrentState.ASK1            ; LCD:lcdCtrl|CLK_DLY     ; CLK_50      ; 0.000        ; 0.304      ; 0.818      ;
; 0.363 ; LCD:lcdCtrl|NextState.ASK2               ; LCD:lcdCtrl|CurrentState.ASK2            ; LCD:lcdCtrl|CLK_DLY     ; CLK_50      ; 0.000        ; 0.303      ; 0.823      ;
; 0.373 ; LCD:lcdCtrl|NextState.ENTRY              ; LCD:lcdCtrl|CurrentState.ENTRY           ; LCD:lcdCtrl|CLK_DLY     ; CLK_50      ; 0.000        ; 0.303      ; 0.833      ;
; 0.378 ; LCD:lcdCtrl|NextState.L2                 ; LCD:lcdCtrl|CurrentState.L2              ; LCD:lcdCtrl|CLK_DLY     ; CLK_50      ; 0.000        ; 0.303      ; 0.838      ;
; 0.387 ; Keyboard:Kb|data_reg[2]                  ; Keyboard:Kb|data_reg[10]                 ; CLK_50                  ; CLK_50      ; 0.000        ; 0.088      ; 0.602      ;
; 0.393 ; Keyboard:Kb|state_reg                    ; Keyboard:Kb|cnt_reg[2]                   ; CLK_50                  ; CLK_50      ; 0.000        ; 0.056      ; 0.576      ;
; 0.394 ; LCD:lcdCtrl|NextState.D_ON               ; LCD:lcdCtrl|CurrentState.D_ON            ; LCD:lcdCtrl|CLK_DLY     ; CLK_50      ; 0.000        ; 0.303      ; 0.854      ;
; 0.396 ; Keyboard:Kb|state_reg                    ; Keyboard:Kb|cnt_reg[3]                   ; CLK_50                  ; CLK_50      ; 0.000        ; 0.056      ; 0.579      ;
; 0.399 ; LCD:lcdCtrl|NextState.D_OFF              ; LCD:lcdCtrl|CurrentState.D_OFF           ; LCD:lcdCtrl|CLK_DLY     ; CLK_50      ; 0.000        ; 0.304      ; 0.860      ;
; 0.402 ; LCD:lcdCtrl|NextState.LCD_CLR            ; LCD:lcdCtrl|CurrentState.LCD_CLR         ; LCD:lcdCtrl|CLK_DLY     ; CLK_50      ; 0.000        ; 0.303      ; 0.862      ;
; 0.406 ; LCD:lcdCtrl|ClkCnt[5]                    ; LCD:lcdCtrl|ClkCnt[5]                    ; CLK_50                  ; CLK_50      ; 0.000        ; 0.055      ; 0.588      ;
; 0.407 ; Keyboard:Kb|f0_flag_reg                  ; Keyboard:Kb|data_reg[12]                 ; CLK_50                  ; CLK_50      ; 0.000        ; 0.409      ; 0.943      ;
; 0.408 ; LCD:lcdCtrl|ClkCnt[1]                    ; LCD:lcdCtrl|ClkCnt[1]                    ; CLK_50                  ; CLK_50      ; 0.000        ; 0.055      ; 0.590      ;
; 0.408 ; LCD:lcdCtrl|ClkCnt[3]                    ; LCD:lcdCtrl|ClkCnt[3]                    ; CLK_50                  ; CLK_50      ; 0.000        ; 0.055      ; 0.590      ;
; 0.409 ; LCD:lcdCtrl|ClkCnt[2]                    ; LCD:lcdCtrl|ClkCnt[2]                    ; CLK_50                  ; CLK_50      ; 0.000        ; 0.055      ; 0.591      ;
; 0.409 ; LCD:lcdCtrl|ClkCnt[4]                    ; LCD:lcdCtrl|ClkCnt[4]                    ; CLK_50                  ; CLK_50      ; 0.000        ; 0.055      ; 0.591      ;
; 0.413 ; LCD:lcdCtrl|ClkCnt[7]                    ; LCD:lcdCtrl|ClkCnt[7]                    ; CLK_50                  ; CLK_50      ; 0.000        ; 0.055      ; 0.595      ;
; 0.413 ; Keyboard:Kb|state_reg                    ; Keyboard:Kb|error_reg                    ; CLK_50                  ; CLK_50      ; 0.000        ; 0.056      ; 0.596      ;
; 0.414 ; LCD:lcdCtrl|ClkCnt[9]                    ; LCD:lcdCtrl|ClkCnt[9]                    ; CLK_50                  ; CLK_50      ; 0.000        ; 0.055      ; 0.596      ;
; 0.414 ; LCD:lcdCtrl|ClkCnt[10]                   ; LCD:lcdCtrl|ClkCnt[10]                   ; CLK_50                  ; CLK_50      ; 0.000        ; 0.055      ; 0.596      ;
; 0.414 ; LCD:lcdCtrl|ClkCnt[11]                   ; LCD:lcdCtrl|ClkCnt[11]                   ; CLK_50                  ; CLK_50      ; 0.000        ; 0.055      ; 0.596      ;
; 0.415 ; LCD:lcdCtrl|ClkCnt[6]                    ; LCD:lcdCtrl|ClkCnt[6]                    ; CLK_50                  ; CLK_50      ; 0.000        ; 0.055      ; 0.597      ;
; 0.415 ; LCD:lcdCtrl|ClkCnt[8]                    ; LCD:lcdCtrl|ClkCnt[8]                    ; CLK_50                  ; CLK_50      ; 0.000        ; 0.055      ; 0.597      ;
; 0.415 ; LCD:lcdCtrl|ClkCnt[13]                   ; LCD:lcdCtrl|ClkCnt[13]                   ; CLK_50                  ; CLK_50      ; 0.000        ; 0.055      ; 0.597      ;
; 0.415 ; LCD:lcdCtrl|ClkCnt[15]                   ; LCD:lcdCtrl|ClkCnt[15]                   ; CLK_50                  ; CLK_50      ; 0.000        ; 0.055      ; 0.597      ;
; 0.416 ; LCD:lcdCtrl|ClkCnt[18]                   ; LCD:lcdCtrl|ClkCnt[18]                   ; CLK_50                  ; CLK_50      ; 0.000        ; 0.055      ; 0.598      ;
; 0.416 ; LCD:lcdCtrl|ClkCnt[12]                   ; LCD:lcdCtrl|ClkCnt[12]                   ; CLK_50                  ; CLK_50      ; 0.000        ; 0.055      ; 0.598      ;
; 0.417 ; LCD:lcdCtrl|ClkCnt[14]                   ; LCD:lcdCtrl|ClkCnt[14]                   ; CLK_50                  ; CLK_50      ; 0.000        ; 0.055      ; 0.599      ;
; 0.417 ; LCD:lcdCtrl|ClkCnt[16]                   ; LCD:lcdCtrl|ClkCnt[16]                   ; CLK_50                  ; CLK_50      ; 0.000        ; 0.055      ; 0.599      ;
; 0.417 ; LCD:lcdCtrl|ClkCnt[17]                   ; LCD:lcdCtrl|ClkCnt[17]                   ; CLK_50                  ; CLK_50      ; 0.000        ; 0.055      ; 0.599      ;
; 0.425 ; LCD:lcdCtrl|ClkCnt[0]                    ; LCD:lcdCtrl|ClkCnt[0]                    ; CLK_50                  ; CLK_50      ; 0.000        ; 0.055      ; 0.607      ;
; 0.427 ; Keyboard:Kb|Debounce:deb_inst|cnt_reg[0] ; Keyboard:Kb|Debounce:deb_inst|cnt_reg[1] ; CLK_50                  ; CLK_50      ; 0.000        ; 0.056      ; 0.610      ;
; 0.429 ; Keyboard:Kb|Debounce:deb_inst|ff_reg[1]  ; Keyboard:Kb|Debounce:deb_inst|cnt_reg[0] ; CLK_50                  ; CLK_50      ; 0.000        ; 0.056      ; 0.612      ;
; 0.429 ; Keyboard:Kb|package_reg[2]               ; Keyboard:Kb|package_reg[1]               ; CLK_50                  ; CLK_50      ; 0.000        ; 0.056      ; 0.612      ;
; 0.430 ; Keyboard:Kb|Debounce:deb_inst|ff_reg[1]  ; Keyboard:Kb|Debounce:deb_inst|out_reg    ; CLK_50                  ; CLK_50      ; 0.000        ; 0.056      ; 0.613      ;
; 0.433 ; Keyboard:Kb|Debounce:deb_inst|ff_reg[1]  ; Keyboard:Kb|Debounce:deb_inst|cnt_reg[1] ; CLK_50                  ; CLK_50      ; 0.000        ; 0.056      ; 0.616      ;
; 0.440 ; Keyboard:Kb|Debounce:deb_inst|cnt_reg[0] ; Keyboard:Kb|Debounce:deb_inst|cnt_reg[2] ; CLK_50                  ; CLK_50      ; 0.000        ; 0.056      ; 0.623      ;
; 0.443 ; Keyboard:Kb|cnt_reg[0]                   ; Keyboard:Kb|cnt_reg[1]                   ; CLK_50                  ; CLK_50      ; 0.000        ; 0.056      ; 0.626      ;
; 0.459 ; Keyboard:Kb|data_reg[7]                  ; Keyboard:Kb|data_reg[15]                 ; CLK_50                  ; CLK_50      ; 0.000        ; 0.034      ; 0.620      ;
; 0.464 ; Keyboard:Kb|state_reg                    ; Keyboard:Kb|cnt_reg[1]                   ; CLK_50                  ; CLK_50      ; 0.000        ; 0.056      ; 0.647      ;
; 0.488 ; Keyboard:Kb|package_reg[9]               ; Keyboard:Kb|data_reg[7]                  ; CLK_50                  ; CLK_50      ; 0.000        ; 0.464      ; 1.079      ;
; 0.493 ; Keyboard:Kb|data_reg[4]                  ; Keyboard:Kb|data_reg[12]                 ; CLK_50                  ; CLK_50      ; 0.000        ; 0.035      ; 0.655      ;
; 0.497 ; Keyboard:Kb|Debounce:deb_inst|cnt_reg[1] ; Keyboard:Kb|Debounce:deb_inst|out_reg    ; CLK_50                  ; CLK_50      ; 0.000        ; 0.056      ; 0.680      ;
; 0.517 ; Keyboard:Kb|Debounce:deb_inst|out_reg    ; Keyboard:Kb|ps2_clk_deb_previous_reg     ; CLK_50                  ; CLK_50      ; 0.000        ; 0.056      ; 0.700      ;
; 0.524 ; Keyboard:Kb|package_reg[6]               ; Keyboard:Kb|package_reg[5]               ; CLK_50                  ; CLK_50      ; 0.000        ; 0.056      ; 0.707      ;
; 0.526 ; Keyboard:Kb|package_reg[6]               ; Keyboard:Kb|f0_flag_reg                  ; CLK_50                  ; CLK_50      ; 0.000        ; 0.056      ; 0.709      ;
; 0.528 ; Keyboard:Kb|state_reg                    ; Keyboard:Kb|cnt_reg[0]                   ; CLK_50                  ; CLK_50      ; 0.000        ; 0.056      ; 0.711      ;
; 0.529 ; Keyboard:Kb|package_reg[6]               ; Keyboard:Kb|e0_flag_reg                  ; CLK_50                  ; CLK_50      ; 0.000        ; 0.056      ; 0.712      ;
; 0.577 ; Keyboard:Kb|ps2_clk_deb_previous_reg     ; Keyboard:Kb|state_reg                    ; CLK_50                  ; CLK_50      ; 0.000        ; 0.068      ; 0.772      ;
; 0.578 ; Keyboard:Kb|ps2_clk_deb_previous_reg     ; Keyboard:Kb|cnt_reg[0]                   ; CLK_50                  ; CLK_50      ; 0.000        ; 0.068      ; 0.773      ;
; 0.579 ; Keyboard:Kb|package_reg[8]               ; Keyboard:Kb|data_reg[7]                  ; CLK_50                  ; CLK_50      ; 0.000        ; 0.464      ; 1.170      ;
; 0.583 ; Keyboard:Kb|ps2_clk_deb_previous_reg     ; Keyboard:Kb|package_reg[1]               ; CLK_50                  ; CLK_50      ; 0.000        ; 0.086      ; 0.796      ;
; 0.587 ; Keyboard:Kb|state_reg                    ; Keyboard:Kb|parity_reg                   ; CLK_50                  ; CLK_50      ; 0.000        ; 0.044      ; 0.758      ;
; 0.594 ; Keyboard:Kb|Debounce:deb_inst|cnt_reg[0] ; Keyboard:Kb|Debounce:deb_inst|out_reg    ; CLK_50                  ; CLK_50      ; 0.000        ; 0.056      ; 0.777      ;
; 0.595 ; Keyboard:Kb|package_reg[8]               ; Keyboard:Kb|data_reg[6]                  ; CLK_50                  ; CLK_50      ; 0.000        ; 0.464      ; 1.186      ;
; 0.605 ; Keyboard:Kb|package_reg[4]               ; Keyboard:Kb|package_reg[3]               ; CLK_50                  ; CLK_50      ; 0.000        ; 0.056      ; 0.788      ;
; 0.606 ; Keyboard:Kb|package_reg[6]               ; Keyboard:Kb|package_reg[6]               ; CLK_50                  ; CLK_50      ; 0.000        ; 0.056      ; 0.789      ;
; 0.608 ; Keyboard:Kb|package_reg[3]               ; Keyboard:Kb|package_reg[2]               ; CLK_50                  ; CLK_50      ; 0.000        ; 0.056      ; 0.791      ;
; 0.625 ; Keyboard:Kb|Debounce:deb_inst|cnt_reg[2] ; Keyboard:Kb|Debounce:deb_inst|out_reg    ; CLK_50                  ; CLK_50      ; 0.000        ; 0.056      ; 0.808      ;
; 0.627 ; Keyboard:Kb|cnt_reg[3]                   ; Keyboard:Kb|error_reg                    ; CLK_50                  ; CLK_50      ; 0.000        ; 0.056      ; 0.810      ;
; 0.628 ; Keyboard:Kb|f0_flag_reg                  ; Keyboard:Kb|data_reg[13]                 ; CLK_50                  ; CLK_50      ; 0.000        ; 0.453      ; 1.208      ;
; 0.630 ; Keyboard:Kb|f0_flag_reg                  ; Keyboard:Kb|data_reg[15]                 ; CLK_50                  ; CLK_50      ; 0.000        ; 0.453      ; 1.210      ;
; 0.631 ; Keyboard:Kb|data_reg[1]                  ; Keyboard:Kb|data_reg[9]                  ; CLK_50                  ; CLK_50      ; 0.000        ; 0.088      ; 0.846      ;
; 0.633 ; LCD:lcdCtrl|ClkCnt[5]                    ; LCD:lcdCtrl|ClkCnt[6]                    ; CLK_50                  ; CLK_50      ; 0.000        ; 0.055      ; 0.815      ;
+-------+------------------------------------------+------------------------------------------+-------------------------+-------------+--------------+------------+------------+


+---------------------------------------------------------------------------------------------------------------------------------------------------------------+
; Fast 1000mV 0C Model Hold: 'LCD:lcdCtrl|CLK_DLY'                                                                                                              ;
+-------+----------------------------------+-------------------------------+---------------------+---------------------+--------------+------------+------------+
; Slack ; From Node                        ; To Node                       ; Launch Clock        ; Latch Clock         ; Relationship ; Clock Skew ; Data Delay ;
+-------+----------------------------------+-------------------------------+---------------------+---------------------+--------------+------------+------------+
; 0.274 ; LCD:lcdCtrl|CNT1[0]              ; LCD:lcdCtrl|CNT1[1]           ; LCD:lcdCtrl|CLK_DLY ; LCD:lcdCtrl|CLK_DLY ; 0.000        ; 0.056      ; 0.457      ;
; 0.279 ; LCD:lcdCtrl|Rs                   ; LCD:lcdCtrl|Rs                ; LCD:lcdCtrl|CLK_DLY ; LCD:lcdCtrl|CLK_DLY ; 0.000        ; 0.057      ; 0.463      ;
; 0.279 ; LCD:lcdCtrl|NextState.D_OFF      ; LCD:lcdCtrl|NextState.D_OFF   ; LCD:lcdCtrl|CLK_DLY ; LCD:lcdCtrl|CLK_DLY ; 0.000        ; 0.057      ; 0.463      ;
; 0.280 ; LCD:lcdCtrl|Data[6]              ; LCD:lcdCtrl|Data[6]           ; LCD:lcdCtrl|CLK_DLY ; LCD:lcdCtrl|CLK_DLY ; 0.000        ; 0.056      ; 0.463      ;
; 0.280 ; LCD:lcdCtrl|Data[5]              ; LCD:lcdCtrl|Data[5]           ; LCD:lcdCtrl|CLK_DLY ; LCD:lcdCtrl|CLK_DLY ; 0.000        ; 0.056      ; 0.463      ;
; 0.280 ; LCD:lcdCtrl|Data[4]              ; LCD:lcdCtrl|Data[4]           ; LCD:lcdCtrl|CLK_DLY ; LCD:lcdCtrl|CLK_DLY ; 0.000        ; 0.056      ; 0.463      ;
; 0.280 ; LCD:lcdCtrl|CNT2[1]              ; LCD:lcdCtrl|CNT2[1]           ; LCD:lcdCtrl|CLK_DLY ; LCD:lcdCtrl|CLK_DLY ; 0.000        ; 0.056      ; 0.463      ;
; 0.280 ; LCD:lcdCtrl|CNT2[2]              ; LCD:lcdCtrl|CNT2[2]           ; LCD:lcdCtrl|CLK_DLY ; LCD:lcdCtrl|CLK_DLY ; 0.000        ; 0.056      ; 0.463      ;
; 0.280 ; LCD:lcdCtrl|CNT2[0]              ; LCD:lcdCtrl|CNT2[0]           ; LCD:lcdCtrl|CLK_DLY ; LCD:lcdCtrl|CLK_DLY ; 0.000        ; 0.056      ; 0.463      ;
; 0.280 ; LCD:lcdCtrl|NextState.LCD_CLR    ; LCD:lcdCtrl|NextState.LCD_CLR ; LCD:lcdCtrl|CLK_DLY ; LCD:lcdCtrl|CLK_DLY ; 0.000        ; 0.056      ; 0.463      ;
; 0.280 ; LCD:lcdCtrl|CNT2[3]              ; LCD:lcdCtrl|CNT2[3]           ; LCD:lcdCtrl|CLK_DLY ; LCD:lcdCtrl|CLK_DLY ; 0.000        ; 0.056      ; 0.463      ;
; 0.283 ; LCD:lcdCtrl|EN                   ; LCD:lcdCtrl|EN                ; LCD:lcdCtrl|CLK_DLY ; LCD:lcdCtrl|CLK_DLY ; 0.000        ; 0.056      ; 0.466      ;
; 0.283 ; LCD:lcdCtrl|CNT1[0]              ; LCD:lcdCtrl|CNT1[0]           ; LCD:lcdCtrl|CLK_DLY ; LCD:lcdCtrl|CLK_DLY ; 0.000        ; 0.056      ; 0.466      ;
; 0.283 ; LCD:lcdCtrl|CNT1[1]              ; LCD:lcdCtrl|CNT1[1]           ; LCD:lcdCtrl|CLK_DLY ; LCD:lcdCtrl|CLK_DLY ; 0.000        ; 0.056      ; 0.466      ;
; 0.316 ; LCD:lcdCtrl|CNT1[1]              ; LCD:lcdCtrl|CNT1[0]           ; LCD:lcdCtrl|CLK_DLY ; LCD:lcdCtrl|CLK_DLY ; 0.000        ; 0.056      ; 0.499      ;
; 0.356 ; LCD:lcdCtrl|EN                   ; LCD:lcdCtrl|E                 ; LCD:lcdCtrl|CLK_DLY ; LCD:lcdCtrl|CLK_DLY ; 0.000        ; 0.056      ; 0.539      ;
; 0.551 ; LCD:lcdCtrl|CNT2[0]              ; LCD:lcdCtrl|CNT2[1]           ; LCD:lcdCtrl|CLK_DLY ; LCD:lcdCtrl|CLK_DLY ; 0.000        ; 0.056      ; 0.734      ;
; 0.552 ; LCD:lcdCtrl|CNT2[0]              ; LCD:lcdCtrl|CNT2[2]           ; LCD:lcdCtrl|CLK_DLY ; LCD:lcdCtrl|CLK_DLY ; 0.000        ; 0.056      ; 0.735      ;
; 0.581 ; LCD:lcdCtrl|CNT2[2]              ; LCD:lcdCtrl|CNT2[3]           ; LCD:lcdCtrl|CLK_DLY ; LCD:lcdCtrl|CLK_DLY ; 0.000        ; 0.056      ; 0.764      ;
; 0.600 ; LCD:lcdCtrl|CNT1[1]              ; LCD:lcdCtrl|NextState.L1      ; LCD:lcdCtrl|CLK_DLY ; LCD:lcdCtrl|CLK_DLY ; 0.000        ; 0.055      ; 0.782      ;
; 0.627 ; LCD:lcdCtrl|CurrentState.ASK1    ; LCD:lcdCtrl|NextState.MSG1    ; CLK_50              ; LCD:lcdCtrl|CLK_DLY ; 0.000        ; -0.127     ; 0.657      ;
; 0.635 ; LCD:lcdCtrl|Data[1]              ; LCD:lcdCtrl|Data[1]           ; LCD:lcdCtrl|CLK_DLY ; LCD:lcdCtrl|CLK_DLY ; 0.000        ; 0.057      ; 0.819      ;
; 0.642 ; LCD:lcdCtrl|NextState.D_ON       ; LCD:lcdCtrl|NextState.D_ON    ; LCD:lcdCtrl|CLK_DLY ; LCD:lcdCtrl|CLK_DLY ; 0.000        ; 0.056      ; 0.825      ;
; 0.645 ; LCD:lcdCtrl|Data[2]              ; LCD:lcdCtrl|Data[2]           ; LCD:lcdCtrl|CLK_DLY ; LCD:lcdCtrl|CLK_DLY ; 0.000        ; 0.056      ; 0.828      ;
; 0.668 ; LCD:lcdCtrl|CNT1[1]              ; LCD:lcdCtrl|NextState.D_ON    ; LCD:lcdCtrl|CLK_DLY ; LCD:lcdCtrl|CLK_DLY ; 0.000        ; 0.053      ; 0.848      ;
; 0.680 ; LCD:lcdCtrl|Data[7]              ; LCD:lcdCtrl|Data[7]           ; LCD:lcdCtrl|CLK_DLY ; LCD:lcdCtrl|CLK_DLY ; 0.000        ; 0.056      ; 0.863      ;
; 0.681 ; LCD:lcdCtrl|CNT2[1]              ; LCD:lcdCtrl|CNT2[3]           ; LCD:lcdCtrl|CLK_DLY ; LCD:lcdCtrl|CLK_DLY ; 0.000        ; 0.056      ; 0.864      ;
; 0.685 ; LCD:lcdCtrl|CNT2[1]              ; LCD:lcdCtrl|CNT2[2]           ; LCD:lcdCtrl|CLK_DLY ; LCD:lcdCtrl|CLK_DLY ; 0.000        ; 0.056      ; 0.868      ;
; 0.691 ; LCD:lcdCtrl|CurrentState.ASK1    ; LCD:lcdCtrl|Rs                ; CLK_50              ; LCD:lcdCtrl|CLK_DLY ; 0.000        ; -0.127     ; 0.721      ;
; 0.730 ; LCD:lcdCtrl|Data[0]              ; LCD:lcdCtrl|Data[0]           ; LCD:lcdCtrl|CLK_DLY ; LCD:lcdCtrl|CLK_DLY ; 0.000        ; 0.056      ; 0.913      ;
; 0.736 ; LCD:lcdCtrl|Data[3]              ; LCD:lcdCtrl|Data[3]           ; LCD:lcdCtrl|CLK_DLY ; LCD:lcdCtrl|CLK_DLY ; 0.000        ; 0.056      ; 0.919      ;
; 0.761 ; LCD:lcdCtrl|CurrentState.D_ON    ; LCD:lcdCtrl|Data[0]           ; CLK_50              ; LCD:lcdCtrl|CLK_DLY ; 0.000        ; -0.127     ; 0.791      ;
; 0.803 ; LCD:lcdCtrl|NextState.MSG2       ; LCD:lcdCtrl|NextState.MSG2    ; LCD:lcdCtrl|CLK_DLY ; LCD:lcdCtrl|CLK_DLY ; 0.000        ; 0.057      ; 0.987      ;
; 0.824 ; LCD:lcdCtrl|NextState.ENTRY      ; LCD:lcdCtrl|NextState.ENTRY   ; LCD:lcdCtrl|CLK_DLY ; LCD:lcdCtrl|CLK_DLY ; 0.000        ; 0.056      ; 1.007      ;
; 0.833 ; LCD:lcdCtrl|CurrentState.ASK2    ; LCD:lcdCtrl|Rs                ; CLK_50              ; LCD:lcdCtrl|CLK_DLY ; 0.000        ; -0.129     ; 0.861      ;
; 0.840 ; LCD:lcdCtrl|NextState.ASK3       ; LCD:lcdCtrl|NextState.ASK3    ; LCD:lcdCtrl|CLK_DLY ; LCD:lcdCtrl|CLK_DLY ; 0.000        ; 0.057      ; 1.024      ;
; 0.841 ; LCD:lcdCtrl|CNT2[0]              ; LCD:lcdCtrl|CNT2[3]           ; LCD:lcdCtrl|CLK_DLY ; LCD:lcdCtrl|CLK_DLY ; 0.000        ; 0.056      ; 1.024      ;
; 0.844 ; LCD:lcdCtrl|CurrentState.ENTRY   ; LCD:lcdCtrl|NextState.D_ON    ; CLK_50              ; LCD:lcdCtrl|CLK_DLY ; 0.000        ; -0.129     ; 0.872      ;
; 0.846 ; LCD:lcdCtrl|NextState.L1         ; LCD:lcdCtrl|NextState.L1      ; LCD:lcdCtrl|CLK_DLY ; LCD:lcdCtrl|CLK_DLY ; 0.000        ; 0.057      ; 1.030      ;
; 0.856 ; LCD:lcdCtrl|NextState.MSG1       ; LCD:lcdCtrl|NextState.MSG1    ; LCD:lcdCtrl|CLK_DLY ; LCD:lcdCtrl|CLK_DLY ; 0.000        ; 0.057      ; 1.040      ;
; 0.857 ; LCD:lcdCtrl|NextState.ASK1       ; LCD:lcdCtrl|NextState.ASK1    ; LCD:lcdCtrl|CLK_DLY ; LCD:lcdCtrl|CLK_DLY ; 0.000        ; 0.057      ; 1.041      ;
; 0.862 ; LCD:lcdCtrl|CurrentState.ASK2    ; LCD:lcdCtrl|NextState.MSG2    ; CLK_50              ; LCD:lcdCtrl|CLK_DLY ; 0.000        ; -0.129     ; 0.890      ;
; 0.867 ; LCD:lcdCtrl|CNT1[1]              ; LCD:lcdCtrl|NextState.D_OFF   ; LCD:lcdCtrl|CLK_DLY ; LCD:lcdCtrl|CLK_DLY ; 0.000        ; 0.055      ; 1.049      ;
; 0.873 ; LCD:lcdCtrl|CurrentState.MSG1    ; LCD:lcdCtrl|NextState.MSG2    ; CLK_50              ; LCD:lcdCtrl|CLK_DLY ; 0.000        ; -0.128     ; 0.902      ;
; 0.934 ; LCD:lcdCtrl|CNT2[3]              ; LCD:lcdCtrl|Data[0]           ; LCD:lcdCtrl|CLK_DLY ; LCD:lcdCtrl|CLK_DLY ; 0.000        ; 0.056      ; 1.117      ;
; 0.939 ; LCD:lcdCtrl|CurrentState.MSG1    ; LCD:lcdCtrl|CNT2[3]           ; CLK_50              ; LCD:lcdCtrl|CLK_DLY ; 0.000        ; -0.130     ; 0.966      ;
; 0.940 ; LCD:lcdCtrl|CurrentState.LCD_CLR ; LCD:lcdCtrl|Data[0]           ; CLK_50              ; LCD:lcdCtrl|CLK_DLY ; 0.000        ; -0.127     ; 0.970      ;
; 0.951 ; LCD:lcdCtrl|NextState.L2         ; LCD:lcdCtrl|NextState.L2      ; LCD:lcdCtrl|CLK_DLY ; LCD:lcdCtrl|CLK_DLY ; 0.000        ; 0.056      ; 1.134      ;
; 0.956 ; LCD:lcdCtrl|CNT1[1]              ; LCD:lcdCtrl|NextState.LCD_CLR ; LCD:lcdCtrl|CLK_DLY ; LCD:lcdCtrl|CLK_DLY ; 0.000        ; 0.053      ; 1.136      ;
; 0.969 ; LCD:lcdCtrl|CurrentState.LCD_CLR ; LCD:lcdCtrl|NextState.ENTRY   ; CLK_50              ; LCD:lcdCtrl|CLK_DLY ; 0.000        ; -0.129     ; 0.997      ;
; 0.971 ; LCD:lcdCtrl|CurrentState.L1      ; LCD:lcdCtrl|NextState.D_OFF   ; CLK_50              ; LCD:lcdCtrl|CLK_DLY ; 0.000        ; -0.129     ; 0.999      ;
; 0.976 ; LCD:lcdCtrl|CNT1[1]              ; LCD:lcdCtrl|NextState.ASK1    ; LCD:lcdCtrl|CLK_DLY ; LCD:lcdCtrl|CLK_DLY ; 0.000        ; 0.055      ; 1.158      ;
; 1.016 ; LCD:lcdCtrl|CurrentState.L2      ; LCD:lcdCtrl|Data[6]           ; CLK_50              ; LCD:lcdCtrl|CLK_DLY ; 0.000        ; -0.130     ; 1.043      ;
; 1.020 ; LCD:lcdCtrl|CurrentState.MSG2    ; LCD:lcdCtrl|NextState.MSG1    ; CLK_50              ; LCD:lcdCtrl|CLK_DLY ; 0.000        ; -0.128     ; 1.049      ;
; 1.026 ; LCD:lcdCtrl|CurrentState.MSG1    ; LCD:lcdCtrl|NextState.MSG1    ; CLK_50              ; LCD:lcdCtrl|CLK_DLY ; 0.000        ; -0.128     ; 1.055      ;
; 1.043 ; LCD:lcdCtrl|CNT1[1]              ; LCD:lcdCtrl|NextState.MSG2    ; LCD:lcdCtrl|CLK_DLY ; LCD:lcdCtrl|CLK_DLY ; 0.000        ; 0.057      ; 1.227      ;
; 1.044 ; LCD:lcdCtrl|CNT1[1]              ; LCD:lcdCtrl|NextState.ASK3    ; LCD:lcdCtrl|CLK_DLY ; LCD:lcdCtrl|CLK_DLY ; 0.000        ; 0.055      ; 1.226      ;
; 1.060 ; LCD:lcdCtrl|CurrentState.L2      ; LCD:lcdCtrl|Rs                ; CLK_50              ; LCD:lcdCtrl|CLK_DLY ; 0.000        ; -0.125     ; 1.092      ;
; 1.062 ; LCD:lcdCtrl|CNT2[2]              ; LCD:lcdCtrl|Data[3]           ; LCD:lcdCtrl|CLK_DLY ; LCD:lcdCtrl|CLK_DLY ; 0.000        ; 0.053      ; 1.242      ;
; 1.073 ; LCD:lcdCtrl|CurrentState.MSG2    ; LCD:lcdCtrl|NextState.D_OFF   ; CLK_50              ; LCD:lcdCtrl|CLK_DLY ; 0.000        ; -0.130     ; 1.100      ;
; 1.077 ; LCD:lcdCtrl|CurrentState.MSG2    ; LCD:lcdCtrl|Data[3]           ; CLK_50              ; LCD:lcdCtrl|CLK_DLY ; 0.000        ; -0.133     ; 1.101      ;
; 1.077 ; LCD:lcdCtrl|CNT2[2]              ; LCD:lcdCtrl|Data[5]           ; LCD:lcdCtrl|CLK_DLY ; LCD:lcdCtrl|CLK_DLY ; 0.000        ; 0.058      ; 1.262      ;
; 1.088 ; LCD:lcdCtrl|CurrentState.D_OFF   ; LCD:lcdCtrl|NextState.LCD_CLR ; CLK_50              ; LCD:lcdCtrl|CLK_DLY ; 0.000        ; -0.131     ; 1.114      ;
; 1.098 ; LCD:lcdCtrl|CurrentState.ASK3    ; LCD:lcdCtrl|NextState.ASK3    ; CLK_50              ; LCD:lcdCtrl|CLK_DLY ; 0.000        ; -0.129     ; 1.126      ;
; 1.099 ; LCD:lcdCtrl|CurrentState.MSG2    ; LCD:lcdCtrl|NextState.MSG2    ; CLK_50              ; LCD:lcdCtrl|CLK_DLY ; 0.000        ; -0.128     ; 1.128      ;
; 1.102 ; LCD:lcdCtrl|CurrentState.ASK3    ; LCD:lcdCtrl|Rs                ; CLK_50              ; LCD:lcdCtrl|CLK_DLY ; 0.000        ; -0.127     ; 1.132      ;
; 1.109 ; LCD:lcdCtrl|CurrentState.MSG2    ; LCD:lcdCtrl|Data[7]           ; CLK_50              ; LCD:lcdCtrl|CLK_DLY ; 0.000        ; -0.128     ; 1.138      ;
; 1.123 ; LCD:lcdCtrl|CurrentState.ASK2    ; LCD:lcdCtrl|Data[6]           ; CLK_50              ; LCD:lcdCtrl|CLK_DLY ; 0.000        ; -0.134     ; 1.146      ;
; 1.124 ; LCD:lcdCtrl|CurrentState.L1      ; LCD:lcdCtrl|Data[7]           ; CLK_50              ; LCD:lcdCtrl|CLK_DLY ; 0.000        ; -0.127     ; 1.154      ;
; 1.139 ; LCD:lcdCtrl|CurrentState.L2      ; LCD:lcdCtrl|Data[7]           ; CLK_50              ; LCD:lcdCtrl|CLK_DLY ; 0.000        ; -0.125     ; 1.171      ;
; 1.149 ; LCD:lcdCtrl|CNT2[0]              ; LCD:lcdCtrl|Data[3]           ; LCD:lcdCtrl|CLK_DLY ; LCD:lcdCtrl|CLK_DLY ; 0.000        ; 0.053      ; 1.329      ;
; 1.153 ; LCD:lcdCtrl|CurrentState.MSG1    ; LCD:lcdCtrl|Data[4]           ; CLK_50              ; LCD:lcdCtrl|CLK_DLY ; 0.000        ; -0.128     ; 1.182      ;
; 1.154 ; LCD:lcdCtrl|CurrentState.MSG1    ; LCD:lcdCtrl|NextState.D_OFF   ; CLK_50              ; LCD:lcdCtrl|CLK_DLY ; 0.000        ; -0.130     ; 1.181      ;
; 1.159 ; LCD:lcdCtrl|CurrentState.MSG2    ; LCD:lcdCtrl|NextState.LCD_CLR ; CLK_50              ; LCD:lcdCtrl|CLK_DLY ; 0.000        ; -0.132     ; 1.184      ;
; 1.162 ; LCD:lcdCtrl|CurrentState.L1      ; LCD:lcdCtrl|NextState.ASK3    ; CLK_50              ; LCD:lcdCtrl|CLK_DLY ; 0.000        ; -0.129     ; 1.190      ;
; 1.163 ; LCD:lcdCtrl|CurrentState.MSG1    ; LCD:lcdCtrl|Data[5]           ; CLK_50              ; LCD:lcdCtrl|CLK_DLY ; 0.000        ; -0.128     ; 1.192      ;
; 1.163 ; LCD:lcdCtrl|CNT2[3]              ; LCD:lcdCtrl|Data[7]           ; LCD:lcdCtrl|CLK_DLY ; LCD:lcdCtrl|CLK_DLY ; 0.000        ; 0.058      ; 1.348      ;
; 1.165 ; LCD:lcdCtrl|CurrentState.D_OFF   ; LCD:lcdCtrl|Data[3]           ; CLK_50              ; LCD:lcdCtrl|CLK_DLY ; 0.000        ; -0.132     ; 1.190      ;
; 1.165 ; LCD:lcdCtrl|CNT2[1]              ; LCD:lcdCtrl|Data[5]           ; LCD:lcdCtrl|CLK_DLY ; LCD:lcdCtrl|CLK_DLY ; 0.000        ; 0.058      ; 1.350      ;
; 1.166 ; LCD:lcdCtrl|CurrentState.MSG2    ; LCD:lcdCtrl|Data[2]           ; CLK_50              ; LCD:lcdCtrl|CLK_DLY ; 0.000        ; -0.131     ; 1.192      ;
; 1.168 ; LCD:lcdCtrl|CurrentState.MSG2    ; LCD:lcdCtrl|CNT2[3]           ; CLK_50              ; LCD:lcdCtrl|CLK_DLY ; 0.000        ; -0.130     ; 1.195      ;
; 1.169 ; LCD:lcdCtrl|CNT2[2]              ; LCD:lcdCtrl|NextState.MSG2    ; LCD:lcdCtrl|CLK_DLY ; LCD:lcdCtrl|CLK_DLY ; 0.000        ; 0.058      ; 1.354      ;
; 1.177 ; LCD:lcdCtrl|CNT1[1]              ; LCD:lcdCtrl|NextState.ENTRY   ; LCD:lcdCtrl|CLK_DLY ; LCD:lcdCtrl|CLK_DLY ; 0.000        ; 0.053      ; 1.357      ;
; 1.179 ; LCD:lcdCtrl|CurrentState.MSG1    ; LCD:lcdCtrl|Data[2]           ; CLK_50              ; LCD:lcdCtrl|CLK_DLY ; 0.000        ; -0.131     ; 1.205      ;
; 1.180 ; LCD:lcdCtrl|CurrentState.D_ON    ; LCD:lcdCtrl|NextState.L1      ; CLK_50              ; LCD:lcdCtrl|CLK_DLY ; 0.000        ; -0.127     ; 1.210      ;
; 1.184 ; LCD:lcdCtrl|CurrentState.D_ON    ; LCD:lcdCtrl|Data[2]           ; CLK_50              ; LCD:lcdCtrl|CLK_DLY ; 0.000        ; -0.128     ; 1.213      ;
; 1.190 ; LCD:lcdCtrl|CNT2[2]              ; LCD:lcdCtrl|NextState.D_OFF   ; LCD:lcdCtrl|CLK_DLY ; LCD:lcdCtrl|CLK_DLY ; 0.000        ; 0.056      ; 1.373      ;
; 1.201 ; LCD:lcdCtrl|CNT2[3]              ; LCD:lcdCtrl|Data[5]           ; LCD:lcdCtrl|CLK_DLY ; LCD:lcdCtrl|CLK_DLY ; 0.000        ; 0.058      ; 1.386      ;
; 1.203 ; LCD:lcdCtrl|CNT1[1]              ; LCD:lcdCtrl|NextState.MSG1    ; LCD:lcdCtrl|CLK_DLY ; LCD:lcdCtrl|CLK_DLY ; 0.000        ; 0.057      ; 1.387      ;
; 1.205 ; LCD:lcdCtrl|CurrentState.D_ON    ; LCD:lcdCtrl|NextState.D_ON    ; CLK_50              ; LCD:lcdCtrl|CLK_DLY ; 0.000        ; -0.129     ; 1.233      ;
; 1.213 ; LCD:lcdCtrl|CurrentState.ASK1    ; LCD:lcdCtrl|Data[6]           ; CLK_50              ; LCD:lcdCtrl|CLK_DLY ; 0.000        ; -0.132     ; 1.238      ;
; 1.219 ; LCD:lcdCtrl|CNT1[1]              ; LCD:lcdCtrl|CNT2[1]           ; LCD:lcdCtrl|CLK_DLY ; LCD:lcdCtrl|CLK_DLY ; 0.000        ; 0.055      ; 1.401      ;
; 1.219 ; LCD:lcdCtrl|CNT1[1]              ; LCD:lcdCtrl|CNT2[0]           ; LCD:lcdCtrl|CLK_DLY ; LCD:lcdCtrl|CLK_DLY ; 0.000        ; 0.055      ; 1.401      ;
; 1.220 ; LCD:lcdCtrl|CNT1[1]              ; LCD:lcdCtrl|CNT2[2]           ; LCD:lcdCtrl|CLK_DLY ; LCD:lcdCtrl|CLK_DLY ; 0.000        ; 0.055      ; 1.402      ;
; 1.224 ; LCD:lcdCtrl|CurrentState.D_ON    ; LCD:lcdCtrl|Data[3]           ; CLK_50              ; LCD:lcdCtrl|CLK_DLY ; 0.000        ; -0.130     ; 1.251      ;
; 1.226 ; LCD:lcdCtrl|CNT2[2]              ; LCD:lcdCtrl|Data[4]           ; LCD:lcdCtrl|CLK_DLY ; LCD:lcdCtrl|CLK_DLY ; 0.000        ; 0.058      ; 1.411      ;
; 1.233 ; LCD:lcdCtrl|CurrentState.MSG1    ; LCD:lcdCtrl|Data[7]           ; CLK_50              ; LCD:lcdCtrl|CLK_DLY ; 0.000        ; -0.128     ; 1.262      ;
; 1.240 ; LCD:lcdCtrl|CurrentState.MSG1    ; LCD:lcdCtrl|NextState.LCD_CLR ; CLK_50              ; LCD:lcdCtrl|CLK_DLY ; 0.000        ; -0.132     ; 1.265      ;
; 1.256 ; LCD:lcdCtrl|CNT2[0]              ; LCD:lcdCtrl|NextState.MSG2    ; LCD:lcdCtrl|CLK_DLY ; LCD:lcdCtrl|CLK_DLY ; 0.000        ; 0.058      ; 1.441      ;
; 1.257 ; LCD:lcdCtrl|CurrentState.ASK3    ; LCD:lcdCtrl|Data[6]           ; CLK_50              ; LCD:lcdCtrl|CLK_DLY ; 0.000        ; -0.132     ; 1.282      ;
+-------+----------------------------------+-------------------------------+---------------------+---------------------+--------------+------------+------------+


+------------------------------------------------------------------------------------------------------------------------------------------------------+
; Fast 1000mV 0C Model Hold: 'u0|altpll_0|sd1|pll7|clk[0]'                                                                                             ;
+-------+--------------------+--------------------+-----------------------------+-----------------------------+--------------+------------+------------+
; Slack ; From Node          ; To Node            ; Launch Clock                ; Latch Clock                 ; Relationship ; Clock Skew ; Data Delay ;
+-------+--------------------+--------------------+-----------------------------+-----------------------------+--------------+------------+------------+
; 0.291 ; Sync:U1|radius[10] ; Sync:U1|radius[10] ; u0|altpll_0|sd1|pll7|clk[0] ; u0|altpll_0|sd1|pll7|clk[0] ; 0.000        ; 0.056      ; 0.474      ;
; 0.384 ; Sync:U1|HPOS[10]   ; Sync:U1|HSYNC      ; u0|altpll_0|sd1|pll7|clk[0] ; u0|altpll_0|sd1|pll7|clk[0] ; 0.000        ; 0.057      ; 0.568      ;
; 0.398 ; Sync:U1|VPOS[10]   ; Sync:U1|VSYNC      ; u0|altpll_0|sd1|pll7|clk[0] ; u0|altpll_0|sd1|pll7|clk[0] ; 0.000        ; 0.057      ; 0.582      ;
; 0.421 ; Sync:U1|HPOS[1]    ; Sync:U1|HPOS[1]    ; u0|altpll_0|sd1|pll7|clk[0] ; u0|altpll_0|sd1|pll7|clk[0] ; 0.000        ; 0.058      ; 0.606      ;
; 0.422 ; Sync:U1|br[4]      ; Sync:U1|br[4]      ; u0|altpll_0|sd1|pll7|clk[0] ; u0|altpll_0|sd1|pll7|clk[0] ; 0.000        ; 0.056      ; 0.605      ;
; 0.423 ; Sync:U1|p[8]       ; Sync:U1|p[8]       ; u0|altpll_0|sd1|pll7|clk[0] ; u0|altpll_0|sd1|pll7|clk[0] ; 0.000        ; 0.057      ; 0.607      ;
; 0.423 ; Sync:U1|p[6]       ; Sync:U1|p[6]       ; u0|altpll_0|sd1|pll7|clk[0] ; u0|altpll_0|sd1|pll7|clk[0] ; 0.000        ; 0.057      ; 0.607      ;
; 0.423 ; Sync:U1|b[10]      ; Sync:U1|b[10]      ; u0|altpll_0|sd1|pll7|clk[0] ; u0|altpll_0|sd1|pll7|clk[0] ; 0.000        ; 0.056      ; 0.606      ;
; 0.424 ; Sync:U1|br[8]      ; Sync:U1|br[8]      ; u0|altpll_0|sd1|pll7|clk[0] ; u0|altpll_0|sd1|pll7|clk[0] ; 0.000        ; 0.056      ; 0.607      ;
; 0.424 ; Sync:U1|br[6]      ; Sync:U1|br[6]      ; u0|altpll_0|sd1|pll7|clk[0] ; u0|altpll_0|sd1|pll7|clk[0] ; 0.000        ; 0.056      ; 0.607      ;
; 0.424 ; Sync:U1|radius[4]  ; Sync:U1|radius[4]  ; u0|altpll_0|sd1|pll7|clk[0] ; u0|altpll_0|sd1|pll7|clk[0] ; 0.000        ; 0.056      ; 0.607      ;
; 0.424 ; Sync:U1|radius[1]  ; Sync:U1|radius[1]  ; u0|altpll_0|sd1|pll7|clk[0] ; u0|altpll_0|sd1|pll7|clk[0] ; 0.000        ; 0.056      ; 0.607      ;
; 0.424 ; Sync:U1|p[10]      ; Sync:U1|p[10]      ; u0|altpll_0|sd1|pll7|clk[0] ; u0|altpll_0|sd1|pll7|clk[0] ; 0.000        ; 0.057      ; 0.608      ;
; 0.424 ; Sync:U1|p[7]       ; Sync:U1|p[7]       ; u0|altpll_0|sd1|pll7|clk[0] ; u0|altpll_0|sd1|pll7|clk[0] ; 0.000        ; 0.057      ; 0.608      ;
; 0.424 ; Sync:U1|p[2]       ; Sync:U1|p[2]       ; u0|altpll_0|sd1|pll7|clk[0] ; u0|altpll_0|sd1|pll7|clk[0] ; 0.000        ; 0.057      ; 0.608      ;
; 0.424 ; Sync:U1|a[8]       ; Sync:U1|a[8]       ; u0|altpll_0|sd1|pll7|clk[0] ; u0|altpll_0|sd1|pll7|clk[0] ; 0.000        ; 0.056      ; 0.607      ;
; 0.424 ; Sync:U1|a[6]       ; Sync:U1|a[6]       ; u0|altpll_0|sd1|pll7|clk[0] ; u0|altpll_0|sd1|pll7|clk[0] ; 0.000        ; 0.056      ; 0.607      ;
; 0.425 ; Sync:U1|br[10]     ; Sync:U1|br[10]     ; u0|altpll_0|sd1|pll7|clk[0] ; u0|altpll_0|sd1|pll7|clk[0] ; 0.000        ; 0.056      ; 0.608      ;
; 0.425 ; Sync:U1|br[7]      ; Sync:U1|br[7]      ; u0|altpll_0|sd1|pll7|clk[0] ; u0|altpll_0|sd1|pll7|clk[0] ; 0.000        ; 0.056      ; 0.608      ;
; 0.425 ; Sync:U1|br[5]      ; Sync:U1|br[5]      ; u0|altpll_0|sd1|pll7|clk[0] ; u0|altpll_0|sd1|pll7|clk[0] ; 0.000        ; 0.056      ; 0.608      ;
; 0.425 ; Sync:U1|br[2]      ; Sync:U1|br[2]      ; u0|altpll_0|sd1|pll7|clk[0] ; u0|altpll_0|sd1|pll7|clk[0] ; 0.000        ; 0.056      ; 0.608      ;
; 0.425 ; Sync:U1|radius[8]  ; Sync:U1|radius[8]  ; u0|altpll_0|sd1|pll7|clk[0] ; u0|altpll_0|sd1|pll7|clk[0] ; 0.000        ; 0.056      ; 0.608      ;
; 0.425 ; Sync:U1|radius[7]  ; Sync:U1|radius[7]  ; u0|altpll_0|sd1|pll7|clk[0] ; u0|altpll_0|sd1|pll7|clk[0] ; 0.000        ; 0.056      ; 0.608      ;
; 0.425 ; Sync:U1|b[9]       ; Sync:U1|b[9]       ; u0|altpll_0|sd1|pll7|clk[0] ; u0|altpll_0|sd1|pll7|clk[0] ; 0.000        ; 0.056      ; 0.608      ;
; 0.425 ; Sync:U1|b[7]       ; Sync:U1|b[7]       ; u0|altpll_0|sd1|pll7|clk[0] ; u0|altpll_0|sd1|pll7|clk[0] ; 0.000        ; 0.056      ; 0.608      ;
; 0.425 ; Sync:U1|b[5]       ; Sync:U1|b[5]       ; u0|altpll_0|sd1|pll7|clk[0] ; u0|altpll_0|sd1|pll7|clk[0] ; 0.000        ; 0.056      ; 0.608      ;
; 0.425 ; Sync:U1|b[1]       ; Sync:U1|b[1]       ; u0|altpll_0|sd1|pll7|clk[0] ; u0|altpll_0|sd1|pll7|clk[0] ; 0.000        ; 0.056      ; 0.608      ;
; 0.425 ; Sync:U1|a[10]      ; Sync:U1|a[10]      ; u0|altpll_0|sd1|pll7|clk[0] ; u0|altpll_0|sd1|pll7|clk[0] ; 0.000        ; 0.056      ; 0.608      ;
; 0.425 ; Sync:U1|a[5]       ; Sync:U1|a[5]       ; u0|altpll_0|sd1|pll7|clk[0] ; u0|altpll_0|sd1|pll7|clk[0] ; 0.000        ; 0.056      ; 0.608      ;
; 0.425 ; Sync:U1|a[3]       ; Sync:U1|a[3]       ; u0|altpll_0|sd1|pll7|clk[0] ; u0|altpll_0|sd1|pll7|clk[0] ; 0.000        ; 0.056      ; 0.608      ;
; 0.426 ; Sync:U1|radius[9]  ; Sync:U1|radius[9]  ; u0|altpll_0|sd1|pll7|clk[0] ; u0|altpll_0|sd1|pll7|clk[0] ; 0.000        ; 0.056      ; 0.609      ;
; 0.437 ; Sync:U1|HPOS[2]    ; Sync:U1|HPOS[2]    ; u0|altpll_0|sd1|pll7|clk[0] ; u0|altpll_0|sd1|pll7|clk[0] ; 0.000        ; 0.058      ; 0.622      ;
; 0.444 ; Sync:U1|radius[0]  ; Sync:U1|radius[0]  ; u0|altpll_0|sd1|pll7|clk[0] ; u0|altpll_0|sd1|pll7|clk[0] ; 0.000        ; 0.056      ; 0.627      ;
; 0.445 ; Sync:U1|br[0]      ; Sync:U1|br[0]      ; u0|altpll_0|sd1|pll7|clk[0] ; u0|altpll_0|sd1|pll7|clk[0] ; 0.000        ; 0.056      ; 0.628      ;
; 0.458 ; Sync:U1|HPOS[0]    ; Sync:U1|HPOS[0]    ; u0|altpll_0|sd1|pll7|clk[0] ; u0|altpll_0|sd1|pll7|clk[0] ; 0.000        ; 0.058      ; 0.643      ;
; 0.496 ; Sync:U1|br[9]      ; Sync:U1|br[9]      ; u0|altpll_0|sd1|pll7|clk[0] ; u0|altpll_0|sd1|pll7|clk[0] ; 0.000        ; 0.056      ; 0.679      ;
; 0.497 ; Sync:U1|p[3]       ; Sync:U1|p[3]       ; u0|altpll_0|sd1|pll7|clk[0] ; u0|altpll_0|sd1|pll7|clk[0] ; 0.000        ; 0.057      ; 0.681      ;
; 0.498 ; Sync:U1|br[3]      ; Sync:U1|br[3]      ; u0|altpll_0|sd1|pll7|clk[0] ; u0|altpll_0|sd1|pll7|clk[0] ; 0.000        ; 0.056      ; 0.681      ;
; 0.498 ; Sync:U1|b[2]       ; Sync:U1|b[2]       ; u0|altpll_0|sd1|pll7|clk[0] ; u0|altpll_0|sd1|pll7|clk[0] ; 0.000        ; 0.056      ; 0.681      ;
; 0.500 ; Sync:U1|br[1]      ; Sync:U1|br[1]      ; u0|altpll_0|sd1|pll7|clk[0] ; u0|altpll_0|sd1|pll7|clk[0] ; 0.000        ; 0.056      ; 0.683      ;
; 0.503 ; Sync:U1|b[3]       ; Sync:U1|b[3]       ; u0|altpll_0|sd1|pll7|clk[0] ; u0|altpll_0|sd1|pll7|clk[0] ; 0.000        ; 0.056      ; 0.686      ;
; 0.506 ; Sync:U1|p[9]       ; Sync:U1|p[9]       ; u0|altpll_0|sd1|pll7|clk[0] ; u0|altpll_0|sd1|pll7|clk[0] ; 0.000        ; 0.057      ; 0.690      ;
; 0.506 ; Sync:U1|b[8]       ; Sync:U1|b[8]       ; u0|altpll_0|sd1|pll7|clk[0] ; u0|altpll_0|sd1|pll7|clk[0] ; 0.000        ; 0.056      ; 0.689      ;
; 0.506 ; Sync:U1|a[9]       ; Sync:U1|a[9]       ; u0|altpll_0|sd1|pll7|clk[0] ; u0|altpll_0|sd1|pll7|clk[0] ; 0.000        ; 0.056      ; 0.689      ;
; 0.508 ; Sync:U1|radius[3]  ; Sync:U1|radius[3]  ; u0|altpll_0|sd1|pll7|clk[0] ; u0|altpll_0|sd1|pll7|clk[0] ; 0.000        ; 0.056      ; 0.691      ;
; 0.521 ; Sync:U1|m[8]       ; Sync:U1|m[8]       ; u0|altpll_0|sd1|pll7|clk[0] ; u0|altpll_0|sd1|pll7|clk[0] ; 0.000        ; 0.057      ; 0.705      ;
; 0.533 ; Sync:U1|m[10]      ; Sync:U1|m[10]      ; u0|altpll_0|sd1|pll7|clk[0] ; u0|altpll_0|sd1|pll7|clk[0] ; 0.000        ; 0.057      ; 0.717      ;
; 0.553 ; Sync:U1|HPOS[8]    ; Sync:U1|HSYNC      ; u0|altpll_0|sd1|pll7|clk[0] ; u0|altpll_0|sd1|pll7|clk[0] ; 0.000        ; 0.057      ; 0.737      ;
; 0.577 ; Sync:U1|VPOS[5]    ; Sync:U1|VSYNC      ; u0|altpll_0|sd1|pll7|clk[0] ; u0|altpll_0|sd1|pll7|clk[0] ; 0.000        ; 0.057      ; 0.761      ;
; 0.625 ; Sync:U1|m[2]       ; Sync:U1|m[2]       ; u0|altpll_0|sd1|pll7|clk[0] ; u0|altpll_0|sd1|pll7|clk[0] ; 0.000        ; 0.057      ; 0.809      ;
; 0.644 ; Sync:U1|radius[6]  ; Sync:U1|radius[6]  ; u0|altpll_0|sd1|pll7|clk[0] ; u0|altpll_0|sd1|pll7|clk[0] ; 0.000        ; 0.056      ; 0.827      ;
; 0.644 ; Sync:U1|b[6]       ; Sync:U1|b[6]       ; u0|altpll_0|sd1|pll7|clk[0] ; u0|altpll_0|sd1|pll7|clk[0] ; 0.000        ; 0.056      ; 0.827      ;
; 0.647 ; Sync:U1|m[7]       ; Sync:U1|m[7]       ; u0|altpll_0|sd1|pll7|clk[0] ; u0|altpll_0|sd1|pll7|clk[0] ; 0.000        ; 0.057      ; 0.831      ;
; 0.647 ; Sync:U1|HPOS[1]    ; Sync:U1|HPOS[2]    ; u0|altpll_0|sd1|pll7|clk[0] ; u0|altpll_0|sd1|pll7|clk[0] ; 0.000        ; 0.058      ; 0.832      ;
; 0.649 ; Sync:U1|p[7]       ; Sync:U1|p[8]       ; u0|altpll_0|sd1|pll7|clk[0] ; u0|altpll_0|sd1|pll7|clk[0] ; 0.000        ; 0.057      ; 0.833      ;
; 0.650 ; Sync:U1|m[9]       ; Sync:U1|m[9]       ; u0|altpll_0|sd1|pll7|clk[0] ; u0|altpll_0|sd1|pll7|clk[0] ; 0.000        ; 0.057      ; 0.834      ;
; 0.650 ; Sync:U1|b[9]       ; Sync:U1|b[10]      ; u0|altpll_0|sd1|pll7|clk[0] ; u0|altpll_0|sd1|pll7|clk[0] ; 0.000        ; 0.056      ; 0.833      ;
; 0.650 ; Sync:U1|br[7]      ; Sync:U1|br[8]      ; u0|altpll_0|sd1|pll7|clk[0] ; u0|altpll_0|sd1|pll7|clk[0] ; 0.000        ; 0.056      ; 0.833      ;
; 0.650 ; Sync:U1|br[5]      ; Sync:U1|br[6]      ; u0|altpll_0|sd1|pll7|clk[0] ; u0|altpll_0|sd1|pll7|clk[0] ; 0.000        ; 0.056      ; 0.833      ;
; 0.650 ; Sync:U1|a[5]       ; Sync:U1|a[6]       ; u0|altpll_0|sd1|pll7|clk[0] ; u0|altpll_0|sd1|pll7|clk[0] ; 0.000        ; 0.056      ; 0.833      ;
; 0.650 ; Sync:U1|br[4]      ; Sync:U1|br[5]      ; u0|altpll_0|sd1|pll7|clk[0] ; u0|altpll_0|sd1|pll7|clk[0] ; 0.000        ; 0.056      ; 0.833      ;
; 0.650 ; Sync:U1|radius[7]  ; Sync:U1|radius[8]  ; u0|altpll_0|sd1|pll7|clk[0] ; u0|altpll_0|sd1|pll7|clk[0] ; 0.000        ; 0.056      ; 0.833      ;
; 0.650 ; Sync:U1|b[1]       ; Sync:U1|b[2]       ; u0|altpll_0|sd1|pll7|clk[0] ; u0|altpll_0|sd1|pll7|clk[0] ; 0.000        ; 0.056      ; 0.833      ;
; 0.650 ; Sync:U1|b[7]       ; Sync:U1|b[8]       ; u0|altpll_0|sd1|pll7|clk[0] ; u0|altpll_0|sd1|pll7|clk[0] ; 0.000        ; 0.056      ; 0.833      ;
; 0.651 ; Sync:U1|radius[9]  ; Sync:U1|radius[10] ; u0|altpll_0|sd1|pll7|clk[0] ; u0|altpll_0|sd1|pll7|clk[0] ; 0.000        ; 0.056      ; 0.834      ;
; 0.652 ; Sync:U1|radius[0]  ; Sync:U1|radius[1]  ; u0|altpll_0|sd1|pll7|clk[0] ; u0|altpll_0|sd1|pll7|clk[0] ; 0.000        ; 0.056      ; 0.835      ;
; 0.652 ; Sync:U1|p[6]       ; Sync:U1|p[7]       ; u0|altpll_0|sd1|pll7|clk[0] ; u0|altpll_0|sd1|pll7|clk[0] ; 0.000        ; 0.057      ; 0.836      ;
; 0.652 ; Sync:U1|p[2]       ; Sync:U1|p[3]       ; u0|altpll_0|sd1|pll7|clk[0] ; u0|altpll_0|sd1|pll7|clk[0] ; 0.000        ; 0.057      ; 0.836      ;
; 0.652 ; Sync:U1|p[8]       ; Sync:U1|p[9]       ; u0|altpll_0|sd1|pll7|clk[0] ; u0|altpll_0|sd1|pll7|clk[0] ; 0.000        ; 0.057      ; 0.836      ;
; 0.653 ; Sync:U1|br[6]      ; Sync:U1|br[7]      ; u0|altpll_0|sd1|pll7|clk[0] ; u0|altpll_0|sd1|pll7|clk[0] ; 0.000        ; 0.056      ; 0.836      ;
; 0.653 ; Sync:U1|radius[6]  ; Sync:U1|radius[7]  ; u0|altpll_0|sd1|pll7|clk[0] ; u0|altpll_0|sd1|pll7|clk[0] ; 0.000        ; 0.056      ; 0.836      ;
; 0.653 ; Sync:U1|b[6]       ; Sync:U1|b[7]       ; u0|altpll_0|sd1|pll7|clk[0] ; u0|altpll_0|sd1|pll7|clk[0] ; 0.000        ; 0.056      ; 0.836      ;
; 0.653 ; Sync:U1|b[4]       ; Sync:U1|b[5]       ; u0|altpll_0|sd1|pll7|clk[0] ; u0|altpll_0|sd1|pll7|clk[0] ; 0.000        ; 0.056      ; 0.836      ;
; 0.653 ; Sync:U1|br[8]      ; Sync:U1|br[9]      ; u0|altpll_0|sd1|pll7|clk[0] ; u0|altpll_0|sd1|pll7|clk[0] ; 0.000        ; 0.056      ; 0.836      ;
; 0.653 ; Sync:U1|br[2]      ; Sync:U1|br[3]      ; u0|altpll_0|sd1|pll7|clk[0] ; u0|altpll_0|sd1|pll7|clk[0] ; 0.000        ; 0.056      ; 0.836      ;
; 0.653 ; Sync:U1|br[0]      ; Sync:U1|br[1]      ; u0|altpll_0|sd1|pll7|clk[0] ; u0|altpll_0|sd1|pll7|clk[0] ; 0.000        ; 0.056      ; 0.836      ;
; 0.653 ; Sync:U1|a[8]       ; Sync:U1|a[9]       ; u0|altpll_0|sd1|pll7|clk[0] ; u0|altpll_0|sd1|pll7|clk[0] ; 0.000        ; 0.056      ; 0.836      ;
; 0.653 ; Sync:U1|radius[2]  ; Sync:U1|radius[3]  ; u0|altpll_0|sd1|pll7|clk[0] ; u0|altpll_0|sd1|pll7|clk[0] ; 0.000        ; 0.056      ; 0.836      ;
; 0.654 ; Sync:U1|b[0]       ; Sync:U1|b[1]       ; u0|altpll_0|sd1|pll7|clk[0] ; u0|altpll_0|sd1|pll7|clk[0] ; 0.000        ; 0.056      ; 0.837      ;
; 0.654 ; Sync:U1|radius[8]  ; Sync:U1|radius[9]  ; u0|altpll_0|sd1|pll7|clk[0] ; u0|altpll_0|sd1|pll7|clk[0] ; 0.000        ; 0.056      ; 0.837      ;
; 0.655 ; Sync:U1|p[5]       ; Sync:U1|p[6]       ; u0|altpll_0|sd1|pll7|clk[0] ; u0|altpll_0|sd1|pll7|clk[0] ; 0.000        ; 0.057      ; 0.839      ;
; 0.657 ; Sync:U1|br[4]      ; Sync:U1|br[6]      ; u0|altpll_0|sd1|pll7|clk[0] ; u0|altpll_0|sd1|pll7|clk[0] ; 0.000        ; 0.056      ; 0.840      ;
; 0.659 ; Sync:U1|p[8]       ; Sync:U1|p[10]      ; u0|altpll_0|sd1|pll7|clk[0] ; u0|altpll_0|sd1|pll7|clk[0] ; 0.000        ; 0.057      ; 0.843      ;
; 0.659 ; Sync:U1|p[6]       ; Sync:U1|p[8]       ; u0|altpll_0|sd1|pll7|clk[0] ; u0|altpll_0|sd1|pll7|clk[0] ; 0.000        ; 0.057      ; 0.843      ;
; 0.660 ; Sync:U1|br[2]      ; Sync:U1|br[4]      ; u0|altpll_0|sd1|pll7|clk[0] ; u0|altpll_0|sd1|pll7|clk[0] ; 0.000        ; 0.056      ; 0.843      ;
; 0.660 ; Sync:U1|a[6]       ; Sync:U1|a[8]       ; u0|altpll_0|sd1|pll7|clk[0] ; u0|altpll_0|sd1|pll7|clk[0] ; 0.000        ; 0.056      ; 0.843      ;
; 0.660 ; Sync:U1|br[8]      ; Sync:U1|br[10]     ; u0|altpll_0|sd1|pll7|clk[0] ; u0|altpll_0|sd1|pll7|clk[0] ; 0.000        ; 0.056      ; 0.843      ;
; 0.660 ; Sync:U1|br[0]      ; Sync:U1|br[2]      ; u0|altpll_0|sd1|pll7|clk[0] ; u0|altpll_0|sd1|pll7|clk[0] ; 0.000        ; 0.056      ; 0.843      ;
; 0.660 ; Sync:U1|a[8]       ; Sync:U1|a[10]      ; u0|altpll_0|sd1|pll7|clk[0] ; u0|altpll_0|sd1|pll7|clk[0] ; 0.000        ; 0.056      ; 0.843      ;
; 0.660 ; Sync:U1|br[6]      ; Sync:U1|br[8]      ; u0|altpll_0|sd1|pll7|clk[0] ; u0|altpll_0|sd1|pll7|clk[0] ; 0.000        ; 0.056      ; 0.843      ;
; 0.661 ; Sync:U1|b[0]       ; Sync:U1|b[2]       ; u0|altpll_0|sd1|pll7|clk[0] ; u0|altpll_0|sd1|pll7|clk[0] ; 0.000        ; 0.056      ; 0.844      ;
; 0.661 ; Sync:U1|radius[8]  ; Sync:U1|radius[10] ; u0|altpll_0|sd1|pll7|clk[0] ; u0|altpll_0|sd1|pll7|clk[0] ; 0.000        ; 0.056      ; 0.844      ;
; 0.662 ; Sync:U1|p[5]       ; Sync:U1|p[7]       ; u0|altpll_0|sd1|pll7|clk[0] ; u0|altpll_0|sd1|pll7|clk[0] ; 0.000        ; 0.057      ; 0.846      ;
; 0.663 ; Sync:U1|p[0]       ; Sync:U1|p[2]       ; u0|altpll_0|sd1|pll7|clk[0] ; u0|altpll_0|sd1|pll7|clk[0] ; 0.000        ; 0.057      ; 0.847      ;
; 0.666 ; Sync:U1|HPOS[0]    ; Sync:U1|HPOS[1]    ; u0|altpll_0|sd1|pll7|clk[0] ; u0|altpll_0|sd1|pll7|clk[0] ; 0.000        ; 0.058      ; 0.851      ;
; 0.666 ; Sync:U1|b[0]       ; Sync:U1|b[0]       ; u0|altpll_0|sd1|pll7|clk[0] ; u0|altpll_0|sd1|pll7|clk[0] ; 0.000        ; 0.056      ; 0.849      ;
; 0.673 ; Sync:U1|HPOS[0]    ; Sync:U1|HPOS[2]    ; u0|altpll_0|sd1|pll7|clk[0] ; u0|altpll_0|sd1|pll7|clk[0] ; 0.000        ; 0.058      ; 0.858      ;
; 0.708 ; Sync:U1|HPOS[9]    ; Sync:U1|HSYNC      ; u0|altpll_0|sd1|pll7|clk[0] ; u0|altpll_0|sd1|pll7|clk[0] ; 0.000        ; 0.057      ; 0.892      ;
; 0.711 ; Sync:U1|radius[5]  ; Sync:U1|radius[5]  ; u0|altpll_0|sd1|pll7|clk[0] ; u0|altpll_0|sd1|pll7|clk[0] ; 0.000        ; 0.056      ; 0.894      ;
; 0.711 ; Sync:U1|p[4]       ; Sync:U1|p[4]       ; u0|altpll_0|sd1|pll7|clk[0] ; u0|altpll_0|sd1|pll7|clk[0] ; 0.000        ; 0.057      ; 0.895      ;
+-------+--------------------+--------------------+-----------------------------+-----------------------------+--------------+------------+------------+


----------------------------------------------
; Fast 1000mV 0C Model Metastability Summary ;
----------------------------------------------
The design MTBF is not calculated because there are no specified synchronizers in the design.
Number of Synchronizer Chains Found: 1
Shortest Synchronizer Chain: 2 Registers
Fraction of Chains for which MTBFs Could Not be Calculated: 1.000
Worst Case Available Settling Time: 35.098 ns




+---------------------------------------------------------------------------------------------+
; Multicorner Timing Analysis Summary                                                         ;
+------------------------------+-----------+-------+----------+---------+---------------------+
; Clock                        ; Setup     ; Hold  ; Recovery ; Removal ; Minimum Pulse Width ;
+------------------------------+-----------+-------+----------+---------+---------------------+
; Worst-case Slack             ; -41.063   ; 0.141 ; N/A      ; N/A     ; -1.763              ;
;  CLK_50                      ; -1.569    ; 0.255 ; N/A      ; N/A     ; 9.567               ;
;  Keyboard:Kb|data_reg[0]     ; -9.117    ; 0.141 ; N/A      ; N/A     ; -0.257              ;
;  LCD:lcdCtrl|CLK_DLY         ; -6.600    ; 0.274 ; N/A      ; N/A     ; -1.763              ;
;  u0|altpll_0|sd1|pll7|clk[0] ; -41.063   ; 0.291 ; N/A      ; N/A     ; 4.292               ;
; Design-wide TNS              ; -1632.495 ; 0.0   ; 0.0      ; 0.0     ; -51.142             ;
;  CLK_50                      ; -19.549   ; 0.000 ; N/A      ; N/A     ; 0.000               ;
;  Keyboard:Kb|data_reg[0]     ; -26.307   ; 0.000 ; N/A      ; N/A     ; -1.778              ;
;  LCD:lcdCtrl|CLK_DLY         ; -106.323  ; 0.000 ; N/A      ; N/A     ; -49.364             ;
;  u0|altpll_0|sd1|pll7|clk[0] ; -1480.316 ; 0.000 ; N/A      ; N/A     ; 0.000               ;
+------------------------------+-----------+-------+----------+---------+---------------------+


+------------------------------------------------------------------------------------------------------------------------------------------------------------------------------------------------------------------------------------------------------------------------------------------------------------------------------------------------------------------------------------------------------------------+
; Board Trace Model Assignments                                                                                                                                                                                                                                                                                                                                                                                    ;
+---------------+--------------+-------------------+-------------------------+-------------------------+---------------+---------------------+----------------+------------------+--------+------------------+------------------------+------------------------+--------------+---------------+-----------------+-------+---------------------+--------------------+---------------+-----------------+-------------+
; Pin           ; I/O Standard ; Near Tline Length ; Near Tline L per Length ; Near Tline C per Length ; Near Series R ; Near Differential R ; Near Pull-up R ; Near Pull-down R ; Near C ; Far Tline Length ; Far Tline L per Length ; Far Tline C per Length ; Far Series R ; Far Pull-up R ; Far Pull-down R ; Far C ; Termination Voltage ; Far Differential R ; EBD File Name ; EBD Signal Name ; EBD Far-end ;
+---------------+--------------+-------------------+-------------------------+-------------------------+---------------+---------------------+----------------+------------------+--------+------------------+------------------------+------------------------+--------------+---------------+-----------------+-------+---------------------+--------------------+---------------+-----------------+-------------+
; VGA_HS        ; 2.5 V        ; 0 in              ; 0 H/in                  ; 0 F/in                  ; short         ; -                   ; open           ; open             ; open   ; 0 in             ; 0 H/in                 ; 0 F/in                 ; short        ; open          ; open            ; open  ; 0 V                 ; -                  ; n/a           ; n/a             ; n/a         ;
; VGA_VS        ; 2.5 V        ; 0 in              ; 0 H/in                  ; 0 F/in                  ; short         ; -                   ; open           ; open             ; open   ; 0 in             ; 0 H/in                 ; 0 F/in                 ; short        ; open          ; open            ; open  ; 0 V                 ; -                  ; n/a           ; n/a             ; n/a         ;
; VGA_CLK       ; 2.5 V        ; 0 in              ; 0 H/in                  ; 0 F/in                  ; short         ; -                   ; open           ; open             ; open   ; 0 in             ; 0 H/in                 ; 0 F/in                 ; short        ; open          ; open            ; open  ; 0 V                 ; -                  ; n/a           ; n/a             ; n/a         ;
; VGA_SYNC_N    ; 2.5 V        ; 0 in              ; 0 H/in                  ; 0 F/in                  ; short         ; -                   ; open           ; open             ; open   ; 0 in             ; 0 H/in                 ; 0 F/in                 ; short        ; open          ; open            ; open  ; 0 V                 ; -                  ; n/a           ; n/a             ; n/a         ;
; VGA_BLANK_N   ; 2.5 V        ; 0 in              ; 0 H/in                  ; 0 F/in                  ; short         ; -                   ; open           ; open             ; open   ; 0 in             ; 0 H/in                 ; 0 F/in                 ; short        ; open          ; open            ; open  ; 0 V                 ; -                  ; n/a           ; n/a             ; n/a         ;
; VGA_R[0]      ; 2.5 V        ; 0 in              ; 0 H/in                  ; 0 F/in                  ; short         ; -                   ; open           ; open             ; open   ; 0 in             ; 0 H/in                 ; 0 F/in                 ; short        ; open          ; open            ; open  ; 0 V                 ; -                  ; n/a           ; n/a             ; n/a         ;
; VGA_R[1]      ; 2.5 V        ; 0 in              ; 0 H/in                  ; 0 F/in                  ; short         ; -                   ; open           ; open             ; open   ; 0 in             ; 0 H/in                 ; 0 F/in                 ; short        ; open          ; open            ; open  ; 0 V                 ; -                  ; n/a           ; n/a             ; n/a         ;
; VGA_R[2]      ; 2.5 V        ; 0 in              ; 0 H/in                  ; 0 F/in                  ; short         ; -                   ; open           ; open             ; open   ; 0 in             ; 0 H/in                 ; 0 F/in                 ; short        ; open          ; open            ; open  ; 0 V                 ; -                  ; n/a           ; n/a             ; n/a         ;
; VGA_R[3]      ; 2.5 V        ; 0 in              ; 0 H/in                  ; 0 F/in                  ; short         ; -                   ; open           ; open             ; open   ; 0 in             ; 0 H/in                 ; 0 F/in                 ; short        ; open          ; open            ; open  ; 0 V                 ; -                  ; n/a           ; n/a             ; n/a         ;
; VGA_R[4]      ; 2.5 V        ; 0 in              ; 0 H/in                  ; 0 F/in                  ; short         ; -                   ; open           ; open             ; open   ; 0 in             ; 0 H/in                 ; 0 F/in                 ; short        ; open          ; open            ; open  ; 0 V                 ; -                  ; n/a           ; n/a             ; n/a         ;
; VGA_R[5]      ; 2.5 V        ; 0 in              ; 0 H/in                  ; 0 F/in                  ; short         ; -                   ; open           ; open             ; open   ; 0 in             ; 0 H/in                 ; 0 F/in                 ; short        ; open          ; open            ; open  ; 0 V                 ; -                  ; n/a           ; n/a             ; n/a         ;
; VGA_R[6]      ; 2.5 V        ; 0 in              ; 0 H/in                  ; 0 F/in                  ; short         ; -                   ; open           ; open             ; open   ; 0 in             ; 0 H/in                 ; 0 F/in                 ; short        ; open          ; open            ; open  ; 0 V                 ; -                  ; n/a           ; n/a             ; n/a         ;
; VGA_R[7]      ; 2.5 V        ; 0 in              ; 0 H/in                  ; 0 F/in                  ; short         ; -                   ; open           ; open             ; open   ; 0 in             ; 0 H/in                 ; 0 F/in                 ; short        ; open          ; open            ; open  ; 0 V                 ; -                  ; n/a           ; n/a             ; n/a         ;
; VGA_G[0]      ; 2.5 V        ; 0 in              ; 0 H/in                  ; 0 F/in                  ; short         ; -                   ; open           ; open             ; open   ; 0 in             ; 0 H/in                 ; 0 F/in                 ; short        ; open          ; open            ; open  ; 0 V                 ; -                  ; n/a           ; n/a             ; n/a         ;
; VGA_G[1]      ; 2.5 V        ; 0 in              ; 0 H/in                  ; 0 F/in                  ; short         ; -                   ; open           ; open             ; open   ; 0 in             ; 0 H/in                 ; 0 F/in                 ; short        ; open          ; open            ; open  ; 0 V                 ; -                  ; n/a           ; n/a             ; n/a         ;
; VGA_G[2]      ; 2.5 V        ; 0 in              ; 0 H/in                  ; 0 F/in                  ; short         ; -                   ; open           ; open             ; open   ; 0 in             ; 0 H/in                 ; 0 F/in                 ; short        ; open          ; open            ; open  ; 0 V                 ; -                  ; n/a           ; n/a             ; n/a         ;
; VGA_G[3]      ; 2.5 V        ; 0 in              ; 0 H/in                  ; 0 F/in                  ; short         ; -                   ; open           ; open             ; open   ; 0 in             ; 0 H/in                 ; 0 F/in                 ; short        ; open          ; open            ; open  ; 0 V                 ; -                  ; n/a           ; n/a             ; n/a         ;
; VGA_G[4]      ; 2.5 V        ; 0 in              ; 0 H/in                  ; 0 F/in                  ; short         ; -                   ; open           ; open             ; open   ; 0 in             ; 0 H/in                 ; 0 F/in                 ; short        ; open          ; open            ; open  ; 0 V                 ; -                  ; n/a           ; n/a             ; n/a         ;
; VGA_G[5]      ; 2.5 V        ; 0 in              ; 0 H/in                  ; 0 F/in                  ; short         ; -                   ; open           ; open             ; open   ; 0 in             ; 0 H/in                 ; 0 F/in                 ; short        ; open          ; open            ; open  ; 0 V                 ; -                  ; n/a           ; n/a             ; n/a         ;
; VGA_G[6]      ; 2.5 V        ; 0 in              ; 0 H/in                  ; 0 F/in                  ; short         ; -                   ; open           ; open             ; open   ; 0 in             ; 0 H/in                 ; 0 F/in                 ; short        ; open          ; open            ; open  ; 0 V                 ; -                  ; n/a           ; n/a             ; n/a         ;
; VGA_G[7]      ; 2.5 V        ; 0 in              ; 0 H/in                  ; 0 F/in                  ; short         ; -                   ; open           ; open             ; open   ; 0 in             ; 0 H/in                 ; 0 F/in                 ; short        ; open          ; open            ; open  ; 0 V                 ; -                  ; n/a           ; n/a             ; n/a         ;
; VGA_B[0]      ; 2.5 V        ; 0 in              ; 0 H/in                  ; 0 F/in                  ; short         ; -                   ; open           ; open             ; open   ; 0 in             ; 0 H/in                 ; 0 F/in                 ; short        ; open          ; open            ; open  ; 0 V                 ; -                  ; n/a           ; n/a             ; n/a         ;
; VGA_B[1]      ; 2.5 V        ; 0 in              ; 0 H/in                  ; 0 F/in                  ; short         ; -                   ; open           ; open             ; open   ; 0 in             ; 0 H/in                 ; 0 F/in                 ; short        ; open          ; open            ; open  ; 0 V                 ; -                  ; n/a           ; n/a             ; n/a         ;
; VGA_B[2]      ; 2.5 V        ; 0 in              ; 0 H/in                  ; 0 F/in                  ; short         ; -                   ; open           ; open             ; open   ; 0 in             ; 0 H/in                 ; 0 F/in                 ; short        ; open          ; open            ; open  ; 0 V                 ; -                  ; n/a           ; n/a             ; n/a         ;
; VGA_B[3]      ; 2.5 V        ; 0 in              ; 0 H/in                  ; 0 F/in                  ; short         ; -                   ; open           ; open             ; open   ; 0 in             ; 0 H/in                 ; 0 F/in                 ; short        ; open          ; open            ; open  ; 0 V                 ; -                  ; n/a           ; n/a             ; n/a         ;
; VGA_B[4]      ; 2.5 V        ; 0 in              ; 0 H/in                  ; 0 F/in                  ; short         ; -                   ; open           ; open             ; open   ; 0 in             ; 0 H/in                 ; 0 F/in                 ; short        ; open          ; open            ; open  ; 0 V                 ; -                  ; n/a           ; n/a             ; n/a         ;
; VGA_B[5]      ; 2.5 V        ; 0 in              ; 0 H/in                  ; 0 F/in                  ; short         ; -                   ; open           ; open             ; open   ; 0 in             ; 0 H/in                 ; 0 F/in                 ; short        ; open          ; open            ; open  ; 0 V                 ; -                  ; n/a           ; n/a             ; n/a         ;
; VGA_B[6]      ; 2.5 V        ; 0 in              ; 0 H/in                  ; 0 F/in                  ; short         ; -                   ; open           ; open             ; open   ; 0 in             ; 0 H/in                 ; 0 F/in                 ; short        ; open          ; open            ; open  ; 0 V                 ; -                  ; n/a           ; n/a             ; n/a         ;
; VGA_B[7]      ; 2.5 V        ; 0 in              ; 0 H/in                  ; 0 F/in                  ; short         ; -                   ; open           ; open             ; open   ; 0 in             ; 0 H/in                 ; 0 F/in                 ; short        ; open          ; open            ; open  ; 0 V                 ; -                  ; n/a           ; n/a             ; n/a         ;
; LCD_Data[0]   ; 2.5 V        ; 0 in              ; 0 H/in                  ; 0 F/in                  ; short         ; -                   ; open           ; open             ; open   ; 0 in             ; 0 H/in                 ; 0 F/in                 ; short        ; open          ; open            ; open  ; 0 V                 ; -                  ; n/a           ; n/a             ; n/a         ;
; LCD_Data[1]   ; 2.5 V        ; 0 in              ; 0 H/in                  ; 0 F/in                  ; short         ; -                   ; open           ; open             ; open   ; 0 in             ; 0 H/in                 ; 0 F/in                 ; short        ; open          ; open            ; open  ; 0 V                 ; -                  ; n/a           ; n/a             ; n/a         ;
; LCD_Data[2]   ; 2.5 V        ; 0 in              ; 0 H/in                  ; 0 F/in                  ; short         ; -                   ; open           ; open             ; open   ; 0 in             ; 0 H/in                 ; 0 F/in                 ; short        ; open          ; open            ; open  ; 0 V                 ; -                  ; n/a           ; n/a             ; n/a         ;
; LCD_Data[3]   ; 2.5 V        ; 0 in              ; 0 H/in                  ; 0 F/in                  ; short         ; -                   ; open           ; open             ; open   ; 0 in             ; 0 H/in                 ; 0 F/in                 ; short        ; open          ; open            ; open  ; 0 V                 ; -                  ; n/a           ; n/a             ; n/a         ;
; LCD_Data[4]   ; 2.5 V        ; 0 in              ; 0 H/in                  ; 0 F/in                  ; short         ; -                   ; open           ; open             ; open   ; 0 in             ; 0 H/in                 ; 0 F/in                 ; short        ; open          ; open            ; open  ; 0 V                 ; -                  ; n/a           ; n/a             ; n/a         ;
; LCD_Data[5]   ; 2.5 V        ; 0 in              ; 0 H/in                  ; 0 F/in                  ; short         ; -                   ; open           ; open             ; open   ; 0 in             ; 0 H/in                 ; 0 F/in                 ; short        ; open          ; open            ; open  ; 0 V                 ; -                  ; n/a           ; n/a             ; n/a         ;
; LCD_Data[6]   ; 2.5 V        ; 0 in              ; 0 H/in                  ; 0 F/in                  ; short         ; -                   ; open           ; open             ; open   ; 0 in             ; 0 H/in                 ; 0 F/in                 ; short        ; open          ; open            ; open  ; 0 V                 ; -                  ; n/a           ; n/a             ; n/a         ;
; LCD_Data[7]   ; 2.5 V        ; 0 in              ; 0 H/in                  ; 0 F/in                  ; short         ; -                   ; open           ; open             ; open   ; 0 in             ; 0 H/in                 ; 0 F/in                 ; short        ; open          ; open            ; open  ; 0 V                 ; -                  ; n/a           ; n/a             ; n/a         ;
; LCD_En        ; 2.5 V        ; 0 in              ; 0 H/in                  ; 0 F/in                  ; short         ; -                   ; open           ; open             ; open   ; 0 in             ; 0 H/in                 ; 0 F/in                 ; short        ; open          ; open            ; open  ; 0 V                 ; -                  ; n/a           ; n/a             ; n/a         ;
; LCD_Rw        ; 2.5 V        ; 0 in              ; 0 H/in                  ; 0 F/in                  ; short         ; -                   ; open           ; open             ; open   ; 0 in             ; 0 H/in                 ; 0 F/in                 ; short        ; open          ; open            ; open  ; 0 V                 ; -                  ; n/a           ; n/a             ; n/a         ;
; LCD_Rs        ; 2.5 V        ; 0 in              ; 0 H/in                  ; 0 F/in                  ; short         ; -                   ; open           ; open             ; open   ; 0 in             ; 0 H/in                 ; 0 F/in                 ; short        ; open          ; open            ; open  ; 0 V                 ; -                  ; n/a           ; n/a             ; n/a         ;
; LED           ; 2.5 V        ; 0 in              ; 0 H/in                  ; 0 F/in                  ; short         ; -                   ; open           ; open             ; open   ; 0 in             ; 0 H/in                 ; 0 F/in                 ; short        ; open          ; open            ; open  ; 0 V                 ; -                  ; n/a           ; n/a             ; n/a         ;
; HEX0[0]       ; 2.5 V        ; 0 in              ; 0 H/in                  ; 0 F/in                  ; short         ; -                   ; open           ; open             ; open   ; 0 in             ; 0 H/in                 ; 0 F/in                 ; short        ; open          ; open            ; open  ; 0 V                 ; -                  ; n/a           ; n/a             ; n/a         ;
; HEX0[1]       ; 2.5 V        ; 0 in              ; 0 H/in                  ; 0 F/in                  ; short         ; -                   ; open           ; open             ; open   ; 0 in             ; 0 H/in                 ; 0 F/in                 ; short        ; open          ; open            ; open  ; 0 V                 ; -                  ; n/a           ; n/a             ; n/a         ;
; HEX0[2]       ; 2.5 V        ; 0 in              ; 0 H/in                  ; 0 F/in                  ; short         ; -                   ; open           ; open             ; open   ; 0 in             ; 0 H/in                 ; 0 F/in                 ; short        ; open          ; open            ; open  ; 0 V                 ; -                  ; n/a           ; n/a             ; n/a         ;
; HEX0[3]       ; 2.5 V        ; 0 in              ; 0 H/in                  ; 0 F/in                  ; short         ; -                   ; open           ; open             ; open   ; 0 in             ; 0 H/in                 ; 0 F/in                 ; short        ; open          ; open            ; open  ; 0 V                 ; -                  ; n/a           ; n/a             ; n/a         ;
; HEX0[4]       ; 2.5 V        ; 0 in              ; 0 H/in                  ; 0 F/in                  ; short         ; -                   ; open           ; open             ; open   ; 0 in             ; 0 H/in                 ; 0 F/in                 ; short        ; open          ; open            ; open  ; 0 V                 ; -                  ; n/a           ; n/a             ; n/a         ;
; HEX0[5]       ; 2.5 V        ; 0 in              ; 0 H/in                  ; 0 F/in                  ; short         ; -                   ; open           ; open             ; open   ; 0 in             ; 0 H/in                 ; 0 F/in                 ; short        ; open          ; open            ; open  ; 0 V                 ; -                  ; n/a           ; n/a             ; n/a         ;
; HEX0[6]       ; 2.5 V        ; 0 in              ; 0 H/in                  ; 0 F/in                  ; short         ; -                   ; open           ; open             ; open   ; 0 in             ; 0 H/in                 ; 0 F/in                 ; short        ; open          ; open            ; open  ; 0 V                 ; -                  ; n/a           ; n/a             ; n/a         ;
; HEX1[0]       ; 2.5 V        ; 0 in              ; 0 H/in                  ; 0 F/in                  ; short         ; -                   ; open           ; open             ; open   ; 0 in             ; 0 H/in                 ; 0 F/in                 ; short        ; open          ; open            ; open  ; 0 V                 ; -                  ; n/a           ; n/a             ; n/a         ;
; HEX1[1]       ; 2.5 V        ; 0 in              ; 0 H/in                  ; 0 F/in                  ; short         ; -                   ; open           ; open             ; open   ; 0 in             ; 0 H/in                 ; 0 F/in                 ; short        ; open          ; open            ; open  ; 0 V                 ; -                  ; n/a           ; n/a             ; n/a         ;
; HEX1[2]       ; 2.5 V        ; 0 in              ; 0 H/in                  ; 0 F/in                  ; short         ; -                   ; open           ; open             ; open   ; 0 in             ; 0 H/in                 ; 0 F/in                 ; short        ; open          ; open            ; open  ; 0 V                 ; -                  ; n/a           ; n/a             ; n/a         ;
; HEX1[3]       ; 2.5 V        ; 0 in              ; 0 H/in                  ; 0 F/in                  ; short         ; -                   ; open           ; open             ; open   ; 0 in             ; 0 H/in                 ; 0 F/in                 ; short        ; open          ; open            ; open  ; 0 V                 ; -                  ; n/a           ; n/a             ; n/a         ;
; HEX1[4]       ; 2.5 V        ; 0 in              ; 0 H/in                  ; 0 F/in                  ; short         ; -                   ; open           ; open             ; open   ; 0 in             ; 0 H/in                 ; 0 F/in                 ; short        ; open          ; open            ; open  ; 0 V                 ; -                  ; n/a           ; n/a             ; n/a         ;
; HEX1[5]       ; 2.5 V        ; 0 in              ; 0 H/in                  ; 0 F/in                  ; short         ; -                   ; open           ; open             ; open   ; 0 in             ; 0 H/in                 ; 0 F/in                 ; short        ; open          ; open            ; open  ; 0 V                 ; -                  ; n/a           ; n/a             ; n/a         ;
; HEX1[6]       ; 2.5 V        ; 0 in              ; 0 H/in                  ; 0 F/in                  ; short         ; -                   ; open           ; open             ; open   ; 0 in             ; 0 H/in                 ; 0 F/in                 ; short        ; open          ; open            ; open  ; 0 V                 ; -                  ; n/a           ; n/a             ; n/a         ;
; HEX2[0]       ; 2.5 V        ; 0 in              ; 0 H/in                  ; 0 F/in                  ; short         ; -                   ; open           ; open             ; open   ; 0 in             ; 0 H/in                 ; 0 F/in                 ; short        ; open          ; open            ; open  ; 0 V                 ; -                  ; n/a           ; n/a             ; n/a         ;
; HEX2[1]       ; 2.5 V        ; 0 in              ; 0 H/in                  ; 0 F/in                  ; short         ; -                   ; open           ; open             ; open   ; 0 in             ; 0 H/in                 ; 0 F/in                 ; short        ; open          ; open            ; open  ; 0 V                 ; -                  ; n/a           ; n/a             ; n/a         ;
; HEX2[2]       ; 2.5 V        ; 0 in              ; 0 H/in                  ; 0 F/in                  ; short         ; -                   ; open           ; open             ; open   ; 0 in             ; 0 H/in                 ; 0 F/in                 ; short        ; open          ; open            ; open  ; 0 V                 ; -                  ; n/a           ; n/a             ; n/a         ;
; HEX2[3]       ; 2.5 V        ; 0 in              ; 0 H/in                  ; 0 F/in                  ; short         ; -                   ; open           ; open             ; open   ; 0 in             ; 0 H/in                 ; 0 F/in                 ; short        ; open          ; open            ; open  ; 0 V                 ; -                  ; n/a           ; n/a             ; n/a         ;
; HEX2[4]       ; 2.5 V        ; 0 in              ; 0 H/in                  ; 0 F/in                  ; short         ; -                   ; open           ; open             ; open   ; 0 in             ; 0 H/in                 ; 0 F/in                 ; short        ; open          ; open            ; open  ; 0 V                 ; -                  ; n/a           ; n/a             ; n/a         ;
; HEX2[5]       ; 2.5 V        ; 0 in              ; 0 H/in                  ; 0 F/in                  ; short         ; -                   ; open           ; open             ; open   ; 0 in             ; 0 H/in                 ; 0 F/in                 ; short        ; open          ; open            ; open  ; 0 V                 ; -                  ; n/a           ; n/a             ; n/a         ;
; HEX2[6]       ; 2.5 V        ; 0 in              ; 0 H/in                  ; 0 F/in                  ; short         ; -                   ; open           ; open             ; open   ; 0 in             ; 0 H/in                 ; 0 F/in                 ; short        ; open          ; open            ; open  ; 0 V                 ; -                  ; n/a           ; n/a             ; n/a         ;
; HEX3[0]       ; 2.5 V        ; 0 in              ; 0 H/in                  ; 0 F/in                  ; short         ; -                   ; open           ; open             ; open   ; 0 in             ; 0 H/in                 ; 0 F/in                 ; short        ; open          ; open            ; open  ; 0 V                 ; -                  ; n/a           ; n/a             ; n/a         ;
; HEX3[1]       ; 2.5 V        ; 0 in              ; 0 H/in                  ; 0 F/in                  ; short         ; -                   ; open           ; open             ; open   ; 0 in             ; 0 H/in                 ; 0 F/in                 ; short        ; open          ; open            ; open  ; 0 V                 ; -                  ; n/a           ; n/a             ; n/a         ;
; HEX3[2]       ; 2.5 V        ; 0 in              ; 0 H/in                  ; 0 F/in                  ; short         ; -                   ; open           ; open             ; open   ; 0 in             ; 0 H/in                 ; 0 F/in                 ; short        ; open          ; open            ; open  ; 0 V                 ; -                  ; n/a           ; n/a             ; n/a         ;
; HEX3[3]       ; 2.5 V        ; 0 in              ; 0 H/in                  ; 0 F/in                  ; short         ; -                   ; open           ; open             ; open   ; 0 in             ; 0 H/in                 ; 0 F/in                 ; short        ; open          ; open            ; open  ; 0 V                 ; -                  ; n/a           ; n/a             ; n/a         ;
; HEX3[4]       ; 2.5 V        ; 0 in              ; 0 H/in                  ; 0 F/in                  ; short         ; -                   ; open           ; open             ; open   ; 0 in             ; 0 H/in                 ; 0 F/in                 ; short        ; open          ; open            ; open  ; 0 V                 ; -                  ; n/a           ; n/a             ; n/a         ;
; HEX3[5]       ; 2.5 V        ; 0 in              ; 0 H/in                  ; 0 F/in                  ; short         ; -                   ; open           ; open             ; open   ; 0 in             ; 0 H/in                 ; 0 F/in                 ; short        ; open          ; open            ; open  ; 0 V                 ; -                  ; n/a           ; n/a             ; n/a         ;
; HEX3[6]       ; 2.5 V        ; 0 in              ; 0 H/in                  ; 0 F/in                  ; short         ; -                   ; open           ; open             ; open   ; 0 in             ; 0 H/in                 ; 0 F/in                 ; short        ; open          ; open            ; open  ; 0 V                 ; -                  ; n/a           ; n/a             ; n/a         ;
; ~ALTERA_DCLK~ ; 2.5 V        ; 0 in              ; 0 H/in                  ; 0 F/in                  ; short         ; -                   ; open           ; open             ; open   ; 0 in             ; 0 H/in                 ; 0 F/in                 ; short        ; open          ; open            ; open  ; 0 V                 ; -                  ; n/a           ; n/a             ; n/a         ;
; ~ALTERA_nCEO~ ; 2.5 V        ; 0 in              ; 0 H/in                  ; 0 F/in                  ; short         ; -                   ; open           ; open             ; open   ; 0 in             ; 0 H/in                 ; 0 F/in                 ; short        ; open          ; open            ; open  ; 0 V                 ; -                  ; n/a           ; n/a             ; n/a         ;
+---------------+--------------+-------------------+-------------------------+-------------------------+---------------+---------------------+----------------+------------------+--------+------------------+------------------------+------------------------+--------------+---------------+-----------------+-------+---------------------+--------------------+---------------+-----------------+-------------+


+----------------------------------------------------------------------------+
; Input Transition Times                                                     ;
+-------------------------+--------------+-----------------+-----------------+
; Pin                     ; I/O Standard ; 10-90 Rise Time ; 90-10 Fall Time ;
+-------------------------+--------------+-----------------+-----------------+
; CLK_50                  ; 2.5 V        ; 2000 ps         ; 2000 ps         ;
; Sw                      ; 2.5 V        ; 2000 ps         ; 2000 ps         ;
; KEY                     ; 2.5 V        ; 2000 ps         ; 2000 ps         ;
; ps2_data                ; 2.5 V        ; 2000 ps         ; 2000 ps         ;
; ps2_clk                 ; 2.5 V        ; 2000 ps         ; 2000 ps         ;
; ~ALTERA_ASDO_DATA1~     ; 2.5 V        ; 2000 ps         ; 2000 ps         ;
; ~ALTERA_FLASH_nCE_nCSO~ ; 2.5 V        ; 2000 ps         ; 2000 ps         ;
; ~ALTERA_DATA0~          ; 2.5 V        ; 2000 ps         ; 2000 ps         ;
+-------------------------+--------------+-----------------+-----------------+


+--------------------------------------------------------------------------------------------------------------------------------------------------------------------------------------------------------------------------------------------------------------------------------------------------------------------------------------------------------------------------------------------------------------------------------------------------------------------------------------------------------------------------------------------------------------------------------------------------------------------------------------------------------------------------------------------+
; Signal Integrity Metrics (Slow 1000mv 0c Model)                                                                                                                                                                                                                                                                                                                                                                                                                                                                                                                                                                                                                                            ;
+---------------+--------------+---------------------+---------------------+------------------------------+------------------------------+---------------------+---------------------+--------------------------------------+--------------------------------------+-----------------------------+-----------------------------+----------------------------+----------------------------+-----------------------------+-----------------------------+--------------------+--------------------+-------------------------------------+-------------------------------------+----------------------------+----------------------------+---------------------------+---------------------------+
; Pin           ; I/O Standard ; Board Delay on Rise ; Board Delay on Fall ; Steady State Voh at FPGA Pin ; Steady State Vol at FPGA Pin ; Voh Max at FPGA Pin ; Vol Min at FPGA Pin ; Ringback Voltage on Rise at FPGA Pin ; Ringback Voltage on Fall at FPGA Pin ; 10-90 Rise Time at FPGA Pin ; 90-10 Fall Time at FPGA Pin ; Monotonic Rise at FPGA Pin ; Monotonic Fall at FPGA Pin ; Steady State Voh at Far-end ; Steady State Vol at Far-end ; Voh Max at Far-end ; Vol Min at Far-end ; Ringback Voltage on Rise at Far-end ; Ringback Voltage on Fall at Far-end ; 10-90 Rise Time at Far-end ; 90-10 Fall Time at Far-end ; Monotonic Rise at Far-end ; Monotonic Fall at Far-end ;
+---------------+--------------+---------------------+---------------------+------------------------------+------------------------------+---------------------+---------------------+--------------------------------------+--------------------------------------+-----------------------------+-----------------------------+----------------------------+----------------------------+-----------------------------+-----------------------------+--------------------+--------------------+-------------------------------------+-------------------------------------+----------------------------+----------------------------+---------------------------+---------------------------+
; VGA_HS        ; 2.5 V        ; 0 s                 ; 0 s                 ; 2.32 V                       ; 6.11e-09 V                   ; 2.38 V              ; -0.0267 V           ; 0.219 V                              ; 0.05 V                               ; 3.06e-10 s                  ; 3.65e-10 s                  ; Yes                        ; Yes                        ; 2.32 V                      ; 6.11e-09 V                  ; 2.38 V             ; -0.0267 V          ; 0.219 V                             ; 0.05 V                              ; 3.06e-10 s                 ; 3.65e-10 s                 ; Yes                       ; Yes                       ;
; VGA_VS        ; 2.5 V        ; 0 s                 ; 0 s                 ; 2.32 V                       ; 6.11e-09 V                   ; 2.38 V              ; -0.0267 V           ; 0.219 V                              ; 0.05 V                               ; 3.06e-10 s                  ; 3.65e-10 s                  ; Yes                        ; Yes                        ; 2.32 V                      ; 6.11e-09 V                  ; 2.38 V             ; -0.0267 V          ; 0.219 V                             ; 0.05 V                              ; 3.06e-10 s                 ; 3.65e-10 s                 ; Yes                       ; Yes                       ;
; VGA_CLK       ; 2.5 V        ; 0 s                 ; 0 s                 ; 2.32 V                       ; 6.11e-09 V                   ; 2.38 V              ; -0.0267 V           ; 0.219 V                              ; 0.05 V                               ; 3.06e-10 s                  ; 3.65e-10 s                  ; Yes                        ; Yes                        ; 2.32 V                      ; 6.11e-09 V                  ; 2.38 V             ; -0.0267 V          ; 0.219 V                             ; 0.05 V                              ; 3.06e-10 s                 ; 3.65e-10 s                 ; Yes                       ; Yes                       ;
; VGA_SYNC_N    ; 2.5 V        ; 0 s                 ; 0 s                 ; 2.32 V                       ; 6.11e-09 V                   ; 2.38 V              ; -0.0267 V           ; 0.219 V                              ; 0.05 V                               ; 3.06e-10 s                  ; 3.65e-10 s                  ; Yes                        ; Yes                        ; 2.32 V                      ; 6.11e-09 V                  ; 2.38 V             ; -0.0267 V          ; 0.219 V                             ; 0.05 V                              ; 3.06e-10 s                 ; 3.65e-10 s                 ; Yes                       ; Yes                       ;
; VGA_BLANK_N   ; 2.5 V        ; 0 s                 ; 0 s                 ; 2.32 V                       ; 6.11e-09 V                   ; 2.38 V              ; -0.0267 V           ; 0.219 V                              ; 0.05 V                               ; 3.06e-10 s                  ; 3.65e-10 s                  ; Yes                        ; Yes                        ; 2.32 V                      ; 6.11e-09 V                  ; 2.38 V             ; -0.0267 V          ; 0.219 V                             ; 0.05 V                              ; 3.06e-10 s                 ; 3.65e-10 s                 ; Yes                       ; Yes                       ;
; VGA_R[0]      ; 2.5 V        ; 0 s                 ; 0 s                 ; 2.32 V                       ; 6.11e-09 V                   ; 2.38 V              ; -0.0267 V           ; 0.219 V                              ; 0.05 V                               ; 3.06e-10 s                  ; 3.65e-10 s                  ; Yes                        ; Yes                        ; 2.32 V                      ; 6.11e-09 V                  ; 2.38 V             ; -0.0267 V          ; 0.219 V                             ; 0.05 V                              ; 3.06e-10 s                 ; 3.65e-10 s                 ; Yes                       ; Yes                       ;
; VGA_R[1]      ; 2.5 V        ; 0 s                 ; 0 s                 ; 2.32 V                       ; 6.11e-09 V                   ; 2.38 V              ; -0.0267 V           ; 0.219 V                              ; 0.05 V                               ; 3.06e-10 s                  ; 3.65e-10 s                  ; Yes                        ; Yes                        ; 2.32 V                      ; 6.11e-09 V                  ; 2.38 V             ; -0.0267 V          ; 0.219 V                             ; 0.05 V                              ; 3.06e-10 s                 ; 3.65e-10 s                 ; Yes                       ; Yes                       ;
; VGA_R[2]      ; 2.5 V        ; 0 s                 ; 0 s                 ; 2.32 V                       ; 6.11e-09 V                   ; 2.38 V              ; -0.0267 V           ; 0.219 V                              ; 0.05 V                               ; 3.06e-10 s                  ; 3.65e-10 s                  ; Yes                        ; Yes                        ; 2.32 V                      ; 6.11e-09 V                  ; 2.38 V             ; -0.0267 V          ; 0.219 V                             ; 0.05 V                              ; 3.06e-10 s                 ; 3.65e-10 s                 ; Yes                       ; Yes                       ;
; VGA_R[3]      ; 2.5 V        ; 0 s                 ; 0 s                 ; 2.32 V                       ; 6.11e-09 V                   ; 2.38 V              ; -0.0267 V           ; 0.219 V                              ; 0.05 V                               ; 3.06e-10 s                  ; 3.65e-10 s                  ; Yes                        ; Yes                        ; 2.32 V                      ; 6.11e-09 V                  ; 2.38 V             ; -0.0267 V          ; 0.219 V                             ; 0.05 V                              ; 3.06e-10 s                 ; 3.65e-10 s                 ; Yes                       ; Yes                       ;
; VGA_R[4]      ; 2.5 V        ; 0 s                 ; 0 s                 ; 2.32 V                       ; 6.11e-09 V                   ; 2.38 V              ; -0.0267 V           ; 0.219 V                              ; 0.05 V                               ; 3.06e-10 s                  ; 3.65e-10 s                  ; Yes                        ; Yes                        ; 2.32 V                      ; 6.11e-09 V                  ; 2.38 V             ; -0.0267 V          ; 0.219 V                             ; 0.05 V                              ; 3.06e-10 s                 ; 3.65e-10 s                 ; Yes                       ; Yes                       ;
; VGA_R[5]      ; 2.5 V        ; 0 s                 ; 0 s                 ; 2.32 V                       ; 6.11e-09 V                   ; 2.38 V              ; -0.0267 V           ; 0.219 V                              ; 0.05 V                               ; 3.06e-10 s                  ; 3.65e-10 s                  ; Yes                        ; Yes                        ; 2.32 V                      ; 6.11e-09 V                  ; 2.38 V             ; -0.0267 V          ; 0.219 V                             ; 0.05 V                              ; 3.06e-10 s                 ; 3.65e-10 s                 ; Yes                       ; Yes                       ;
; VGA_R[6]      ; 2.5 V        ; 0 s                 ; 0 s                 ; 2.32 V                       ; 6.11e-09 V                   ; 2.38 V              ; -0.0267 V           ; 0.219 V                              ; 0.05 V                               ; 3.06e-10 s                  ; 3.65e-10 s                  ; Yes                        ; Yes                        ; 2.32 V                      ; 6.11e-09 V                  ; 2.38 V             ; -0.0267 V          ; 0.219 V                             ; 0.05 V                              ; 3.06e-10 s                 ; 3.65e-10 s                 ; Yes                       ; Yes                       ;
; VGA_R[7]      ; 2.5 V        ; 0 s                 ; 0 s                 ; 2.32 V                       ; 6.11e-09 V                   ; 2.38 V              ; -0.0267 V           ; 0.219 V                              ; 0.05 V                               ; 3.06e-10 s                  ; 3.65e-10 s                  ; Yes                        ; Yes                        ; 2.32 V                      ; 6.11e-09 V                  ; 2.38 V             ; -0.0267 V          ; 0.219 V                             ; 0.05 V                              ; 3.06e-10 s                 ; 3.65e-10 s                 ; Yes                       ; Yes                       ;
; VGA_G[0]      ; 2.5 V        ; 0 s                 ; 0 s                 ; 2.32 V                       ; 6.11e-09 V                   ; 2.38 V              ; -0.0267 V           ; 0.219 V                              ; 0.05 V                               ; 3.06e-10 s                  ; 3.65e-10 s                  ; Yes                        ; Yes                        ; 2.32 V                      ; 6.11e-09 V                  ; 2.38 V             ; -0.0267 V          ; 0.219 V                             ; 0.05 V                              ; 3.06e-10 s                 ; 3.65e-10 s                 ; Yes                       ; Yes                       ;
; VGA_G[1]      ; 2.5 V        ; 0 s                 ; 0 s                 ; 2.32 V                       ; 6.11e-09 V                   ; 2.38 V              ; -0.0267 V           ; 0.219 V                              ; 0.05 V                               ; 3.06e-10 s                  ; 3.65e-10 s                  ; Yes                        ; Yes                        ; 2.32 V                      ; 6.11e-09 V                  ; 2.38 V             ; -0.0267 V          ; 0.219 V                             ; 0.05 V                              ; 3.06e-10 s                 ; 3.65e-10 s                 ; Yes                       ; Yes                       ;
; VGA_G[2]      ; 2.5 V        ; 0 s                 ; 0 s                 ; 2.32 V                       ; 6.11e-09 V                   ; 2.38 V              ; -0.0267 V           ; 0.219 V                              ; 0.05 V                               ; 3.06e-10 s                  ; 3.65e-10 s                  ; Yes                        ; Yes                        ; 2.32 V                      ; 6.11e-09 V                  ; 2.38 V             ; -0.0267 V          ; 0.219 V                             ; 0.05 V                              ; 3.06e-10 s                 ; 3.65e-10 s                 ; Yes                       ; Yes                       ;
; VGA_G[3]      ; 2.5 V        ; 0 s                 ; 0 s                 ; 2.32 V                       ; 6.11e-09 V                   ; 2.38 V              ; -0.0267 V           ; 0.219 V                              ; 0.05 V                               ; 3.06e-10 s                  ; 3.65e-10 s                  ; Yes                        ; Yes                        ; 2.32 V                      ; 6.11e-09 V                  ; 2.38 V             ; -0.0267 V          ; 0.219 V                             ; 0.05 V                              ; 3.06e-10 s                 ; 3.65e-10 s                 ; Yes                       ; Yes                       ;
; VGA_G[4]      ; 2.5 V        ; 0 s                 ; 0 s                 ; 2.32 V                       ; 6.11e-09 V                   ; 2.38 V              ; -0.0267 V           ; 0.219 V                              ; 0.05 V                               ; 3.06e-10 s                  ; 3.65e-10 s                  ; Yes                        ; Yes                        ; 2.32 V                      ; 6.11e-09 V                  ; 2.38 V             ; -0.0267 V          ; 0.219 V                             ; 0.05 V                              ; 3.06e-10 s                 ; 3.65e-10 s                 ; Yes                       ; Yes                       ;
; VGA_G[5]      ; 2.5 V        ; 0 s                 ; 0 s                 ; 2.32 V                       ; 6.11e-09 V                   ; 2.38 V              ; -0.0267 V           ; 0.219 V                              ; 0.05 V                               ; 3.06e-10 s                  ; 3.65e-10 s                  ; Yes                        ; Yes                        ; 2.32 V                      ; 6.11e-09 V                  ; 2.38 V             ; -0.0267 V          ; 0.219 V                             ; 0.05 V                              ; 3.06e-10 s                 ; 3.65e-10 s                 ; Yes                       ; Yes                       ;
; VGA_G[6]      ; 2.5 V        ; 0 s                 ; 0 s                 ; 2.32 V                       ; 6.11e-09 V                   ; 2.38 V              ; -0.0267 V           ; 0.219 V                              ; 0.05 V                               ; 3.06e-10 s                  ; 3.65e-10 s                  ; Yes                        ; Yes                        ; 2.32 V                      ; 6.11e-09 V                  ; 2.38 V             ; -0.0267 V          ; 0.219 V                             ; 0.05 V                              ; 3.06e-10 s                 ; 3.65e-10 s                 ; Yes                       ; Yes                       ;
; VGA_G[7]      ; 2.5 V        ; 0 s                 ; 0 s                 ; 2.32 V                       ; 6.11e-09 V                   ; 2.38 V              ; -0.0267 V           ; 0.219 V                              ; 0.05 V                               ; 3.06e-10 s                  ; 3.65e-10 s                  ; Yes                        ; Yes                        ; 2.32 V                      ; 6.11e-09 V                  ; 2.38 V             ; -0.0267 V          ; 0.219 V                             ; 0.05 V                              ; 3.06e-10 s                 ; 3.65e-10 s                 ; Yes                       ; Yes                       ;
; VGA_B[0]      ; 2.5 V        ; 0 s                 ; 0 s                 ; 2.32 V                       ; 6.11e-09 V                   ; 2.38 V              ; -0.0267 V           ; 0.219 V                              ; 0.05 V                               ; 3.06e-10 s                  ; 3.65e-10 s                  ; Yes                        ; Yes                        ; 2.32 V                      ; 6.11e-09 V                  ; 2.38 V             ; -0.0267 V          ; 0.219 V                             ; 0.05 V                              ; 3.06e-10 s                 ; 3.65e-10 s                 ; Yes                       ; Yes                       ;
; VGA_B[1]      ; 2.5 V        ; 0 s                 ; 0 s                 ; 2.32 V                       ; 6.11e-09 V                   ; 2.38 V              ; -0.0267 V           ; 0.219 V                              ; 0.05 V                               ; 3.06e-10 s                  ; 3.65e-10 s                  ; Yes                        ; Yes                        ; 2.32 V                      ; 6.11e-09 V                  ; 2.38 V             ; -0.0267 V          ; 0.219 V                             ; 0.05 V                              ; 3.06e-10 s                 ; 3.65e-10 s                 ; Yes                       ; Yes                       ;
; VGA_B[2]      ; 2.5 V        ; 0 s                 ; 0 s                 ; 2.32 V                       ; 6.11e-09 V                   ; 2.38 V              ; -0.0267 V           ; 0.219 V                              ; 0.05 V                               ; 3.06e-10 s                  ; 3.65e-10 s                  ; Yes                        ; Yes                        ; 2.32 V                      ; 6.11e-09 V                  ; 2.38 V             ; -0.0267 V          ; 0.219 V                             ; 0.05 V                              ; 3.06e-10 s                 ; 3.65e-10 s                 ; Yes                       ; Yes                       ;
; VGA_B[3]      ; 2.5 V        ; 0 s                 ; 0 s                 ; 2.32 V                       ; 6.11e-09 V                   ; 2.38 V              ; -0.0267 V           ; 0.219 V                              ; 0.05 V                               ; 3.06e-10 s                  ; 3.65e-10 s                  ; Yes                        ; Yes                        ; 2.32 V                      ; 6.11e-09 V                  ; 2.38 V             ; -0.0267 V          ; 0.219 V                             ; 0.05 V                              ; 3.06e-10 s                 ; 3.65e-10 s                 ; Yes                       ; Yes                       ;
; VGA_B[4]      ; 2.5 V        ; 0 s                 ; 0 s                 ; 2.32 V                       ; 6.11e-09 V                   ; 2.38 V              ; -0.0267 V           ; 0.219 V                              ; 0.05 V                               ; 3.06e-10 s                  ; 3.65e-10 s                  ; Yes                        ; Yes                        ; 2.32 V                      ; 6.11e-09 V                  ; 2.38 V             ; -0.0267 V          ; 0.219 V                             ; 0.05 V                              ; 3.06e-10 s                 ; 3.65e-10 s                 ; Yes                       ; Yes                       ;
; VGA_B[5]      ; 2.5 V        ; 0 s                 ; 0 s                 ; 2.32 V                       ; 6.11e-09 V                   ; 2.38 V              ; -0.0267 V           ; 0.219 V                              ; 0.05 V                               ; 3.06e-10 s                  ; 3.65e-10 s                  ; Yes                        ; Yes                        ; 2.32 V                      ; 6.11e-09 V                  ; 2.38 V             ; -0.0267 V          ; 0.219 V                             ; 0.05 V                              ; 3.06e-10 s                 ; 3.65e-10 s                 ; Yes                       ; Yes                       ;
; VGA_B[6]      ; 2.5 V        ; 0 s                 ; 0 s                 ; 2.32 V                       ; 6.11e-09 V                   ; 2.38 V              ; -0.0267 V           ; 0.219 V                              ; 0.05 V                               ; 3.06e-10 s                  ; 3.65e-10 s                  ; Yes                        ; Yes                        ; 2.32 V                      ; 6.11e-09 V                  ; 2.38 V             ; -0.0267 V          ; 0.219 V                             ; 0.05 V                              ; 3.06e-10 s                 ; 3.65e-10 s                 ; Yes                       ; Yes                       ;
; VGA_B[7]      ; 2.5 V        ; 0 s                 ; 0 s                 ; 2.32 V                       ; 6.11e-09 V                   ; 2.38 V              ; -0.0267 V           ; 0.219 V                              ; 0.05 V                               ; 3.06e-10 s                  ; 3.65e-10 s                  ; Yes                        ; Yes                        ; 2.32 V                      ; 6.11e-09 V                  ; 2.38 V             ; -0.0267 V          ; 0.219 V                             ; 0.05 V                              ; 3.06e-10 s                 ; 3.65e-10 s                 ; Yes                       ; Yes                       ;
; LCD_Data[0]   ; 2.5 V        ; 0 s                 ; 0 s                 ; 2.32 V                       ; 4.4e-09 V                    ; 2.38 V              ; -0.0186 V           ; 0.169 V                              ; 0.039 V                              ; 4.83e-10 s                  ; 4.69e-10 s                  ; Yes                        ; Yes                        ; 2.32 V                      ; 4.4e-09 V                   ; 2.38 V             ; -0.0186 V          ; 0.169 V                             ; 0.039 V                             ; 4.83e-10 s                 ; 4.69e-10 s                 ; Yes                       ; Yes                       ;
; LCD_Data[1]   ; 2.5 V        ; 0 s                 ; 0 s                 ; 2.32 V                       ; 4.4e-09 V                    ; 2.38 V              ; -0.0186 V           ; 0.169 V                              ; 0.039 V                              ; 4.83e-10 s                  ; 4.69e-10 s                  ; Yes                        ; Yes                        ; 2.32 V                      ; 4.4e-09 V                   ; 2.38 V             ; -0.0186 V          ; 0.169 V                             ; 0.039 V                             ; 4.83e-10 s                 ; 4.69e-10 s                 ; Yes                       ; Yes                       ;
; LCD_Data[2]   ; 2.5 V        ; 0 s                 ; 0 s                 ; 2.32 V                       ; 4.4e-09 V                    ; 2.38 V              ; -0.0186 V           ; 0.169 V                              ; 0.039 V                              ; 4.83e-10 s                  ; 4.69e-10 s                  ; Yes                        ; Yes                        ; 2.32 V                      ; 4.4e-09 V                   ; 2.38 V             ; -0.0186 V          ; 0.169 V                             ; 0.039 V                             ; 4.83e-10 s                 ; 4.69e-10 s                 ; Yes                       ; Yes                       ;
; LCD_Data[3]   ; 2.5 V        ; 0 s                 ; 0 s                 ; 2.32 V                       ; 4.4e-09 V                    ; 2.38 V              ; -0.0186 V           ; 0.169 V                              ; 0.039 V                              ; 4.83e-10 s                  ; 4.69e-10 s                  ; Yes                        ; Yes                        ; 2.32 V                      ; 4.4e-09 V                   ; 2.38 V             ; -0.0186 V          ; 0.169 V                             ; 0.039 V                             ; 4.83e-10 s                 ; 4.69e-10 s                 ; Yes                       ; Yes                       ;
; LCD_Data[4]   ; 2.5 V        ; 0 s                 ; 0 s                 ; 2.32 V                       ; 4.4e-09 V                    ; 2.38 V              ; -0.0186 V           ; 0.169 V                              ; 0.039 V                              ; 4.83e-10 s                  ; 4.69e-10 s                  ; Yes                        ; Yes                        ; 2.32 V                      ; 4.4e-09 V                   ; 2.38 V             ; -0.0186 V          ; 0.169 V                             ; 0.039 V                             ; 4.83e-10 s                 ; 4.69e-10 s                 ; Yes                       ; Yes                       ;
; LCD_Data[5]   ; 2.5 V        ; 0 s                 ; 0 s                 ; 2.32 V                       ; 4.4e-09 V                    ; 2.38 V              ; -0.0186 V           ; 0.169 V                              ; 0.039 V                              ; 4.83e-10 s                  ; 4.69e-10 s                  ; Yes                        ; Yes                        ; 2.32 V                      ; 4.4e-09 V                   ; 2.38 V             ; -0.0186 V          ; 0.169 V                             ; 0.039 V                             ; 4.83e-10 s                 ; 4.69e-10 s                 ; Yes                       ; Yes                       ;
; LCD_Data[6]   ; 2.5 V        ; 0 s                 ; 0 s                 ; 2.32 V                       ; 4.4e-09 V                    ; 2.38 V              ; -0.0186 V           ; 0.169 V                              ; 0.039 V                              ; 4.83e-10 s                  ; 4.69e-10 s                  ; Yes                        ; Yes                        ; 2.32 V                      ; 4.4e-09 V                   ; 2.38 V             ; -0.0186 V          ; 0.169 V                             ; 0.039 V                             ; 4.83e-10 s                 ; 4.69e-10 s                 ; Yes                       ; Yes                       ;
; LCD_Data[7]   ; 2.5 V        ; 0 s                 ; 0 s                 ; 2.32 V                       ; 4.4e-09 V                    ; 2.33 V              ; -0.00629 V          ; 0.186 V                              ; 0.099 V                              ; 2.82e-09 s                  ; 2.55e-09 s                  ; No                         ; Yes                        ; 2.32 V                      ; 4.4e-09 V                   ; 2.33 V             ; -0.00629 V         ; 0.186 V                             ; 0.099 V                             ; 2.82e-09 s                 ; 2.55e-09 s                 ; No                        ; Yes                       ;
; LCD_En        ; 2.5 V        ; 0 s                 ; 0 s                 ; 2.32 V                       ; 4.4e-09 V                    ; 2.38 V              ; -0.0186 V           ; 0.169 V                              ; 0.039 V                              ; 4.83e-10 s                  ; 4.69e-10 s                  ; Yes                        ; Yes                        ; 2.32 V                      ; 4.4e-09 V                   ; 2.38 V             ; -0.0186 V          ; 0.169 V                             ; 0.039 V                             ; 4.83e-10 s                 ; 4.69e-10 s                 ; Yes                       ; Yes                       ;
; LCD_Rw        ; 2.5 V        ; 0 s                 ; 0 s                 ; 2.32 V                       ; 4.4e-09 V                    ; 2.38 V              ; -0.0186 V           ; 0.169 V                              ; 0.039 V                              ; 4.83e-10 s                  ; 4.69e-10 s                  ; Yes                        ; Yes                        ; 2.32 V                      ; 4.4e-09 V                   ; 2.38 V             ; -0.0186 V          ; 0.169 V                             ; 0.039 V                             ; 4.83e-10 s                 ; 4.69e-10 s                 ; Yes                       ; Yes                       ;
; LCD_Rs        ; 2.5 V        ; 0 s                 ; 0 s                 ; 2.32 V                       ; 4.4e-09 V                    ; 2.38 V              ; -0.0186 V           ; 0.169 V                              ; 0.039 V                              ; 4.83e-10 s                  ; 4.69e-10 s                  ; Yes                        ; Yes                        ; 2.32 V                      ; 4.4e-09 V                   ; 2.38 V             ; -0.0186 V          ; 0.169 V                             ; 0.039 V                             ; 4.83e-10 s                 ; 4.69e-10 s                 ; Yes                       ; Yes                       ;
; LED           ; 2.5 V        ; 0 s                 ; 0 s                 ; 2.32 V                       ; 6.11e-09 V                   ; 2.38 V              ; -0.0267 V           ; 0.219 V                              ; 0.05 V                               ; 3.06e-10 s                  ; 3.65e-10 s                  ; Yes                        ; Yes                        ; 2.32 V                      ; 6.11e-09 V                  ; 2.38 V             ; -0.0267 V          ; 0.219 V                             ; 0.05 V                              ; 3.06e-10 s                 ; 3.65e-10 s                 ; Yes                       ; Yes                       ;
; HEX0[0]       ; 2.5 V        ; 0 s                 ; 0 s                 ; 2.32 V                       ; 6.11e-09 V                   ; 2.38 V              ; -0.0267 V           ; 0.219 V                              ; 0.05 V                               ; 3.06e-10 s                  ; 3.65e-10 s                  ; Yes                        ; Yes                        ; 2.32 V                      ; 6.11e-09 V                  ; 2.38 V             ; -0.0267 V          ; 0.219 V                             ; 0.05 V                              ; 3.06e-10 s                 ; 3.65e-10 s                 ; Yes                       ; Yes                       ;
; HEX0[1]       ; 2.5 V        ; 0 s                 ; 0 s                 ; 2.32 V                       ; 6.11e-09 V                   ; 2.33 V              ; -0.00664 V          ; 0.191 V                              ; 0.101 V                              ; 2.83e-09 s                  ; 2.56e-09 s                  ; No                         ; Yes                        ; 2.32 V                      ; 6.11e-09 V                  ; 2.33 V             ; -0.00664 V         ; 0.191 V                             ; 0.101 V                             ; 2.83e-09 s                 ; 2.56e-09 s                 ; No                        ; Yes                       ;
; HEX0[2]       ; 2.5 V        ; 0 s                 ; 0 s                 ; 2.32 V                       ; 6.11e-09 V                   ; 2.38 V              ; -0.0267 V           ; 0.219 V                              ; 0.05 V                               ; 3.06e-10 s                  ; 3.65e-10 s                  ; Yes                        ; Yes                        ; 2.32 V                      ; 6.11e-09 V                  ; 2.38 V             ; -0.0267 V          ; 0.219 V                             ; 0.05 V                              ; 3.06e-10 s                 ; 3.65e-10 s                 ; Yes                       ; Yes                       ;
; HEX0[3]       ; 2.5 V        ; 0 s                 ; 0 s                 ; 2.32 V                       ; 4.4e-09 V                    ; 2.39 V              ; -0.016 V            ; 0.2 V                                ; 0.034 V                              ; 2.94e-10 s                  ; 3.43e-10 s                  ; Yes                        ; Yes                        ; 2.32 V                      ; 4.4e-09 V                   ; 2.39 V             ; -0.016 V           ; 0.2 V                               ; 0.034 V                             ; 2.94e-10 s                 ; 3.43e-10 s                 ; Yes                       ; Yes                       ;
; HEX0[4]       ; 2.5 V        ; 0 s                 ; 0 s                 ; 2.32 V                       ; 4.4e-09 V                    ; 2.39 V              ; -0.016 V            ; 0.2 V                                ; 0.034 V                              ; 2.94e-10 s                  ; 3.43e-10 s                  ; Yes                        ; Yes                        ; 2.32 V                      ; 4.4e-09 V                   ; 2.39 V             ; -0.016 V           ; 0.2 V                               ; 0.034 V                             ; 2.94e-10 s                 ; 3.43e-10 s                 ; Yes                       ; Yes                       ;
; HEX0[5]       ; 2.5 V        ; 0 s                 ; 0 s                 ; 2.32 V                       ; 4.4e-09 V                    ; 2.33 V              ; -0.00629 V          ; 0.186 V                              ; 0.099 V                              ; 2.82e-09 s                  ; 2.55e-09 s                  ; No                         ; Yes                        ; 2.32 V                      ; 4.4e-09 V                   ; 2.33 V             ; -0.00629 V         ; 0.186 V                             ; 0.099 V                             ; 2.82e-09 s                 ; 2.55e-09 s                 ; No                        ; Yes                       ;
; HEX0[6]       ; 2.5 V        ; 0 s                 ; 0 s                 ; 2.32 V                       ; 4.4e-09 V                    ; 2.39 V              ; -0.016 V            ; 0.2 V                                ; 0.034 V                              ; 2.94e-10 s                  ; 3.43e-10 s                  ; Yes                        ; Yes                        ; 2.32 V                      ; 4.4e-09 V                   ; 2.39 V             ; -0.016 V           ; 0.2 V                               ; 0.034 V                             ; 2.94e-10 s                 ; 3.43e-10 s                 ; Yes                       ; Yes                       ;
; HEX1[0]       ; 2.5 V        ; 0 s                 ; 0 s                 ; 2.32 V                       ; 4.4e-09 V                    ; 2.39 V              ; -0.016 V            ; 0.2 V                                ; 0.034 V                              ; 2.94e-10 s                  ; 3.43e-10 s                  ; Yes                        ; Yes                        ; 2.32 V                      ; 4.4e-09 V                   ; 2.39 V             ; -0.016 V           ; 0.2 V                               ; 0.034 V                             ; 2.94e-10 s                 ; 3.43e-10 s                 ; Yes                       ; Yes                       ;
; HEX1[1]       ; 2.5 V        ; 0 s                 ; 0 s                 ; 2.32 V                       ; 4.4e-09 V                    ; 2.38 V              ; -0.0186 V           ; 0.169 V                              ; 0.039 V                              ; 4.83e-10 s                  ; 4.69e-10 s                  ; Yes                        ; Yes                        ; 2.32 V                      ; 4.4e-09 V                   ; 2.38 V             ; -0.0186 V          ; 0.169 V                             ; 0.039 V                             ; 4.83e-10 s                 ; 4.69e-10 s                 ; Yes                       ; Yes                       ;
; HEX1[2]       ; 2.5 V        ; 0 s                 ; 0 s                 ; 2.32 V                       ; 4.4e-09 V                    ; 2.38 V              ; -0.0186 V           ; 0.169 V                              ; 0.039 V                              ; 4.83e-10 s                  ; 4.69e-10 s                  ; Yes                        ; Yes                        ; 2.32 V                      ; 4.4e-09 V                   ; 2.38 V             ; -0.0186 V          ; 0.169 V                             ; 0.039 V                             ; 4.83e-10 s                 ; 4.69e-10 s                 ; Yes                       ; Yes                       ;
; HEX1[3]       ; 2.5 V        ; 0 s                 ; 0 s                 ; 2.32 V                       ; 4.4e-09 V                    ; 2.38 V              ; -0.0186 V           ; 0.169 V                              ; 0.039 V                              ; 4.83e-10 s                  ; 4.69e-10 s                  ; Yes                        ; Yes                        ; 2.32 V                      ; 4.4e-09 V                   ; 2.38 V             ; -0.0186 V          ; 0.169 V                             ; 0.039 V                             ; 4.83e-10 s                 ; 4.69e-10 s                 ; Yes                       ; Yes                       ;
; HEX1[4]       ; 2.5 V        ; 0 s                 ; 0 s                 ; 2.32 V                       ; 4.4e-09 V                    ; 2.38 V              ; -0.0186 V           ; 0.169 V                              ; 0.039 V                              ; 4.83e-10 s                  ; 4.69e-10 s                  ; Yes                        ; Yes                        ; 2.32 V                      ; 4.4e-09 V                   ; 2.38 V             ; -0.0186 V          ; 0.169 V                             ; 0.039 V                             ; 4.83e-10 s                 ; 4.69e-10 s                 ; Yes                       ; Yes                       ;
; HEX1[5]       ; 2.5 V        ; 0 s                 ; 0 s                 ; 2.32 V                       ; 4.4e-09 V                    ; 2.33 V              ; -0.00629 V          ; 0.186 V                              ; 0.099 V                              ; 2.82e-09 s                  ; 2.55e-09 s                  ; No                         ; Yes                        ; 2.32 V                      ; 4.4e-09 V                   ; 2.33 V             ; -0.00629 V         ; 0.186 V                             ; 0.099 V                             ; 2.82e-09 s                 ; 2.55e-09 s                 ; No                        ; Yes                       ;
; HEX1[6]       ; 2.5 V        ; 0 s                 ; 0 s                 ; 2.32 V                       ; 4.4e-09 V                    ; 2.33 V              ; -0.00629 V          ; 0.186 V                              ; 0.099 V                              ; 2.82e-09 s                  ; 2.55e-09 s                  ; No                         ; Yes                        ; 2.32 V                      ; 4.4e-09 V                   ; 2.33 V             ; -0.00629 V         ; 0.186 V                             ; 0.099 V                             ; 2.82e-09 s                 ; 2.55e-09 s                 ; No                        ; Yes                       ;
; HEX2[0]       ; 2.5 V        ; 0 s                 ; 0 s                 ; 2.32 V                       ; 4.4e-09 V                    ; 2.38 V              ; -0.0186 V           ; 0.169 V                              ; 0.039 V                              ; 4.83e-10 s                  ; 4.69e-10 s                  ; Yes                        ; Yes                        ; 2.32 V                      ; 4.4e-09 V                   ; 2.38 V             ; -0.0186 V          ; 0.169 V                             ; 0.039 V                             ; 4.83e-10 s                 ; 4.69e-10 s                 ; Yes                       ; Yes                       ;
; HEX2[1]       ; 2.5 V        ; 0 s                 ; 0 s                 ; 2.32 V                       ; 6.11e-09 V                   ; 2.38 V              ; -0.0267 V           ; 0.219 V                              ; 0.05 V                               ; 3.06e-10 s                  ; 3.65e-10 s                  ; Yes                        ; Yes                        ; 2.32 V                      ; 6.11e-09 V                  ; 2.38 V             ; -0.0267 V          ; 0.219 V                             ; 0.05 V                              ; 3.06e-10 s                 ; 3.65e-10 s                 ; Yes                       ; Yes                       ;
; HEX2[2]       ; 2.5 V        ; 0 s                 ; 0 s                 ; 2.32 V                       ; 4.4e-09 V                    ; 2.38 V              ; -0.0186 V           ; 0.169 V                              ; 0.039 V                              ; 4.83e-10 s                  ; 4.69e-10 s                  ; Yes                        ; Yes                        ; 2.32 V                      ; 4.4e-09 V                   ; 2.38 V             ; -0.0186 V          ; 0.169 V                             ; 0.039 V                             ; 4.83e-10 s                 ; 4.69e-10 s                 ; Yes                       ; Yes                       ;
; HEX2[3]       ; 2.5 V        ; 0 s                 ; 0 s                 ; 2.32 V                       ; 4.4e-09 V                    ; 2.38 V              ; -0.0186 V           ; 0.169 V                              ; 0.039 V                              ; 4.83e-10 s                  ; 4.69e-10 s                  ; Yes                        ; Yes                        ; 2.32 V                      ; 4.4e-09 V                   ; 2.38 V             ; -0.0186 V          ; 0.169 V                             ; 0.039 V                             ; 4.83e-10 s                 ; 4.69e-10 s                 ; Yes                       ; Yes                       ;
; HEX2[4]       ; 2.5 V        ; 0 s                 ; 0 s                 ; 2.32 V                       ; 4.4e-09 V                    ; 2.38 V              ; -0.0186 V           ; 0.169 V                              ; 0.039 V                              ; 4.83e-10 s                  ; 4.69e-10 s                  ; Yes                        ; Yes                        ; 2.32 V                      ; 4.4e-09 V                   ; 2.38 V             ; -0.0186 V          ; 0.169 V                             ; 0.039 V                             ; 4.83e-10 s                 ; 4.69e-10 s                 ; Yes                       ; Yes                       ;
; HEX2[5]       ; 2.5 V        ; 0 s                 ; 0 s                 ; 2.32 V                       ; 4.4e-09 V                    ; 2.38 V              ; -0.0186 V           ; 0.169 V                              ; 0.039 V                              ; 4.83e-10 s                  ; 4.69e-10 s                  ; Yes                        ; Yes                        ; 2.32 V                      ; 4.4e-09 V                   ; 2.38 V             ; -0.0186 V          ; 0.169 V                             ; 0.039 V                             ; 4.83e-10 s                 ; 4.69e-10 s                 ; Yes                       ; Yes                       ;
; HEX2[6]       ; 2.5 V        ; 0 s                 ; 0 s                 ; 2.32 V                       ; 4.4e-09 V                    ; 2.38 V              ; -0.0186 V           ; 0.169 V                              ; 0.039 V                              ; 4.83e-10 s                  ; 4.69e-10 s                  ; Yes                        ; Yes                        ; 2.32 V                      ; 4.4e-09 V                   ; 2.38 V             ; -0.0186 V          ; 0.169 V                             ; 0.039 V                             ; 4.83e-10 s                 ; 4.69e-10 s                 ; Yes                       ; Yes                       ;
; HEX3[0]       ; 2.5 V        ; 0 s                 ; 0 s                 ; 2.32 V                       ; 4.4e-09 V                    ; 2.38 V              ; -0.0186 V           ; 0.169 V                              ; 0.039 V                              ; 4.83e-10 s                  ; 4.69e-10 s                  ; Yes                        ; Yes                        ; 2.32 V                      ; 4.4e-09 V                   ; 2.38 V             ; -0.0186 V          ; 0.169 V                             ; 0.039 V                             ; 4.83e-10 s                 ; 4.69e-10 s                 ; Yes                       ; Yes                       ;
; HEX3[1]       ; 2.5 V        ; 0 s                 ; 0 s                 ; 2.32 V                       ; 4.4e-09 V                    ; 2.39 V              ; -0.016 V            ; 0.2 V                                ; 0.034 V                              ; 2.94e-10 s                  ; 3.43e-10 s                  ; Yes                        ; Yes                        ; 2.32 V                      ; 4.4e-09 V                   ; 2.39 V             ; -0.016 V           ; 0.2 V                               ; 0.034 V                             ; 2.94e-10 s                 ; 3.43e-10 s                 ; Yes                       ; Yes                       ;
; HEX3[2]       ; 2.5 V        ; 0 s                 ; 0 s                 ; 2.32 V                       ; 6.11e-09 V                   ; 2.33 V              ; -0.00664 V          ; 0.191 V                              ; 0.101 V                              ; 2.83e-09 s                  ; 2.56e-09 s                  ; No                         ; Yes                        ; 2.32 V                      ; 6.11e-09 V                  ; 2.33 V             ; -0.00664 V         ; 0.191 V                             ; 0.101 V                             ; 2.83e-09 s                 ; 2.56e-09 s                 ; No                        ; Yes                       ;
; HEX3[3]       ; 2.5 V        ; 0 s                 ; 0 s                 ; 2.32 V                       ; 6.11e-09 V                   ; 2.38 V              ; -0.0267 V           ; 0.219 V                              ; 0.05 V                               ; 3.06e-10 s                  ; 3.65e-10 s                  ; Yes                        ; Yes                        ; 2.32 V                      ; 6.11e-09 V                  ; 2.38 V             ; -0.0267 V          ; 0.219 V                             ; 0.05 V                              ; 3.06e-10 s                 ; 3.65e-10 s                 ; Yes                       ; Yes                       ;
; HEX3[4]       ; 2.5 V        ; 0 s                 ; 0 s                 ; 2.32 V                       ; 6.11e-09 V                   ; 2.38 V              ; -0.0267 V           ; 0.219 V                              ; 0.05 V                               ; 3.06e-10 s                  ; 3.65e-10 s                  ; Yes                        ; Yes                        ; 2.32 V                      ; 6.11e-09 V                  ; 2.38 V             ; -0.0267 V          ; 0.219 V                             ; 0.05 V                              ; 3.06e-10 s                 ; 3.65e-10 s                 ; Yes                       ; Yes                       ;
; HEX3[5]       ; 2.5 V        ; 0 s                 ; 0 s                 ; 2.32 V                       ; 6.11e-09 V                   ; 2.38 V              ; -0.0267 V           ; 0.219 V                              ; 0.05 V                               ; 3.06e-10 s                  ; 3.65e-10 s                  ; Yes                        ; Yes                        ; 2.32 V                      ; 6.11e-09 V                  ; 2.38 V             ; -0.0267 V          ; 0.219 V                             ; 0.05 V                              ; 3.06e-10 s                 ; 3.65e-10 s                 ; Yes                       ; Yes                       ;
; HEX3[6]       ; 2.5 V        ; 0 s                 ; 0 s                 ; 2.32 V                       ; 6.11e-09 V                   ; 2.38 V              ; -0.0267 V           ; 0.219 V                              ; 0.05 V                               ; 3.06e-10 s                  ; 3.65e-10 s                  ; Yes                        ; Yes                        ; 2.32 V                      ; 6.11e-09 V                  ; 2.38 V             ; -0.0267 V          ; 0.219 V                             ; 0.05 V                              ; 3.06e-10 s                 ; 3.65e-10 s                 ; Yes                       ; Yes                       ;
; ~ALTERA_DCLK~ ; 2.5 V        ; 0 s                 ; 0 s                 ; 2.32 V                       ; 3.66e-09 V                   ; 2.38 V              ; -0.0408 V           ; 0.148 V                              ; 0.093 V                              ; 2.82e-10 s                  ; 2.61e-10 s                  ; Yes                        ; Yes                        ; 2.32 V                      ; 3.66e-09 V                  ; 2.38 V             ; -0.0408 V          ; 0.148 V                             ; 0.093 V                             ; 2.82e-10 s                 ; 2.61e-10 s                 ; Yes                       ; Yes                       ;
; ~ALTERA_nCEO~ ; 2.5 V        ; 0 s                 ; 0 s                 ; 2.32 V                       ; 5.58e-09 V                   ; 2.38 V              ; -0.0197 V           ; 0.141 V                              ; 0.044 V                              ; 4.69e-10 s                  ; 6.07e-10 s                  ; Yes                        ; Yes                        ; 2.32 V                      ; 5.58e-09 V                  ; 2.38 V             ; -0.0197 V          ; 0.141 V                             ; 0.044 V                             ; 4.69e-10 s                 ; 6.07e-10 s                 ; Yes                       ; Yes                       ;
+---------------+--------------+---------------------+---------------------+------------------------------+------------------------------+---------------------+---------------------+--------------------------------------+--------------------------------------+-----------------------------+-----------------------------+----------------------------+----------------------------+-----------------------------+-----------------------------+--------------------+--------------------+-------------------------------------+-------------------------------------+----------------------------+----------------------------+---------------------------+---------------------------+


+--------------------------------------------------------------------------------------------------------------------------------------------------------------------------------------------------------------------------------------------------------------------------------------------------------------------------------------------------------------------------------------------------------------------------------------------------------------------------------------------------------------------------------------------------------------------------------------------------------------------------------------------------------------------------------------------+
; Signal Integrity Metrics (Slow 1000mv 85c Model)                                                                                                                                                                                                                                                                                                                                                                                                                                                                                                                                                                                                                                           ;
+---------------+--------------+---------------------+---------------------+------------------------------+------------------------------+---------------------+---------------------+--------------------------------------+--------------------------------------+-----------------------------+-----------------------------+----------------------------+----------------------------+-----------------------------+-----------------------------+--------------------+--------------------+-------------------------------------+-------------------------------------+----------------------------+----------------------------+---------------------------+---------------------------+
; Pin           ; I/O Standard ; Board Delay on Rise ; Board Delay on Fall ; Steady State Voh at FPGA Pin ; Steady State Vol at FPGA Pin ; Voh Max at FPGA Pin ; Vol Min at FPGA Pin ; Ringback Voltage on Rise at FPGA Pin ; Ringback Voltage on Fall at FPGA Pin ; 10-90 Rise Time at FPGA Pin ; 90-10 Fall Time at FPGA Pin ; Monotonic Rise at FPGA Pin ; Monotonic Fall at FPGA Pin ; Steady State Voh at Far-end ; Steady State Vol at Far-end ; Voh Max at Far-end ; Vol Min at Far-end ; Ringback Voltage on Rise at Far-end ; Ringback Voltage on Fall at Far-end ; 10-90 Rise Time at Far-end ; 90-10 Fall Time at Far-end ; Monotonic Rise at Far-end ; Monotonic Fall at Far-end ;
+---------------+--------------+---------------------+---------------------+------------------------------+------------------------------+---------------------+---------------------+--------------------------------------+--------------------------------------+-----------------------------+-----------------------------+----------------------------+----------------------------+-----------------------------+-----------------------------+--------------------+--------------------+-------------------------------------+-------------------------------------+----------------------------+----------------------------+---------------------------+---------------------------+
; VGA_HS        ; 2.5 V        ; 0 s                 ; 0 s                 ; 2.32 V                       ; 1.06e-06 V                   ; 2.36 V              ; -0.0278 V           ; 0.106 V                              ; 0.12 V                               ; 4.49e-10 s                  ; 4.27e-10 s                  ; Yes                        ; Yes                        ; 2.32 V                      ; 1.06e-06 V                  ; 2.36 V             ; -0.0278 V          ; 0.106 V                             ; 0.12 V                              ; 4.49e-10 s                 ; 4.27e-10 s                 ; Yes                       ; Yes                       ;
; VGA_VS        ; 2.5 V        ; 0 s                 ; 0 s                 ; 2.32 V                       ; 1.06e-06 V                   ; 2.36 V              ; -0.0278 V           ; 0.106 V                              ; 0.12 V                               ; 4.49e-10 s                  ; 4.27e-10 s                  ; Yes                        ; Yes                        ; 2.32 V                      ; 1.06e-06 V                  ; 2.36 V             ; -0.0278 V          ; 0.106 V                             ; 0.12 V                              ; 4.49e-10 s                 ; 4.27e-10 s                 ; Yes                       ; Yes                       ;
; VGA_CLK       ; 2.5 V        ; 0 s                 ; 0 s                 ; 2.32 V                       ; 1.06e-06 V                   ; 2.36 V              ; -0.0278 V           ; 0.106 V                              ; 0.12 V                               ; 4.49e-10 s                  ; 4.27e-10 s                  ; Yes                        ; Yes                        ; 2.32 V                      ; 1.06e-06 V                  ; 2.36 V             ; -0.0278 V          ; 0.106 V                             ; 0.12 V                              ; 4.49e-10 s                 ; 4.27e-10 s                 ; Yes                       ; Yes                       ;
; VGA_SYNC_N    ; 2.5 V        ; 0 s                 ; 0 s                 ; 2.32 V                       ; 1.06e-06 V                   ; 2.36 V              ; -0.0278 V           ; 0.106 V                              ; 0.12 V                               ; 4.49e-10 s                  ; 4.27e-10 s                  ; Yes                        ; Yes                        ; 2.32 V                      ; 1.06e-06 V                  ; 2.36 V             ; -0.0278 V          ; 0.106 V                             ; 0.12 V                              ; 4.49e-10 s                 ; 4.27e-10 s                 ; Yes                       ; Yes                       ;
; VGA_BLANK_N   ; 2.5 V        ; 0 s                 ; 0 s                 ; 2.32 V                       ; 1.06e-06 V                   ; 2.36 V              ; -0.0278 V           ; 0.106 V                              ; 0.12 V                               ; 4.49e-10 s                  ; 4.27e-10 s                  ; Yes                        ; Yes                        ; 2.32 V                      ; 1.06e-06 V                  ; 2.36 V             ; -0.0278 V          ; 0.106 V                             ; 0.12 V                              ; 4.49e-10 s                 ; 4.27e-10 s                 ; Yes                       ; Yes                       ;
; VGA_R[0]      ; 2.5 V        ; 0 s                 ; 0 s                 ; 2.32 V                       ; 1.06e-06 V                   ; 2.36 V              ; -0.0278 V           ; 0.106 V                              ; 0.12 V                               ; 4.49e-10 s                  ; 4.27e-10 s                  ; Yes                        ; Yes                        ; 2.32 V                      ; 1.06e-06 V                  ; 2.36 V             ; -0.0278 V          ; 0.106 V                             ; 0.12 V                              ; 4.49e-10 s                 ; 4.27e-10 s                 ; Yes                       ; Yes                       ;
; VGA_R[1]      ; 2.5 V        ; 0 s                 ; 0 s                 ; 2.32 V                       ; 1.06e-06 V                   ; 2.36 V              ; -0.0278 V           ; 0.106 V                              ; 0.12 V                               ; 4.49e-10 s                  ; 4.27e-10 s                  ; Yes                        ; Yes                        ; 2.32 V                      ; 1.06e-06 V                  ; 2.36 V             ; -0.0278 V          ; 0.106 V                             ; 0.12 V                              ; 4.49e-10 s                 ; 4.27e-10 s                 ; Yes                       ; Yes                       ;
; VGA_R[2]      ; 2.5 V        ; 0 s                 ; 0 s                 ; 2.32 V                       ; 1.06e-06 V                   ; 2.36 V              ; -0.0278 V           ; 0.106 V                              ; 0.12 V                               ; 4.49e-10 s                  ; 4.27e-10 s                  ; Yes                        ; Yes                        ; 2.32 V                      ; 1.06e-06 V                  ; 2.36 V             ; -0.0278 V          ; 0.106 V                             ; 0.12 V                              ; 4.49e-10 s                 ; 4.27e-10 s                 ; Yes                       ; Yes                       ;
; VGA_R[3]      ; 2.5 V        ; 0 s                 ; 0 s                 ; 2.32 V                       ; 1.06e-06 V                   ; 2.36 V              ; -0.0278 V           ; 0.106 V                              ; 0.12 V                               ; 4.49e-10 s                  ; 4.27e-10 s                  ; Yes                        ; Yes                        ; 2.32 V                      ; 1.06e-06 V                  ; 2.36 V             ; -0.0278 V          ; 0.106 V                             ; 0.12 V                              ; 4.49e-10 s                 ; 4.27e-10 s                 ; Yes                       ; Yes                       ;
; VGA_R[4]      ; 2.5 V        ; 0 s                 ; 0 s                 ; 2.32 V                       ; 1.06e-06 V                   ; 2.36 V              ; -0.0278 V           ; 0.106 V                              ; 0.12 V                               ; 4.49e-10 s                  ; 4.27e-10 s                  ; Yes                        ; Yes                        ; 2.32 V                      ; 1.06e-06 V                  ; 2.36 V             ; -0.0278 V          ; 0.106 V                             ; 0.12 V                              ; 4.49e-10 s                 ; 4.27e-10 s                 ; Yes                       ; Yes                       ;
; VGA_R[5]      ; 2.5 V        ; 0 s                 ; 0 s                 ; 2.32 V                       ; 1.06e-06 V                   ; 2.36 V              ; -0.0278 V           ; 0.106 V                              ; 0.12 V                               ; 4.49e-10 s                  ; 4.27e-10 s                  ; Yes                        ; Yes                        ; 2.32 V                      ; 1.06e-06 V                  ; 2.36 V             ; -0.0278 V          ; 0.106 V                             ; 0.12 V                              ; 4.49e-10 s                 ; 4.27e-10 s                 ; Yes                       ; Yes                       ;
; VGA_R[6]      ; 2.5 V        ; 0 s                 ; 0 s                 ; 2.32 V                       ; 1.06e-06 V                   ; 2.36 V              ; -0.0278 V           ; 0.106 V                              ; 0.12 V                               ; 4.49e-10 s                  ; 4.27e-10 s                  ; Yes                        ; Yes                        ; 2.32 V                      ; 1.06e-06 V                  ; 2.36 V             ; -0.0278 V          ; 0.106 V                             ; 0.12 V                              ; 4.49e-10 s                 ; 4.27e-10 s                 ; Yes                       ; Yes                       ;
; VGA_R[7]      ; 2.5 V        ; 0 s                 ; 0 s                 ; 2.32 V                       ; 1.06e-06 V                   ; 2.36 V              ; -0.0278 V           ; 0.106 V                              ; 0.12 V                               ; 4.49e-10 s                  ; 4.27e-10 s                  ; Yes                        ; Yes                        ; 2.32 V                      ; 1.06e-06 V                  ; 2.36 V             ; -0.0278 V          ; 0.106 V                             ; 0.12 V                              ; 4.49e-10 s                 ; 4.27e-10 s                 ; Yes                       ; Yes                       ;
; VGA_G[0]      ; 2.5 V        ; 0 s                 ; 0 s                 ; 2.32 V                       ; 1.06e-06 V                   ; 2.36 V              ; -0.0278 V           ; 0.106 V                              ; 0.12 V                               ; 4.49e-10 s                  ; 4.27e-10 s                  ; Yes                        ; Yes                        ; 2.32 V                      ; 1.06e-06 V                  ; 2.36 V             ; -0.0278 V          ; 0.106 V                             ; 0.12 V                              ; 4.49e-10 s                 ; 4.27e-10 s                 ; Yes                       ; Yes                       ;
; VGA_G[1]      ; 2.5 V        ; 0 s                 ; 0 s                 ; 2.32 V                       ; 1.06e-06 V                   ; 2.36 V              ; -0.0278 V           ; 0.106 V                              ; 0.12 V                               ; 4.49e-10 s                  ; 4.27e-10 s                  ; Yes                        ; Yes                        ; 2.32 V                      ; 1.06e-06 V                  ; 2.36 V             ; -0.0278 V          ; 0.106 V                             ; 0.12 V                              ; 4.49e-10 s                 ; 4.27e-10 s                 ; Yes                       ; Yes                       ;
; VGA_G[2]      ; 2.5 V        ; 0 s                 ; 0 s                 ; 2.32 V                       ; 1.06e-06 V                   ; 2.36 V              ; -0.0278 V           ; 0.106 V                              ; 0.12 V                               ; 4.49e-10 s                  ; 4.27e-10 s                  ; Yes                        ; Yes                        ; 2.32 V                      ; 1.06e-06 V                  ; 2.36 V             ; -0.0278 V          ; 0.106 V                             ; 0.12 V                              ; 4.49e-10 s                 ; 4.27e-10 s                 ; Yes                       ; Yes                       ;
; VGA_G[3]      ; 2.5 V        ; 0 s                 ; 0 s                 ; 2.32 V                       ; 1.06e-06 V                   ; 2.36 V              ; -0.0278 V           ; 0.106 V                              ; 0.12 V                               ; 4.49e-10 s                  ; 4.27e-10 s                  ; Yes                        ; Yes                        ; 2.32 V                      ; 1.06e-06 V                  ; 2.36 V             ; -0.0278 V          ; 0.106 V                             ; 0.12 V                              ; 4.49e-10 s                 ; 4.27e-10 s                 ; Yes                       ; Yes                       ;
; VGA_G[4]      ; 2.5 V        ; 0 s                 ; 0 s                 ; 2.32 V                       ; 1.06e-06 V                   ; 2.36 V              ; -0.0278 V           ; 0.106 V                              ; 0.12 V                               ; 4.49e-10 s                  ; 4.27e-10 s                  ; Yes                        ; Yes                        ; 2.32 V                      ; 1.06e-06 V                  ; 2.36 V             ; -0.0278 V          ; 0.106 V                             ; 0.12 V                              ; 4.49e-10 s                 ; 4.27e-10 s                 ; Yes                       ; Yes                       ;
; VGA_G[5]      ; 2.5 V        ; 0 s                 ; 0 s                 ; 2.32 V                       ; 1.06e-06 V                   ; 2.36 V              ; -0.0278 V           ; 0.106 V                              ; 0.12 V                               ; 4.49e-10 s                  ; 4.27e-10 s                  ; Yes                        ; Yes                        ; 2.32 V                      ; 1.06e-06 V                  ; 2.36 V             ; -0.0278 V          ; 0.106 V                             ; 0.12 V                              ; 4.49e-10 s                 ; 4.27e-10 s                 ; Yes                       ; Yes                       ;
; VGA_G[6]      ; 2.5 V        ; 0 s                 ; 0 s                 ; 2.32 V                       ; 1.06e-06 V                   ; 2.36 V              ; -0.0278 V           ; 0.106 V                              ; 0.12 V                               ; 4.49e-10 s                  ; 4.27e-10 s                  ; Yes                        ; Yes                        ; 2.32 V                      ; 1.06e-06 V                  ; 2.36 V             ; -0.0278 V          ; 0.106 V                             ; 0.12 V                              ; 4.49e-10 s                 ; 4.27e-10 s                 ; Yes                       ; Yes                       ;
; VGA_G[7]      ; 2.5 V        ; 0 s                 ; 0 s                 ; 2.32 V                       ; 1.06e-06 V                   ; 2.36 V              ; -0.0278 V           ; 0.106 V                              ; 0.12 V                               ; 4.49e-10 s                  ; 4.27e-10 s                  ; Yes                        ; Yes                        ; 2.32 V                      ; 1.06e-06 V                  ; 2.36 V             ; -0.0278 V          ; 0.106 V                             ; 0.12 V                              ; 4.49e-10 s                 ; 4.27e-10 s                 ; Yes                       ; Yes                       ;
; VGA_B[0]      ; 2.5 V        ; 0 s                 ; 0 s                 ; 2.32 V                       ; 1.06e-06 V                   ; 2.36 V              ; -0.0278 V           ; 0.106 V                              ; 0.12 V                               ; 4.49e-10 s                  ; 4.27e-10 s                  ; Yes                        ; Yes                        ; 2.32 V                      ; 1.06e-06 V                  ; 2.36 V             ; -0.0278 V          ; 0.106 V                             ; 0.12 V                              ; 4.49e-10 s                 ; 4.27e-10 s                 ; Yes                       ; Yes                       ;
; VGA_B[1]      ; 2.5 V        ; 0 s                 ; 0 s                 ; 2.32 V                       ; 1.06e-06 V                   ; 2.36 V              ; -0.0278 V           ; 0.106 V                              ; 0.12 V                               ; 4.49e-10 s                  ; 4.27e-10 s                  ; Yes                        ; Yes                        ; 2.32 V                      ; 1.06e-06 V                  ; 2.36 V             ; -0.0278 V          ; 0.106 V                             ; 0.12 V                              ; 4.49e-10 s                 ; 4.27e-10 s                 ; Yes                       ; Yes                       ;
; VGA_B[2]      ; 2.5 V        ; 0 s                 ; 0 s                 ; 2.32 V                       ; 1.06e-06 V                   ; 2.36 V              ; -0.0278 V           ; 0.106 V                              ; 0.12 V                               ; 4.49e-10 s                  ; 4.27e-10 s                  ; Yes                        ; Yes                        ; 2.32 V                      ; 1.06e-06 V                  ; 2.36 V             ; -0.0278 V          ; 0.106 V                             ; 0.12 V                              ; 4.49e-10 s                 ; 4.27e-10 s                 ; Yes                       ; Yes                       ;
; VGA_B[3]      ; 2.5 V        ; 0 s                 ; 0 s                 ; 2.32 V                       ; 1.06e-06 V                   ; 2.36 V              ; -0.0278 V           ; 0.106 V                              ; 0.12 V                               ; 4.49e-10 s                  ; 4.27e-10 s                  ; Yes                        ; Yes                        ; 2.32 V                      ; 1.06e-06 V                  ; 2.36 V             ; -0.0278 V          ; 0.106 V                             ; 0.12 V                              ; 4.49e-10 s                 ; 4.27e-10 s                 ; Yes                       ; Yes                       ;
; VGA_B[4]      ; 2.5 V        ; 0 s                 ; 0 s                 ; 2.32 V                       ; 1.06e-06 V                   ; 2.36 V              ; -0.0278 V           ; 0.106 V                              ; 0.12 V                               ; 4.49e-10 s                  ; 4.27e-10 s                  ; Yes                        ; Yes                        ; 2.32 V                      ; 1.06e-06 V                  ; 2.36 V             ; -0.0278 V          ; 0.106 V                             ; 0.12 V                              ; 4.49e-10 s                 ; 4.27e-10 s                 ; Yes                       ; Yes                       ;
; VGA_B[5]      ; 2.5 V        ; 0 s                 ; 0 s                 ; 2.32 V                       ; 1.06e-06 V                   ; 2.36 V              ; -0.0278 V           ; 0.106 V                              ; 0.12 V                               ; 4.49e-10 s                  ; 4.27e-10 s                  ; Yes                        ; Yes                        ; 2.32 V                      ; 1.06e-06 V                  ; 2.36 V             ; -0.0278 V          ; 0.106 V                             ; 0.12 V                              ; 4.49e-10 s                 ; 4.27e-10 s                 ; Yes                       ; Yes                       ;
; VGA_B[6]      ; 2.5 V        ; 0 s                 ; 0 s                 ; 2.32 V                       ; 1.06e-06 V                   ; 2.36 V              ; -0.0278 V           ; 0.106 V                              ; 0.12 V                               ; 4.49e-10 s                  ; 4.27e-10 s                  ; Yes                        ; Yes                        ; 2.32 V                      ; 1.06e-06 V                  ; 2.36 V             ; -0.0278 V          ; 0.106 V                             ; 0.12 V                              ; 4.49e-10 s                 ; 4.27e-10 s                 ; Yes                       ; Yes                       ;
; VGA_B[7]      ; 2.5 V        ; 0 s                 ; 0 s                 ; 2.32 V                       ; 1.06e-06 V                   ; 2.36 V              ; -0.0278 V           ; 0.106 V                              ; 0.12 V                               ; 4.49e-10 s                  ; 4.27e-10 s                  ; Yes                        ; Yes                        ; 2.32 V                      ; 1.06e-06 V                  ; 2.36 V             ; -0.0278 V          ; 0.106 V                             ; 0.12 V                              ; 4.49e-10 s                 ; 4.27e-10 s                 ; Yes                       ; Yes                       ;
; LCD_Data[0]   ; 2.5 V        ; 0 s                 ; 0 s                 ; 2.32 V                       ; 7.16e-07 V                   ; 2.35 V              ; -0.0197 V           ; 0.101 V                              ; 0.101 V                              ; 6.39e-10 s                  ; 6.08e-10 s                  ; Yes                        ; Yes                        ; 2.32 V                      ; 7.16e-07 V                  ; 2.35 V             ; -0.0197 V          ; 0.101 V                             ; 0.101 V                             ; 6.39e-10 s                 ; 6.08e-10 s                 ; Yes                       ; Yes                       ;
; LCD_Data[1]   ; 2.5 V        ; 0 s                 ; 0 s                 ; 2.32 V                       ; 7.16e-07 V                   ; 2.35 V              ; -0.0197 V           ; 0.101 V                              ; 0.101 V                              ; 6.39e-10 s                  ; 6.08e-10 s                  ; Yes                        ; Yes                        ; 2.32 V                      ; 7.16e-07 V                  ; 2.35 V             ; -0.0197 V          ; 0.101 V                             ; 0.101 V                             ; 6.39e-10 s                 ; 6.08e-10 s                 ; Yes                       ; Yes                       ;
; LCD_Data[2]   ; 2.5 V        ; 0 s                 ; 0 s                 ; 2.32 V                       ; 7.16e-07 V                   ; 2.35 V              ; -0.0197 V           ; 0.101 V                              ; 0.101 V                              ; 6.39e-10 s                  ; 6.08e-10 s                  ; Yes                        ; Yes                        ; 2.32 V                      ; 7.16e-07 V                  ; 2.35 V             ; -0.0197 V          ; 0.101 V                             ; 0.101 V                             ; 6.39e-10 s                 ; 6.08e-10 s                 ; Yes                       ; Yes                       ;
; LCD_Data[3]   ; 2.5 V        ; 0 s                 ; 0 s                 ; 2.32 V                       ; 7.16e-07 V                   ; 2.35 V              ; -0.0197 V           ; 0.101 V                              ; 0.101 V                              ; 6.39e-10 s                  ; 6.08e-10 s                  ; Yes                        ; Yes                        ; 2.32 V                      ; 7.16e-07 V                  ; 2.35 V             ; -0.0197 V          ; 0.101 V                             ; 0.101 V                             ; 6.39e-10 s                 ; 6.08e-10 s                 ; Yes                       ; Yes                       ;
; LCD_Data[4]   ; 2.5 V        ; 0 s                 ; 0 s                 ; 2.32 V                       ; 7.16e-07 V                   ; 2.35 V              ; -0.0197 V           ; 0.101 V                              ; 0.101 V                              ; 6.39e-10 s                  ; 6.08e-10 s                  ; Yes                        ; Yes                        ; 2.32 V                      ; 7.16e-07 V                  ; 2.35 V             ; -0.0197 V          ; 0.101 V                             ; 0.101 V                             ; 6.39e-10 s                 ; 6.08e-10 s                 ; Yes                       ; Yes                       ;
; LCD_Data[5]   ; 2.5 V        ; 0 s                 ; 0 s                 ; 2.32 V                       ; 7.16e-07 V                   ; 2.35 V              ; -0.0197 V           ; 0.101 V                              ; 0.101 V                              ; 6.39e-10 s                  ; 6.08e-10 s                  ; Yes                        ; Yes                        ; 2.32 V                      ; 7.16e-07 V                  ; 2.35 V             ; -0.0197 V          ; 0.101 V                             ; 0.101 V                             ; 6.39e-10 s                 ; 6.08e-10 s                 ; Yes                       ; Yes                       ;
; LCD_Data[6]   ; 2.5 V        ; 0 s                 ; 0 s                 ; 2.32 V                       ; 7.16e-07 V                   ; 2.35 V              ; -0.0197 V           ; 0.101 V                              ; 0.101 V                              ; 6.39e-10 s                  ; 6.08e-10 s                  ; Yes                        ; Yes                        ; 2.32 V                      ; 7.16e-07 V                  ; 2.35 V             ; -0.0197 V          ; 0.101 V                             ; 0.101 V                             ; 6.39e-10 s                 ; 6.08e-10 s                 ; Yes                       ; Yes                       ;
; LCD_Data[7]   ; 2.5 V        ; 0 s                 ; 0 s                 ; 2.32 V                       ; 7.16e-07 V                   ; 2.33 V              ; -0.0038 V           ; 0.163 V                              ; 0.075 V                              ; 3.33e-09 s                  ; 3.15e-09 s                  ; Yes                        ; Yes                        ; 2.32 V                      ; 7.16e-07 V                  ; 2.33 V             ; -0.0038 V          ; 0.163 V                             ; 0.075 V                             ; 3.33e-09 s                 ; 3.15e-09 s                 ; Yes                       ; Yes                       ;
; LCD_En        ; 2.5 V        ; 0 s                 ; 0 s                 ; 2.32 V                       ; 7.16e-07 V                   ; 2.35 V              ; -0.0197 V           ; 0.101 V                              ; 0.101 V                              ; 6.39e-10 s                  ; 6.08e-10 s                  ; Yes                        ; Yes                        ; 2.32 V                      ; 7.16e-07 V                  ; 2.35 V             ; -0.0197 V          ; 0.101 V                             ; 0.101 V                             ; 6.39e-10 s                 ; 6.08e-10 s                 ; Yes                       ; Yes                       ;
; LCD_Rw        ; 2.5 V        ; 0 s                 ; 0 s                 ; 2.32 V                       ; 7.16e-07 V                   ; 2.35 V              ; -0.0197 V           ; 0.101 V                              ; 0.101 V                              ; 6.39e-10 s                  ; 6.08e-10 s                  ; Yes                        ; Yes                        ; 2.32 V                      ; 7.16e-07 V                  ; 2.35 V             ; -0.0197 V          ; 0.101 V                             ; 0.101 V                             ; 6.39e-10 s                 ; 6.08e-10 s                 ; Yes                       ; Yes                       ;
; LCD_Rs        ; 2.5 V        ; 0 s                 ; 0 s                 ; 2.32 V                       ; 7.16e-07 V                   ; 2.35 V              ; -0.0197 V           ; 0.101 V                              ; 0.101 V                              ; 6.39e-10 s                  ; 6.08e-10 s                  ; Yes                        ; Yes                        ; 2.32 V                      ; 7.16e-07 V                  ; 2.35 V             ; -0.0197 V          ; 0.101 V                             ; 0.101 V                             ; 6.39e-10 s                 ; 6.08e-10 s                 ; Yes                       ; Yes                       ;
; LED           ; 2.5 V        ; 0 s                 ; 0 s                 ; 2.32 V                       ; 1.06e-06 V                   ; 2.36 V              ; -0.0278 V           ; 0.106 V                              ; 0.12 V                               ; 4.49e-10 s                  ; 4.27e-10 s                  ; Yes                        ; Yes                        ; 2.32 V                      ; 1.06e-06 V                  ; 2.36 V             ; -0.0278 V          ; 0.106 V                             ; 0.12 V                              ; 4.49e-10 s                 ; 4.27e-10 s                 ; Yes                       ; Yes                       ;
; HEX0[0]       ; 2.5 V        ; 0 s                 ; 0 s                 ; 2.32 V                       ; 1.06e-06 V                   ; 2.36 V              ; -0.0278 V           ; 0.106 V                              ; 0.12 V                               ; 4.49e-10 s                  ; 4.27e-10 s                  ; Yes                        ; Yes                        ; 2.32 V                      ; 1.06e-06 V                  ; 2.36 V             ; -0.0278 V          ; 0.106 V                             ; 0.12 V                              ; 4.49e-10 s                 ; 4.27e-10 s                 ; Yes                       ; Yes                       ;
; HEX0[1]       ; 2.5 V        ; 0 s                 ; 0 s                 ; 2.32 V                       ; 1.06e-06 V                   ; 2.33 V              ; -0.00395 V          ; 0.134 V                              ; 0.077 V                              ; 3.33e-09 s                  ; 3.17e-09 s                  ; Yes                        ; Yes                        ; 2.32 V                      ; 1.06e-06 V                  ; 2.33 V             ; -0.00395 V         ; 0.134 V                             ; 0.077 V                             ; 3.33e-09 s                 ; 3.17e-09 s                 ; Yes                       ; Yes                       ;
; HEX0[2]       ; 2.5 V        ; 0 s                 ; 0 s                 ; 2.32 V                       ; 1.06e-06 V                   ; 2.36 V              ; -0.0278 V           ; 0.106 V                              ; 0.12 V                               ; 4.49e-10 s                  ; 4.27e-10 s                  ; Yes                        ; Yes                        ; 2.32 V                      ; 1.06e-06 V                  ; 2.36 V             ; -0.0278 V          ; 0.106 V                             ; 0.12 V                              ; 4.49e-10 s                 ; 4.27e-10 s                 ; Yes                       ; Yes                       ;
; HEX0[3]       ; 2.5 V        ; 0 s                 ; 0 s                 ; 2.32 V                       ; 7.16e-07 V                   ; 2.36 V              ; -0.0231 V           ; 0.097 V                              ; 0.037 V                              ; 4.41e-10 s                  ; 4.16e-10 s                  ; Yes                        ; Yes                        ; 2.32 V                      ; 7.16e-07 V                  ; 2.36 V             ; -0.0231 V          ; 0.097 V                             ; 0.037 V                             ; 4.41e-10 s                 ; 4.16e-10 s                 ; Yes                       ; Yes                       ;
; HEX0[4]       ; 2.5 V        ; 0 s                 ; 0 s                 ; 2.32 V                       ; 7.16e-07 V                   ; 2.36 V              ; -0.0231 V           ; 0.097 V                              ; 0.037 V                              ; 4.41e-10 s                  ; 4.16e-10 s                  ; Yes                        ; Yes                        ; 2.32 V                      ; 7.16e-07 V                  ; 2.36 V             ; -0.0231 V          ; 0.097 V                             ; 0.037 V                             ; 4.41e-10 s                 ; 4.16e-10 s                 ; Yes                       ; Yes                       ;
; HEX0[5]       ; 2.5 V        ; 0 s                 ; 0 s                 ; 2.32 V                       ; 7.16e-07 V                   ; 2.33 V              ; -0.0038 V           ; 0.163 V                              ; 0.075 V                              ; 3.33e-09 s                  ; 3.15e-09 s                  ; Yes                        ; Yes                        ; 2.32 V                      ; 7.16e-07 V                  ; 2.33 V             ; -0.0038 V          ; 0.163 V                             ; 0.075 V                             ; 3.33e-09 s                 ; 3.15e-09 s                 ; Yes                       ; Yes                       ;
; HEX0[6]       ; 2.5 V        ; 0 s                 ; 0 s                 ; 2.32 V                       ; 7.16e-07 V                   ; 2.36 V              ; -0.0231 V           ; 0.097 V                              ; 0.037 V                              ; 4.41e-10 s                  ; 4.16e-10 s                  ; Yes                        ; Yes                        ; 2.32 V                      ; 7.16e-07 V                  ; 2.36 V             ; -0.0231 V          ; 0.097 V                             ; 0.037 V                             ; 4.41e-10 s                 ; 4.16e-10 s                 ; Yes                       ; Yes                       ;
; HEX1[0]       ; 2.5 V        ; 0 s                 ; 0 s                 ; 2.32 V                       ; 7.16e-07 V                   ; 2.36 V              ; -0.0231 V           ; 0.097 V                              ; 0.037 V                              ; 4.41e-10 s                  ; 4.16e-10 s                  ; Yes                        ; Yes                        ; 2.32 V                      ; 7.16e-07 V                  ; 2.36 V             ; -0.0231 V          ; 0.097 V                             ; 0.037 V                             ; 4.41e-10 s                 ; 4.16e-10 s                 ; Yes                       ; Yes                       ;
; HEX1[1]       ; 2.5 V        ; 0 s                 ; 0 s                 ; 2.32 V                       ; 7.16e-07 V                   ; 2.35 V              ; -0.0197 V           ; 0.101 V                              ; 0.101 V                              ; 6.39e-10 s                  ; 6.08e-10 s                  ; Yes                        ; Yes                        ; 2.32 V                      ; 7.16e-07 V                  ; 2.35 V             ; -0.0197 V          ; 0.101 V                             ; 0.101 V                             ; 6.39e-10 s                 ; 6.08e-10 s                 ; Yes                       ; Yes                       ;
; HEX1[2]       ; 2.5 V        ; 0 s                 ; 0 s                 ; 2.32 V                       ; 7.16e-07 V                   ; 2.35 V              ; -0.0197 V           ; 0.101 V                              ; 0.101 V                              ; 6.39e-10 s                  ; 6.08e-10 s                  ; Yes                        ; Yes                        ; 2.32 V                      ; 7.16e-07 V                  ; 2.35 V             ; -0.0197 V          ; 0.101 V                             ; 0.101 V                             ; 6.39e-10 s                 ; 6.08e-10 s                 ; Yes                       ; Yes                       ;
; HEX1[3]       ; 2.5 V        ; 0 s                 ; 0 s                 ; 2.32 V                       ; 7.16e-07 V                   ; 2.35 V              ; -0.0197 V           ; 0.101 V                              ; 0.101 V                              ; 6.39e-10 s                  ; 6.08e-10 s                  ; Yes                        ; Yes                        ; 2.32 V                      ; 7.16e-07 V                  ; 2.35 V             ; -0.0197 V          ; 0.101 V                             ; 0.101 V                             ; 6.39e-10 s                 ; 6.08e-10 s                 ; Yes                       ; Yes                       ;
; HEX1[4]       ; 2.5 V        ; 0 s                 ; 0 s                 ; 2.32 V                       ; 7.16e-07 V                   ; 2.35 V              ; -0.0197 V           ; 0.101 V                              ; 0.101 V                              ; 6.39e-10 s                  ; 6.08e-10 s                  ; Yes                        ; Yes                        ; 2.32 V                      ; 7.16e-07 V                  ; 2.35 V             ; -0.0197 V          ; 0.101 V                             ; 0.101 V                             ; 6.39e-10 s                 ; 6.08e-10 s                 ; Yes                       ; Yes                       ;
; HEX1[5]       ; 2.5 V        ; 0 s                 ; 0 s                 ; 2.32 V                       ; 7.16e-07 V                   ; 2.33 V              ; -0.0038 V           ; 0.163 V                              ; 0.075 V                              ; 3.33e-09 s                  ; 3.15e-09 s                  ; Yes                        ; Yes                        ; 2.32 V                      ; 7.16e-07 V                  ; 2.33 V             ; -0.0038 V          ; 0.163 V                             ; 0.075 V                             ; 3.33e-09 s                 ; 3.15e-09 s                 ; Yes                       ; Yes                       ;
; HEX1[6]       ; 2.5 V        ; 0 s                 ; 0 s                 ; 2.32 V                       ; 7.16e-07 V                   ; 2.33 V              ; -0.0038 V           ; 0.163 V                              ; 0.075 V                              ; 3.33e-09 s                  ; 3.15e-09 s                  ; Yes                        ; Yes                        ; 2.32 V                      ; 7.16e-07 V                  ; 2.33 V             ; -0.0038 V          ; 0.163 V                             ; 0.075 V                             ; 3.33e-09 s                 ; 3.15e-09 s                 ; Yes                       ; Yes                       ;
; HEX2[0]       ; 2.5 V        ; 0 s                 ; 0 s                 ; 2.32 V                       ; 7.16e-07 V                   ; 2.35 V              ; -0.0197 V           ; 0.101 V                              ; 0.101 V                              ; 6.39e-10 s                  ; 6.08e-10 s                  ; Yes                        ; Yes                        ; 2.32 V                      ; 7.16e-07 V                  ; 2.35 V             ; -0.0197 V          ; 0.101 V                             ; 0.101 V                             ; 6.39e-10 s                 ; 6.08e-10 s                 ; Yes                       ; Yes                       ;
; HEX2[1]       ; 2.5 V        ; 0 s                 ; 0 s                 ; 2.32 V                       ; 1.06e-06 V                   ; 2.36 V              ; -0.0278 V           ; 0.106 V                              ; 0.12 V                               ; 4.49e-10 s                  ; 4.27e-10 s                  ; Yes                        ; Yes                        ; 2.32 V                      ; 1.06e-06 V                  ; 2.36 V             ; -0.0278 V          ; 0.106 V                             ; 0.12 V                              ; 4.49e-10 s                 ; 4.27e-10 s                 ; Yes                       ; Yes                       ;
; HEX2[2]       ; 2.5 V        ; 0 s                 ; 0 s                 ; 2.32 V                       ; 7.16e-07 V                   ; 2.35 V              ; -0.0197 V           ; 0.101 V                              ; 0.101 V                              ; 6.39e-10 s                  ; 6.08e-10 s                  ; Yes                        ; Yes                        ; 2.32 V                      ; 7.16e-07 V                  ; 2.35 V             ; -0.0197 V          ; 0.101 V                             ; 0.101 V                             ; 6.39e-10 s                 ; 6.08e-10 s                 ; Yes                       ; Yes                       ;
; HEX2[3]       ; 2.5 V        ; 0 s                 ; 0 s                 ; 2.32 V                       ; 7.16e-07 V                   ; 2.35 V              ; -0.0197 V           ; 0.101 V                              ; 0.101 V                              ; 6.39e-10 s                  ; 6.08e-10 s                  ; Yes                        ; Yes                        ; 2.32 V                      ; 7.16e-07 V                  ; 2.35 V             ; -0.0197 V          ; 0.101 V                             ; 0.101 V                             ; 6.39e-10 s                 ; 6.08e-10 s                 ; Yes                       ; Yes                       ;
; HEX2[4]       ; 2.5 V        ; 0 s                 ; 0 s                 ; 2.32 V                       ; 7.16e-07 V                   ; 2.35 V              ; -0.0197 V           ; 0.101 V                              ; 0.101 V                              ; 6.39e-10 s                  ; 6.08e-10 s                  ; Yes                        ; Yes                        ; 2.32 V                      ; 7.16e-07 V                  ; 2.35 V             ; -0.0197 V          ; 0.101 V                             ; 0.101 V                             ; 6.39e-10 s                 ; 6.08e-10 s                 ; Yes                       ; Yes                       ;
; HEX2[5]       ; 2.5 V        ; 0 s                 ; 0 s                 ; 2.32 V                       ; 7.16e-07 V                   ; 2.35 V              ; -0.0197 V           ; 0.101 V                              ; 0.101 V                              ; 6.39e-10 s                  ; 6.08e-10 s                  ; Yes                        ; Yes                        ; 2.32 V                      ; 7.16e-07 V                  ; 2.35 V             ; -0.0197 V          ; 0.101 V                             ; 0.101 V                             ; 6.39e-10 s                 ; 6.08e-10 s                 ; Yes                       ; Yes                       ;
; HEX2[6]       ; 2.5 V        ; 0 s                 ; 0 s                 ; 2.32 V                       ; 7.16e-07 V                   ; 2.35 V              ; -0.0197 V           ; 0.101 V                              ; 0.101 V                              ; 6.39e-10 s                  ; 6.08e-10 s                  ; Yes                        ; Yes                        ; 2.32 V                      ; 7.16e-07 V                  ; 2.35 V             ; -0.0197 V          ; 0.101 V                             ; 0.101 V                             ; 6.39e-10 s                 ; 6.08e-10 s                 ; Yes                       ; Yes                       ;
; HEX3[0]       ; 2.5 V        ; 0 s                 ; 0 s                 ; 2.32 V                       ; 7.16e-07 V                   ; 2.35 V              ; -0.0197 V           ; 0.101 V                              ; 0.101 V                              ; 6.39e-10 s                  ; 6.08e-10 s                  ; Yes                        ; Yes                        ; 2.32 V                      ; 7.16e-07 V                  ; 2.35 V             ; -0.0197 V          ; 0.101 V                             ; 0.101 V                             ; 6.39e-10 s                 ; 6.08e-10 s                 ; Yes                       ; Yes                       ;
; HEX3[1]       ; 2.5 V        ; 0 s                 ; 0 s                 ; 2.32 V                       ; 7.16e-07 V                   ; 2.36 V              ; -0.0231 V           ; 0.097 V                              ; 0.037 V                              ; 4.41e-10 s                  ; 4.16e-10 s                  ; Yes                        ; Yes                        ; 2.32 V                      ; 7.16e-07 V                  ; 2.36 V             ; -0.0231 V          ; 0.097 V                             ; 0.037 V                             ; 4.41e-10 s                 ; 4.16e-10 s                 ; Yes                       ; Yes                       ;
; HEX3[2]       ; 2.5 V        ; 0 s                 ; 0 s                 ; 2.32 V                       ; 1.06e-06 V                   ; 2.33 V              ; -0.00395 V          ; 0.134 V                              ; 0.077 V                              ; 3.33e-09 s                  ; 3.17e-09 s                  ; Yes                        ; Yes                        ; 2.32 V                      ; 1.06e-06 V                  ; 2.33 V             ; -0.00395 V         ; 0.134 V                             ; 0.077 V                             ; 3.33e-09 s                 ; 3.17e-09 s                 ; Yes                       ; Yes                       ;
; HEX3[3]       ; 2.5 V        ; 0 s                 ; 0 s                 ; 2.32 V                       ; 1.06e-06 V                   ; 2.36 V              ; -0.0278 V           ; 0.106 V                              ; 0.12 V                               ; 4.49e-10 s                  ; 4.27e-10 s                  ; Yes                        ; Yes                        ; 2.32 V                      ; 1.06e-06 V                  ; 2.36 V             ; -0.0278 V          ; 0.106 V                             ; 0.12 V                              ; 4.49e-10 s                 ; 4.27e-10 s                 ; Yes                       ; Yes                       ;
; HEX3[4]       ; 2.5 V        ; 0 s                 ; 0 s                 ; 2.32 V                       ; 1.06e-06 V                   ; 2.36 V              ; -0.0278 V           ; 0.106 V                              ; 0.12 V                               ; 4.49e-10 s                  ; 4.27e-10 s                  ; Yes                        ; Yes                        ; 2.32 V                      ; 1.06e-06 V                  ; 2.36 V             ; -0.0278 V          ; 0.106 V                             ; 0.12 V                              ; 4.49e-10 s                 ; 4.27e-10 s                 ; Yes                       ; Yes                       ;
; HEX3[5]       ; 2.5 V        ; 0 s                 ; 0 s                 ; 2.32 V                       ; 1.06e-06 V                   ; 2.36 V              ; -0.0278 V           ; 0.106 V                              ; 0.12 V                               ; 4.49e-10 s                  ; 4.27e-10 s                  ; Yes                        ; Yes                        ; 2.32 V                      ; 1.06e-06 V                  ; 2.36 V             ; -0.0278 V          ; 0.106 V                             ; 0.12 V                              ; 4.49e-10 s                 ; 4.27e-10 s                 ; Yes                       ; Yes                       ;
; HEX3[6]       ; 2.5 V        ; 0 s                 ; 0 s                 ; 2.32 V                       ; 1.06e-06 V                   ; 2.36 V              ; -0.0278 V           ; 0.106 V                              ; 0.12 V                               ; 4.49e-10 s                  ; 4.27e-10 s                  ; Yes                        ; Yes                        ; 2.32 V                      ; 1.06e-06 V                  ; 2.36 V             ; -0.0278 V          ; 0.106 V                             ; 0.12 V                              ; 4.49e-10 s                 ; 4.27e-10 s                 ; Yes                       ; Yes                       ;
; ~ALTERA_DCLK~ ; 2.5 V        ; 0 s                 ; 0 s                 ; 2.32 V                       ; 5.74e-07 V                   ; 2.36 V              ; -0.0252 V           ; 0.074 V                              ; 0.045 V                              ; 4e-10 s                     ; 3.57e-10 s                  ; Yes                        ; Yes                        ; 2.32 V                      ; 5.74e-07 V                  ; 2.36 V             ; -0.0252 V          ; 0.074 V                             ; 0.045 V                             ; 4e-10 s                    ; 3.57e-10 s                 ; Yes                       ; Yes                       ;
; ~ALTERA_nCEO~ ; 2.5 V        ; 0 s                 ; 0 s                 ; 2.32 V                       ; 9.45e-07 V                   ; 2.35 V              ; -0.0165 V           ; 0.2 V                                ; 0.105 V                              ; 5.32e-10 s                  ; 7.76e-10 s                  ; Yes                        ; Yes                        ; 2.32 V                      ; 9.45e-07 V                  ; 2.35 V             ; -0.0165 V          ; 0.2 V                               ; 0.105 V                             ; 5.32e-10 s                 ; 7.76e-10 s                 ; Yes                       ; Yes                       ;
+---------------+--------------+---------------------+---------------------+------------------------------+------------------------------+---------------------+---------------------+--------------------------------------+--------------------------------------+-----------------------------+-----------------------------+----------------------------+----------------------------+-----------------------------+-----------------------------+--------------------+--------------------+-------------------------------------+-------------------------------------+----------------------------+----------------------------+---------------------------+---------------------------+


+--------------------------------------------------------------------------------------------------------------------------------------------------------------------------------------------------------------------------------------------------------------------------------------------------------------------------------------------------------------------------------------------------------------------------------------------------------------------------------------------------------------------------------------------------------------------------------------------------------------------------------------------------------------------------------------------+
; Signal Integrity Metrics (Fast 1000mv 0c Model)                                                                                                                                                                                                                                                                                                                                                                                                                                                                                                                                                                                                                                            ;
+---------------+--------------+---------------------+---------------------+------------------------------+------------------------------+---------------------+---------------------+--------------------------------------+--------------------------------------+-----------------------------+-----------------------------+----------------------------+----------------------------+-----------------------------+-----------------------------+--------------------+--------------------+-------------------------------------+-------------------------------------+----------------------------+----------------------------+---------------------------+---------------------------+
; Pin           ; I/O Standard ; Board Delay on Rise ; Board Delay on Fall ; Steady State Voh at FPGA Pin ; Steady State Vol at FPGA Pin ; Voh Max at FPGA Pin ; Vol Min at FPGA Pin ; Ringback Voltage on Rise at FPGA Pin ; Ringback Voltage on Fall at FPGA Pin ; 10-90 Rise Time at FPGA Pin ; 90-10 Fall Time at FPGA Pin ; Monotonic Rise at FPGA Pin ; Monotonic Fall at FPGA Pin ; Steady State Voh at Far-end ; Steady State Vol at Far-end ; Voh Max at Far-end ; Vol Min at Far-end ; Ringback Voltage on Rise at Far-end ; Ringback Voltage on Fall at Far-end ; 10-90 Rise Time at Far-end ; 90-10 Fall Time at Far-end ; Monotonic Rise at Far-end ; Monotonic Fall at Far-end ;
+---------------+--------------+---------------------+---------------------+------------------------------+------------------------------+---------------------+---------------------+--------------------------------------+--------------------------------------+-----------------------------+-----------------------------+----------------------------+----------------------------+-----------------------------+-----------------------------+--------------------+--------------------+-------------------------------------+-------------------------------------+----------------------------+----------------------------+---------------------------+---------------------------+
; VGA_HS        ; 2.5 V        ; 0 s                 ; 0 s                 ; 2.62 V                       ; 4.04e-08 V                   ; 2.71 V              ; -0.0455 V           ; 0.17 V                               ; 0.057 V                              ; 2.73e-10 s                  ; 2.69e-10 s                  ; Yes                        ; Yes                        ; 2.62 V                      ; 4.04e-08 V                  ; 2.71 V             ; -0.0455 V          ; 0.17 V                              ; 0.057 V                             ; 2.73e-10 s                 ; 2.69e-10 s                 ; Yes                       ; Yes                       ;
; VGA_VS        ; 2.5 V        ; 0 s                 ; 0 s                 ; 2.62 V                       ; 4.04e-08 V                   ; 2.71 V              ; -0.0455 V           ; 0.17 V                               ; 0.057 V                              ; 2.73e-10 s                  ; 2.69e-10 s                  ; Yes                        ; Yes                        ; 2.62 V                      ; 4.04e-08 V                  ; 2.71 V             ; -0.0455 V          ; 0.17 V                              ; 0.057 V                             ; 2.73e-10 s                 ; 2.69e-10 s                 ; Yes                       ; Yes                       ;
; VGA_CLK       ; 2.5 V        ; 0 s                 ; 0 s                 ; 2.62 V                       ; 4.04e-08 V                   ; 2.71 V              ; -0.0455 V           ; 0.17 V                               ; 0.057 V                              ; 2.73e-10 s                  ; 2.69e-10 s                  ; Yes                        ; Yes                        ; 2.62 V                      ; 4.04e-08 V                  ; 2.71 V             ; -0.0455 V          ; 0.17 V                              ; 0.057 V                             ; 2.73e-10 s                 ; 2.69e-10 s                 ; Yes                       ; Yes                       ;
; VGA_SYNC_N    ; 2.5 V        ; 0 s                 ; 0 s                 ; 2.62 V                       ; 4.04e-08 V                   ; 2.71 V              ; -0.0455 V           ; 0.17 V                               ; 0.057 V                              ; 2.73e-10 s                  ; 2.69e-10 s                  ; Yes                        ; Yes                        ; 2.62 V                      ; 4.04e-08 V                  ; 2.71 V             ; -0.0455 V          ; 0.17 V                              ; 0.057 V                             ; 2.73e-10 s                 ; 2.69e-10 s                 ; Yes                       ; Yes                       ;
; VGA_BLANK_N   ; 2.5 V        ; 0 s                 ; 0 s                 ; 2.62 V                       ; 4.04e-08 V                   ; 2.71 V              ; -0.0455 V           ; 0.17 V                               ; 0.057 V                              ; 2.73e-10 s                  ; 2.69e-10 s                  ; Yes                        ; Yes                        ; 2.62 V                      ; 4.04e-08 V                  ; 2.71 V             ; -0.0455 V          ; 0.17 V                              ; 0.057 V                             ; 2.73e-10 s                 ; 2.69e-10 s                 ; Yes                       ; Yes                       ;
; VGA_R[0]      ; 2.5 V        ; 0 s                 ; 0 s                 ; 2.62 V                       ; 4.04e-08 V                   ; 2.71 V              ; -0.0455 V           ; 0.17 V                               ; 0.057 V                              ; 2.73e-10 s                  ; 2.69e-10 s                  ; Yes                        ; Yes                        ; 2.62 V                      ; 4.04e-08 V                  ; 2.71 V             ; -0.0455 V          ; 0.17 V                              ; 0.057 V                             ; 2.73e-10 s                 ; 2.69e-10 s                 ; Yes                       ; Yes                       ;
; VGA_R[1]      ; 2.5 V        ; 0 s                 ; 0 s                 ; 2.62 V                       ; 4.04e-08 V                   ; 2.71 V              ; -0.0455 V           ; 0.17 V                               ; 0.057 V                              ; 2.73e-10 s                  ; 2.69e-10 s                  ; Yes                        ; Yes                        ; 2.62 V                      ; 4.04e-08 V                  ; 2.71 V             ; -0.0455 V          ; 0.17 V                              ; 0.057 V                             ; 2.73e-10 s                 ; 2.69e-10 s                 ; Yes                       ; Yes                       ;
; VGA_R[2]      ; 2.5 V        ; 0 s                 ; 0 s                 ; 2.62 V                       ; 4.04e-08 V                   ; 2.71 V              ; -0.0455 V           ; 0.17 V                               ; 0.057 V                              ; 2.73e-10 s                  ; 2.69e-10 s                  ; Yes                        ; Yes                        ; 2.62 V                      ; 4.04e-08 V                  ; 2.71 V             ; -0.0455 V          ; 0.17 V                              ; 0.057 V                             ; 2.73e-10 s                 ; 2.69e-10 s                 ; Yes                       ; Yes                       ;
; VGA_R[3]      ; 2.5 V        ; 0 s                 ; 0 s                 ; 2.62 V                       ; 4.04e-08 V                   ; 2.71 V              ; -0.0455 V           ; 0.17 V                               ; 0.057 V                              ; 2.73e-10 s                  ; 2.69e-10 s                  ; Yes                        ; Yes                        ; 2.62 V                      ; 4.04e-08 V                  ; 2.71 V             ; -0.0455 V          ; 0.17 V                              ; 0.057 V                             ; 2.73e-10 s                 ; 2.69e-10 s                 ; Yes                       ; Yes                       ;
; VGA_R[4]      ; 2.5 V        ; 0 s                 ; 0 s                 ; 2.62 V                       ; 4.04e-08 V                   ; 2.71 V              ; -0.0455 V           ; 0.17 V                               ; 0.057 V                              ; 2.73e-10 s                  ; 2.69e-10 s                  ; Yes                        ; Yes                        ; 2.62 V                      ; 4.04e-08 V                  ; 2.71 V             ; -0.0455 V          ; 0.17 V                              ; 0.057 V                             ; 2.73e-10 s                 ; 2.69e-10 s                 ; Yes                       ; Yes                       ;
; VGA_R[5]      ; 2.5 V        ; 0 s                 ; 0 s                 ; 2.62 V                       ; 4.04e-08 V                   ; 2.71 V              ; -0.0455 V           ; 0.17 V                               ; 0.057 V                              ; 2.73e-10 s                  ; 2.69e-10 s                  ; Yes                        ; Yes                        ; 2.62 V                      ; 4.04e-08 V                  ; 2.71 V             ; -0.0455 V          ; 0.17 V                              ; 0.057 V                             ; 2.73e-10 s                 ; 2.69e-10 s                 ; Yes                       ; Yes                       ;
; VGA_R[6]      ; 2.5 V        ; 0 s                 ; 0 s                 ; 2.62 V                       ; 4.04e-08 V                   ; 2.71 V              ; -0.0455 V           ; 0.17 V                               ; 0.057 V                              ; 2.73e-10 s                  ; 2.69e-10 s                  ; Yes                        ; Yes                        ; 2.62 V                      ; 4.04e-08 V                  ; 2.71 V             ; -0.0455 V          ; 0.17 V                              ; 0.057 V                             ; 2.73e-10 s                 ; 2.69e-10 s                 ; Yes                       ; Yes                       ;
; VGA_R[7]      ; 2.5 V        ; 0 s                 ; 0 s                 ; 2.62 V                       ; 4.04e-08 V                   ; 2.71 V              ; -0.0455 V           ; 0.17 V                               ; 0.057 V                              ; 2.73e-10 s                  ; 2.69e-10 s                  ; Yes                        ; Yes                        ; 2.62 V                      ; 4.04e-08 V                  ; 2.71 V             ; -0.0455 V          ; 0.17 V                              ; 0.057 V                             ; 2.73e-10 s                 ; 2.69e-10 s                 ; Yes                       ; Yes                       ;
; VGA_G[0]      ; 2.5 V        ; 0 s                 ; 0 s                 ; 2.62 V                       ; 4.04e-08 V                   ; 2.71 V              ; -0.0455 V           ; 0.17 V                               ; 0.057 V                              ; 2.73e-10 s                  ; 2.69e-10 s                  ; Yes                        ; Yes                        ; 2.62 V                      ; 4.04e-08 V                  ; 2.71 V             ; -0.0455 V          ; 0.17 V                              ; 0.057 V                             ; 2.73e-10 s                 ; 2.69e-10 s                 ; Yes                       ; Yes                       ;
; VGA_G[1]      ; 2.5 V        ; 0 s                 ; 0 s                 ; 2.62 V                       ; 4.04e-08 V                   ; 2.71 V              ; -0.0455 V           ; 0.17 V                               ; 0.057 V                              ; 2.73e-10 s                  ; 2.69e-10 s                  ; Yes                        ; Yes                        ; 2.62 V                      ; 4.04e-08 V                  ; 2.71 V             ; -0.0455 V          ; 0.17 V                              ; 0.057 V                             ; 2.73e-10 s                 ; 2.69e-10 s                 ; Yes                       ; Yes                       ;
; VGA_G[2]      ; 2.5 V        ; 0 s                 ; 0 s                 ; 2.62 V                       ; 4.04e-08 V                   ; 2.71 V              ; -0.0455 V           ; 0.17 V                               ; 0.057 V                              ; 2.73e-10 s                  ; 2.69e-10 s                  ; Yes                        ; Yes                        ; 2.62 V                      ; 4.04e-08 V                  ; 2.71 V             ; -0.0455 V          ; 0.17 V                              ; 0.057 V                             ; 2.73e-10 s                 ; 2.69e-10 s                 ; Yes                       ; Yes                       ;
; VGA_G[3]      ; 2.5 V        ; 0 s                 ; 0 s                 ; 2.62 V                       ; 4.04e-08 V                   ; 2.71 V              ; -0.0455 V           ; 0.17 V                               ; 0.057 V                              ; 2.73e-10 s                  ; 2.69e-10 s                  ; Yes                        ; Yes                        ; 2.62 V                      ; 4.04e-08 V                  ; 2.71 V             ; -0.0455 V          ; 0.17 V                              ; 0.057 V                             ; 2.73e-10 s                 ; 2.69e-10 s                 ; Yes                       ; Yes                       ;
; VGA_G[4]      ; 2.5 V        ; 0 s                 ; 0 s                 ; 2.62 V                       ; 4.04e-08 V                   ; 2.71 V              ; -0.0455 V           ; 0.17 V                               ; 0.057 V                              ; 2.73e-10 s                  ; 2.69e-10 s                  ; Yes                        ; Yes                        ; 2.62 V                      ; 4.04e-08 V                  ; 2.71 V             ; -0.0455 V          ; 0.17 V                              ; 0.057 V                             ; 2.73e-10 s                 ; 2.69e-10 s                 ; Yes                       ; Yes                       ;
; VGA_G[5]      ; 2.5 V        ; 0 s                 ; 0 s                 ; 2.62 V                       ; 4.04e-08 V                   ; 2.71 V              ; -0.0455 V           ; 0.17 V                               ; 0.057 V                              ; 2.73e-10 s                  ; 2.69e-10 s                  ; Yes                        ; Yes                        ; 2.62 V                      ; 4.04e-08 V                  ; 2.71 V             ; -0.0455 V          ; 0.17 V                              ; 0.057 V                             ; 2.73e-10 s                 ; 2.69e-10 s                 ; Yes                       ; Yes                       ;
; VGA_G[6]      ; 2.5 V        ; 0 s                 ; 0 s                 ; 2.62 V                       ; 4.04e-08 V                   ; 2.71 V              ; -0.0455 V           ; 0.17 V                               ; 0.057 V                              ; 2.73e-10 s                  ; 2.69e-10 s                  ; Yes                        ; Yes                        ; 2.62 V                      ; 4.04e-08 V                  ; 2.71 V             ; -0.0455 V          ; 0.17 V                              ; 0.057 V                             ; 2.73e-10 s                 ; 2.69e-10 s                 ; Yes                       ; Yes                       ;
; VGA_G[7]      ; 2.5 V        ; 0 s                 ; 0 s                 ; 2.62 V                       ; 4.04e-08 V                   ; 2.71 V              ; -0.0455 V           ; 0.17 V                               ; 0.057 V                              ; 2.73e-10 s                  ; 2.69e-10 s                  ; Yes                        ; Yes                        ; 2.62 V                      ; 4.04e-08 V                  ; 2.71 V             ; -0.0455 V          ; 0.17 V                              ; 0.057 V                             ; 2.73e-10 s                 ; 2.69e-10 s                 ; Yes                       ; Yes                       ;
; VGA_B[0]      ; 2.5 V        ; 0 s                 ; 0 s                 ; 2.62 V                       ; 4.04e-08 V                   ; 2.71 V              ; -0.0455 V           ; 0.17 V                               ; 0.057 V                              ; 2.73e-10 s                  ; 2.69e-10 s                  ; Yes                        ; Yes                        ; 2.62 V                      ; 4.04e-08 V                  ; 2.71 V             ; -0.0455 V          ; 0.17 V                              ; 0.057 V                             ; 2.73e-10 s                 ; 2.69e-10 s                 ; Yes                       ; Yes                       ;
; VGA_B[1]      ; 2.5 V        ; 0 s                 ; 0 s                 ; 2.62 V                       ; 4.04e-08 V                   ; 2.71 V              ; -0.0455 V           ; 0.17 V                               ; 0.057 V                              ; 2.73e-10 s                  ; 2.69e-10 s                  ; Yes                        ; Yes                        ; 2.62 V                      ; 4.04e-08 V                  ; 2.71 V             ; -0.0455 V          ; 0.17 V                              ; 0.057 V                             ; 2.73e-10 s                 ; 2.69e-10 s                 ; Yes                       ; Yes                       ;
; VGA_B[2]      ; 2.5 V        ; 0 s                 ; 0 s                 ; 2.62 V                       ; 4.04e-08 V                   ; 2.71 V              ; -0.0455 V           ; 0.17 V                               ; 0.057 V                              ; 2.73e-10 s                  ; 2.69e-10 s                  ; Yes                        ; Yes                        ; 2.62 V                      ; 4.04e-08 V                  ; 2.71 V             ; -0.0455 V          ; 0.17 V                              ; 0.057 V                             ; 2.73e-10 s                 ; 2.69e-10 s                 ; Yes                       ; Yes                       ;
; VGA_B[3]      ; 2.5 V        ; 0 s                 ; 0 s                 ; 2.62 V                       ; 4.04e-08 V                   ; 2.71 V              ; -0.0455 V           ; 0.17 V                               ; 0.057 V                              ; 2.73e-10 s                  ; 2.69e-10 s                  ; Yes                        ; Yes                        ; 2.62 V                      ; 4.04e-08 V                  ; 2.71 V             ; -0.0455 V          ; 0.17 V                              ; 0.057 V                             ; 2.73e-10 s                 ; 2.69e-10 s                 ; Yes                       ; Yes                       ;
; VGA_B[4]      ; 2.5 V        ; 0 s                 ; 0 s                 ; 2.62 V                       ; 4.04e-08 V                   ; 2.71 V              ; -0.0455 V           ; 0.17 V                               ; 0.057 V                              ; 2.73e-10 s                  ; 2.69e-10 s                  ; Yes                        ; Yes                        ; 2.62 V                      ; 4.04e-08 V                  ; 2.71 V             ; -0.0455 V          ; 0.17 V                              ; 0.057 V                             ; 2.73e-10 s                 ; 2.69e-10 s                 ; Yes                       ; Yes                       ;
; VGA_B[5]      ; 2.5 V        ; 0 s                 ; 0 s                 ; 2.62 V                       ; 4.04e-08 V                   ; 2.71 V              ; -0.0455 V           ; 0.17 V                               ; 0.057 V                              ; 2.73e-10 s                  ; 2.69e-10 s                  ; Yes                        ; Yes                        ; 2.62 V                      ; 4.04e-08 V                  ; 2.71 V             ; -0.0455 V          ; 0.17 V                              ; 0.057 V                             ; 2.73e-10 s                 ; 2.69e-10 s                 ; Yes                       ; Yes                       ;
; VGA_B[6]      ; 2.5 V        ; 0 s                 ; 0 s                 ; 2.62 V                       ; 4.04e-08 V                   ; 2.71 V              ; -0.0455 V           ; 0.17 V                               ; 0.057 V                              ; 2.73e-10 s                  ; 2.69e-10 s                  ; Yes                        ; Yes                        ; 2.62 V                      ; 4.04e-08 V                  ; 2.71 V             ; -0.0455 V          ; 0.17 V                              ; 0.057 V                             ; 2.73e-10 s                 ; 2.69e-10 s                 ; Yes                       ; Yes                       ;
; VGA_B[7]      ; 2.5 V        ; 0 s                 ; 0 s                 ; 2.62 V                       ; 4.04e-08 V                   ; 2.71 V              ; -0.0455 V           ; 0.17 V                               ; 0.057 V                              ; 2.73e-10 s                  ; 2.69e-10 s                  ; Yes                        ; Yes                        ; 2.62 V                      ; 4.04e-08 V                  ; 2.71 V             ; -0.0455 V          ; 0.17 V                              ; 0.057 V                             ; 2.73e-10 s                 ; 2.69e-10 s                 ; Yes                       ; Yes                       ;
; LCD_Data[0]   ; 2.5 V        ; 0 s                 ; 0 s                 ; 2.62 V                       ; 2.72e-08 V                   ; 2.71 V              ; -0.0204 V           ; 0.145 V                              ; 0.065 V                              ; 4.51e-10 s                  ; 4.12e-10 s                  ; No                         ; Yes                        ; 2.62 V                      ; 2.72e-08 V                  ; 2.71 V             ; -0.0204 V          ; 0.145 V                             ; 0.065 V                             ; 4.51e-10 s                 ; 4.12e-10 s                 ; No                        ; Yes                       ;
; LCD_Data[1]   ; 2.5 V        ; 0 s                 ; 0 s                 ; 2.62 V                       ; 2.72e-08 V                   ; 2.71 V              ; -0.0204 V           ; 0.145 V                              ; 0.065 V                              ; 4.51e-10 s                  ; 4.12e-10 s                  ; No                         ; Yes                        ; 2.62 V                      ; 2.72e-08 V                  ; 2.71 V             ; -0.0204 V          ; 0.145 V                             ; 0.065 V                             ; 4.51e-10 s                 ; 4.12e-10 s                 ; No                        ; Yes                       ;
; LCD_Data[2]   ; 2.5 V        ; 0 s                 ; 0 s                 ; 2.62 V                       ; 2.72e-08 V                   ; 2.71 V              ; -0.0204 V           ; 0.145 V                              ; 0.065 V                              ; 4.51e-10 s                  ; 4.12e-10 s                  ; No                         ; Yes                        ; 2.62 V                      ; 2.72e-08 V                  ; 2.71 V             ; -0.0204 V          ; 0.145 V                             ; 0.065 V                             ; 4.51e-10 s                 ; 4.12e-10 s                 ; No                        ; Yes                       ;
; LCD_Data[3]   ; 2.5 V        ; 0 s                 ; 0 s                 ; 2.62 V                       ; 2.72e-08 V                   ; 2.71 V              ; -0.0204 V           ; 0.145 V                              ; 0.065 V                              ; 4.51e-10 s                  ; 4.12e-10 s                  ; No                         ; Yes                        ; 2.62 V                      ; 2.72e-08 V                  ; 2.71 V             ; -0.0204 V          ; 0.145 V                             ; 0.065 V                             ; 4.51e-10 s                 ; 4.12e-10 s                 ; No                        ; Yes                       ;
; LCD_Data[4]   ; 2.5 V        ; 0 s                 ; 0 s                 ; 2.62 V                       ; 2.72e-08 V                   ; 2.71 V              ; -0.0204 V           ; 0.145 V                              ; 0.065 V                              ; 4.51e-10 s                  ; 4.12e-10 s                  ; No                         ; Yes                        ; 2.62 V                      ; 2.72e-08 V                  ; 2.71 V             ; -0.0204 V          ; 0.145 V                             ; 0.065 V                             ; 4.51e-10 s                 ; 4.12e-10 s                 ; No                        ; Yes                       ;
; LCD_Data[5]   ; 2.5 V        ; 0 s                 ; 0 s                 ; 2.62 V                       ; 2.72e-08 V                   ; 2.71 V              ; -0.0204 V           ; 0.145 V                              ; 0.065 V                              ; 4.51e-10 s                  ; 4.12e-10 s                  ; No                         ; Yes                        ; 2.62 V                      ; 2.72e-08 V                  ; 2.71 V             ; -0.0204 V          ; 0.145 V                             ; 0.065 V                             ; 4.51e-10 s                 ; 4.12e-10 s                 ; No                        ; Yes                       ;
; LCD_Data[6]   ; 2.5 V        ; 0 s                 ; 0 s                 ; 2.62 V                       ; 2.72e-08 V                   ; 2.71 V              ; -0.0204 V           ; 0.145 V                              ; 0.065 V                              ; 4.51e-10 s                  ; 4.12e-10 s                  ; No                         ; Yes                        ; 2.62 V                      ; 2.72e-08 V                  ; 2.71 V             ; -0.0204 V          ; 0.145 V                             ; 0.065 V                             ; 4.51e-10 s                 ; 4.12e-10 s                 ; No                        ; Yes                       ;
; LCD_Data[7]   ; 2.5 V        ; 0 s                 ; 0 s                 ; 2.62 V                       ; 2.72e-08 V                   ; 2.64 V              ; -0.0115 V           ; 0.202 V                              ; 0.118 V                              ; 2.37e-09 s                  ; 2.22e-09 s                  ; No                         ; Yes                        ; 2.62 V                      ; 2.72e-08 V                  ; 2.64 V             ; -0.0115 V          ; 0.202 V                             ; 0.118 V                             ; 2.37e-09 s                 ; 2.22e-09 s                 ; No                        ; Yes                       ;
; LCD_En        ; 2.5 V        ; 0 s                 ; 0 s                 ; 2.62 V                       ; 2.72e-08 V                   ; 2.71 V              ; -0.0204 V           ; 0.145 V                              ; 0.065 V                              ; 4.51e-10 s                  ; 4.12e-10 s                  ; No                         ; Yes                        ; 2.62 V                      ; 2.72e-08 V                  ; 2.71 V             ; -0.0204 V          ; 0.145 V                             ; 0.065 V                             ; 4.51e-10 s                 ; 4.12e-10 s                 ; No                        ; Yes                       ;
; LCD_Rw        ; 2.5 V        ; 0 s                 ; 0 s                 ; 2.62 V                       ; 2.72e-08 V                   ; 2.71 V              ; -0.0204 V           ; 0.145 V                              ; 0.065 V                              ; 4.51e-10 s                  ; 4.12e-10 s                  ; No                         ; Yes                        ; 2.62 V                      ; 2.72e-08 V                  ; 2.71 V             ; -0.0204 V          ; 0.145 V                             ; 0.065 V                             ; 4.51e-10 s                 ; 4.12e-10 s                 ; No                        ; Yes                       ;
; LCD_Rs        ; 2.5 V        ; 0 s                 ; 0 s                 ; 2.62 V                       ; 2.72e-08 V                   ; 2.71 V              ; -0.0204 V           ; 0.145 V                              ; 0.065 V                              ; 4.51e-10 s                  ; 4.12e-10 s                  ; No                         ; Yes                        ; 2.62 V                      ; 2.72e-08 V                  ; 2.71 V             ; -0.0204 V          ; 0.145 V                             ; 0.065 V                             ; 4.51e-10 s                 ; 4.12e-10 s                 ; No                        ; Yes                       ;
; LED           ; 2.5 V        ; 0 s                 ; 0 s                 ; 2.62 V                       ; 4.04e-08 V                   ; 2.71 V              ; -0.0455 V           ; 0.17 V                               ; 0.057 V                              ; 2.73e-10 s                  ; 2.69e-10 s                  ; Yes                        ; Yes                        ; 2.62 V                      ; 4.04e-08 V                  ; 2.71 V             ; -0.0455 V          ; 0.17 V                              ; 0.057 V                             ; 2.73e-10 s                 ; 2.69e-10 s                 ; Yes                       ; Yes                       ;
; HEX0[0]       ; 2.5 V        ; 0 s                 ; 0 s                 ; 2.62 V                       ; 4.04e-08 V                   ; 2.71 V              ; -0.0455 V           ; 0.17 V                               ; 0.057 V                              ; 2.73e-10 s                  ; 2.69e-10 s                  ; Yes                        ; Yes                        ; 2.62 V                      ; 4.04e-08 V                  ; 2.71 V             ; -0.0455 V          ; 0.17 V                              ; 0.057 V                             ; 2.73e-10 s                 ; 2.69e-10 s                 ; Yes                       ; Yes                       ;
; HEX0[1]       ; 2.5 V        ; 0 s                 ; 0 s                 ; 2.62 V                       ; 4.04e-08 V                   ; 2.64 V              ; -0.0112 V           ; 0.206 V                              ; 0.126 V                              ; 2.38e-09 s                  ; 2.23e-09 s                  ; No                         ; Yes                        ; 2.62 V                      ; 4.04e-08 V                  ; 2.64 V             ; -0.0112 V          ; 0.206 V                             ; 0.126 V                             ; 2.38e-09 s                 ; 2.23e-09 s                 ; No                        ; Yes                       ;
; HEX0[2]       ; 2.5 V        ; 0 s                 ; 0 s                 ; 2.62 V                       ; 4.04e-08 V                   ; 2.71 V              ; -0.0455 V           ; 0.17 V                               ; 0.057 V                              ; 2.73e-10 s                  ; 2.69e-10 s                  ; Yes                        ; Yes                        ; 2.62 V                      ; 4.04e-08 V                  ; 2.71 V             ; -0.0455 V          ; 0.17 V                              ; 0.057 V                             ; 2.73e-10 s                 ; 2.69e-10 s                 ; Yes                       ; Yes                       ;
; HEX0[3]       ; 2.5 V        ; 0 s                 ; 0 s                 ; 2.62 V                       ; 2.72e-08 V                   ; 2.72 V              ; -0.0376 V           ; 0.161 V                              ; 0.048 V                              ; 2.72e-10 s                  ; 2.61e-10 s                  ; Yes                        ; Yes                        ; 2.62 V                      ; 2.72e-08 V                  ; 2.72 V             ; -0.0376 V          ; 0.161 V                             ; 0.048 V                             ; 2.72e-10 s                 ; 2.61e-10 s                 ; Yes                       ; Yes                       ;
; HEX0[4]       ; 2.5 V        ; 0 s                 ; 0 s                 ; 2.62 V                       ; 2.72e-08 V                   ; 2.72 V              ; -0.0376 V           ; 0.161 V                              ; 0.048 V                              ; 2.72e-10 s                  ; 2.61e-10 s                  ; Yes                        ; Yes                        ; 2.62 V                      ; 2.72e-08 V                  ; 2.72 V             ; -0.0376 V          ; 0.161 V                             ; 0.048 V                             ; 2.72e-10 s                 ; 2.61e-10 s                 ; Yes                       ; Yes                       ;
; HEX0[5]       ; 2.5 V        ; 0 s                 ; 0 s                 ; 2.62 V                       ; 2.72e-08 V                   ; 2.64 V              ; -0.0115 V           ; 0.202 V                              ; 0.118 V                              ; 2.37e-09 s                  ; 2.22e-09 s                  ; No                         ; Yes                        ; 2.62 V                      ; 2.72e-08 V                  ; 2.64 V             ; -0.0115 V          ; 0.202 V                             ; 0.118 V                             ; 2.37e-09 s                 ; 2.22e-09 s                 ; No                        ; Yes                       ;
; HEX0[6]       ; 2.5 V        ; 0 s                 ; 0 s                 ; 2.62 V                       ; 2.72e-08 V                   ; 2.72 V              ; -0.0376 V           ; 0.161 V                              ; 0.048 V                              ; 2.72e-10 s                  ; 2.61e-10 s                  ; Yes                        ; Yes                        ; 2.62 V                      ; 2.72e-08 V                  ; 2.72 V             ; -0.0376 V          ; 0.161 V                             ; 0.048 V                             ; 2.72e-10 s                 ; 2.61e-10 s                 ; Yes                       ; Yes                       ;
; HEX1[0]       ; 2.5 V        ; 0 s                 ; 0 s                 ; 2.62 V                       ; 2.72e-08 V                   ; 2.72 V              ; -0.0376 V           ; 0.161 V                              ; 0.048 V                              ; 2.72e-10 s                  ; 2.61e-10 s                  ; Yes                        ; Yes                        ; 2.62 V                      ; 2.72e-08 V                  ; 2.72 V             ; -0.0376 V          ; 0.161 V                             ; 0.048 V                             ; 2.72e-10 s                 ; 2.61e-10 s                 ; Yes                       ; Yes                       ;
; HEX1[1]       ; 2.5 V        ; 0 s                 ; 0 s                 ; 2.62 V                       ; 2.72e-08 V                   ; 2.71 V              ; -0.0204 V           ; 0.145 V                              ; 0.065 V                              ; 4.51e-10 s                  ; 4.12e-10 s                  ; No                         ; Yes                        ; 2.62 V                      ; 2.72e-08 V                  ; 2.71 V             ; -0.0204 V          ; 0.145 V                             ; 0.065 V                             ; 4.51e-10 s                 ; 4.12e-10 s                 ; No                        ; Yes                       ;
; HEX1[2]       ; 2.5 V        ; 0 s                 ; 0 s                 ; 2.62 V                       ; 2.72e-08 V                   ; 2.71 V              ; -0.0204 V           ; 0.145 V                              ; 0.065 V                              ; 4.51e-10 s                  ; 4.12e-10 s                  ; No                         ; Yes                        ; 2.62 V                      ; 2.72e-08 V                  ; 2.71 V             ; -0.0204 V          ; 0.145 V                             ; 0.065 V                             ; 4.51e-10 s                 ; 4.12e-10 s                 ; No                        ; Yes                       ;
; HEX1[3]       ; 2.5 V        ; 0 s                 ; 0 s                 ; 2.62 V                       ; 2.72e-08 V                   ; 2.71 V              ; -0.0204 V           ; 0.145 V                              ; 0.065 V                              ; 4.51e-10 s                  ; 4.12e-10 s                  ; No                         ; Yes                        ; 2.62 V                      ; 2.72e-08 V                  ; 2.71 V             ; -0.0204 V          ; 0.145 V                             ; 0.065 V                             ; 4.51e-10 s                 ; 4.12e-10 s                 ; No                        ; Yes                       ;
; HEX1[4]       ; 2.5 V        ; 0 s                 ; 0 s                 ; 2.62 V                       ; 2.72e-08 V                   ; 2.71 V              ; -0.0204 V           ; 0.145 V                              ; 0.065 V                              ; 4.51e-10 s                  ; 4.12e-10 s                  ; No                         ; Yes                        ; 2.62 V                      ; 2.72e-08 V                  ; 2.71 V             ; -0.0204 V          ; 0.145 V                             ; 0.065 V                             ; 4.51e-10 s                 ; 4.12e-10 s                 ; No                        ; Yes                       ;
; HEX1[5]       ; 2.5 V        ; 0 s                 ; 0 s                 ; 2.62 V                       ; 2.72e-08 V                   ; 2.64 V              ; -0.0115 V           ; 0.202 V                              ; 0.118 V                              ; 2.37e-09 s                  ; 2.22e-09 s                  ; No                         ; Yes                        ; 2.62 V                      ; 2.72e-08 V                  ; 2.64 V             ; -0.0115 V          ; 0.202 V                             ; 0.118 V                             ; 2.37e-09 s                 ; 2.22e-09 s                 ; No                        ; Yes                       ;
; HEX1[6]       ; 2.5 V        ; 0 s                 ; 0 s                 ; 2.62 V                       ; 2.72e-08 V                   ; 2.64 V              ; -0.0115 V           ; 0.202 V                              ; 0.118 V                              ; 2.37e-09 s                  ; 2.22e-09 s                  ; No                         ; Yes                        ; 2.62 V                      ; 2.72e-08 V                  ; 2.64 V             ; -0.0115 V          ; 0.202 V                             ; 0.118 V                             ; 2.37e-09 s                 ; 2.22e-09 s                 ; No                        ; Yes                       ;
; HEX2[0]       ; 2.5 V        ; 0 s                 ; 0 s                 ; 2.62 V                       ; 2.72e-08 V                   ; 2.71 V              ; -0.0204 V           ; 0.145 V                              ; 0.065 V                              ; 4.51e-10 s                  ; 4.12e-10 s                  ; No                         ; Yes                        ; 2.62 V                      ; 2.72e-08 V                  ; 2.71 V             ; -0.0204 V          ; 0.145 V                             ; 0.065 V                             ; 4.51e-10 s                 ; 4.12e-10 s                 ; No                        ; Yes                       ;
; HEX2[1]       ; 2.5 V        ; 0 s                 ; 0 s                 ; 2.62 V                       ; 4.04e-08 V                   ; 2.71 V              ; -0.0455 V           ; 0.17 V                               ; 0.057 V                              ; 2.73e-10 s                  ; 2.69e-10 s                  ; Yes                        ; Yes                        ; 2.62 V                      ; 4.04e-08 V                  ; 2.71 V             ; -0.0455 V          ; 0.17 V                              ; 0.057 V                             ; 2.73e-10 s                 ; 2.69e-10 s                 ; Yes                       ; Yes                       ;
; HEX2[2]       ; 2.5 V        ; 0 s                 ; 0 s                 ; 2.62 V                       ; 2.72e-08 V                   ; 2.71 V              ; -0.0204 V           ; 0.145 V                              ; 0.065 V                              ; 4.51e-10 s                  ; 4.12e-10 s                  ; No                         ; Yes                        ; 2.62 V                      ; 2.72e-08 V                  ; 2.71 V             ; -0.0204 V          ; 0.145 V                             ; 0.065 V                             ; 4.51e-10 s                 ; 4.12e-10 s                 ; No                        ; Yes                       ;
; HEX2[3]       ; 2.5 V        ; 0 s                 ; 0 s                 ; 2.62 V                       ; 2.72e-08 V                   ; 2.71 V              ; -0.0204 V           ; 0.145 V                              ; 0.065 V                              ; 4.51e-10 s                  ; 4.12e-10 s                  ; No                         ; Yes                        ; 2.62 V                      ; 2.72e-08 V                  ; 2.71 V             ; -0.0204 V          ; 0.145 V                             ; 0.065 V                             ; 4.51e-10 s                 ; 4.12e-10 s                 ; No                        ; Yes                       ;
; HEX2[4]       ; 2.5 V        ; 0 s                 ; 0 s                 ; 2.62 V                       ; 2.72e-08 V                   ; 2.71 V              ; -0.0204 V           ; 0.145 V                              ; 0.065 V                              ; 4.51e-10 s                  ; 4.12e-10 s                  ; No                         ; Yes                        ; 2.62 V                      ; 2.72e-08 V                  ; 2.71 V             ; -0.0204 V          ; 0.145 V                             ; 0.065 V                             ; 4.51e-10 s                 ; 4.12e-10 s                 ; No                        ; Yes                       ;
; HEX2[5]       ; 2.5 V        ; 0 s                 ; 0 s                 ; 2.62 V                       ; 2.72e-08 V                   ; 2.71 V              ; -0.0204 V           ; 0.145 V                              ; 0.065 V                              ; 4.51e-10 s                  ; 4.12e-10 s                  ; No                         ; Yes                        ; 2.62 V                      ; 2.72e-08 V                  ; 2.71 V             ; -0.0204 V          ; 0.145 V                             ; 0.065 V                             ; 4.51e-10 s                 ; 4.12e-10 s                 ; No                        ; Yes                       ;
; HEX2[6]       ; 2.5 V        ; 0 s                 ; 0 s                 ; 2.62 V                       ; 2.72e-08 V                   ; 2.71 V              ; -0.0204 V           ; 0.145 V                              ; 0.065 V                              ; 4.51e-10 s                  ; 4.12e-10 s                  ; No                         ; Yes                        ; 2.62 V                      ; 2.72e-08 V                  ; 2.71 V             ; -0.0204 V          ; 0.145 V                             ; 0.065 V                             ; 4.51e-10 s                 ; 4.12e-10 s                 ; No                        ; Yes                       ;
; HEX3[0]       ; 2.5 V        ; 0 s                 ; 0 s                 ; 2.62 V                       ; 2.72e-08 V                   ; 2.71 V              ; -0.0204 V           ; 0.145 V                              ; 0.065 V                              ; 4.51e-10 s                  ; 4.12e-10 s                  ; No                         ; Yes                        ; 2.62 V                      ; 2.72e-08 V                  ; 2.71 V             ; -0.0204 V          ; 0.145 V                             ; 0.065 V                             ; 4.51e-10 s                 ; 4.12e-10 s                 ; No                        ; Yes                       ;
; HEX3[1]       ; 2.5 V        ; 0 s                 ; 0 s                 ; 2.62 V                       ; 2.72e-08 V                   ; 2.72 V              ; -0.0376 V           ; 0.161 V                              ; 0.048 V                              ; 2.72e-10 s                  ; 2.61e-10 s                  ; Yes                        ; Yes                        ; 2.62 V                      ; 2.72e-08 V                  ; 2.72 V             ; -0.0376 V          ; 0.161 V                             ; 0.048 V                             ; 2.72e-10 s                 ; 2.61e-10 s                 ; Yes                       ; Yes                       ;
; HEX3[2]       ; 2.5 V        ; 0 s                 ; 0 s                 ; 2.62 V                       ; 4.04e-08 V                   ; 2.64 V              ; -0.0112 V           ; 0.206 V                              ; 0.126 V                              ; 2.38e-09 s                  ; 2.23e-09 s                  ; No                         ; Yes                        ; 2.62 V                      ; 4.04e-08 V                  ; 2.64 V             ; -0.0112 V          ; 0.206 V                             ; 0.126 V                             ; 2.38e-09 s                 ; 2.23e-09 s                 ; No                        ; Yes                       ;
; HEX3[3]       ; 2.5 V        ; 0 s                 ; 0 s                 ; 2.62 V                       ; 4.04e-08 V                   ; 2.71 V              ; -0.0455 V           ; 0.17 V                               ; 0.057 V                              ; 2.73e-10 s                  ; 2.69e-10 s                  ; Yes                        ; Yes                        ; 2.62 V                      ; 4.04e-08 V                  ; 2.71 V             ; -0.0455 V          ; 0.17 V                              ; 0.057 V                             ; 2.73e-10 s                 ; 2.69e-10 s                 ; Yes                       ; Yes                       ;
; HEX3[4]       ; 2.5 V        ; 0 s                 ; 0 s                 ; 2.62 V                       ; 4.04e-08 V                   ; 2.71 V              ; -0.0455 V           ; 0.17 V                               ; 0.057 V                              ; 2.73e-10 s                  ; 2.69e-10 s                  ; Yes                        ; Yes                        ; 2.62 V                      ; 4.04e-08 V                  ; 2.71 V             ; -0.0455 V          ; 0.17 V                              ; 0.057 V                             ; 2.73e-10 s                 ; 2.69e-10 s                 ; Yes                       ; Yes                       ;
; HEX3[5]       ; 2.5 V        ; 0 s                 ; 0 s                 ; 2.62 V                       ; 4.04e-08 V                   ; 2.71 V              ; -0.0455 V           ; 0.17 V                               ; 0.057 V                              ; 2.73e-10 s                  ; 2.69e-10 s                  ; Yes                        ; Yes                        ; 2.62 V                      ; 4.04e-08 V                  ; 2.71 V             ; -0.0455 V          ; 0.17 V                              ; 0.057 V                             ; 2.73e-10 s                 ; 2.69e-10 s                 ; Yes                       ; Yes                       ;
; HEX3[6]       ; 2.5 V        ; 0 s                 ; 0 s                 ; 2.62 V                       ; 4.04e-08 V                   ; 2.71 V              ; -0.0455 V           ; 0.17 V                               ; 0.057 V                              ; 2.73e-10 s                  ; 2.69e-10 s                  ; Yes                        ; Yes                        ; 2.62 V                      ; 4.04e-08 V                  ; 2.71 V             ; -0.0455 V          ; 0.17 V                              ; 0.057 V                             ; 2.73e-10 s                 ; 2.69e-10 s                 ; Yes                       ; Yes                       ;
; ~ALTERA_DCLK~ ; 2.5 V        ; 0 s                 ; 0 s                 ; 2.62 V                       ; 2.21e-08 V                   ; 2.74 V              ; -0.0824 V           ; 0.159 V                              ; 0.115 V                              ; 2.7e-10 s                   ; 2.18e-10 s                  ; No                         ; Yes                        ; 2.62 V                      ; 2.21e-08 V                  ; 2.74 V             ; -0.0824 V          ; 0.159 V                             ; 0.115 V                             ; 2.7e-10 s                  ; 2.18e-10 s                 ; No                        ; Yes                       ;
; ~ALTERA_nCEO~ ; 2.5 V        ; 0 s                 ; 0 s                 ; 2.62 V                       ; 3.55e-08 V                   ; 2.7 V               ; -0.0204 V           ; 0.273 V                              ; 0.058 V                              ; 3.2e-10 s                   ; 5.11e-10 s                  ; No                         ; Yes                        ; 2.62 V                      ; 3.55e-08 V                  ; 2.7 V              ; -0.0204 V          ; 0.273 V                             ; 0.058 V                             ; 3.2e-10 s                  ; 5.11e-10 s                 ; No                        ; Yes                       ;
+---------------+--------------+---------------------+---------------------+------------------------------+------------------------------+---------------------+---------------------+--------------------------------------+--------------------------------------+-----------------------------+-----------------------------+----------------------------+----------------------------+-----------------------------+-----------------------------+--------------------+--------------------+-------------------------------------+-------------------------------------+----------------------------+----------------------------+---------------------------+---------------------------+


+-----------------------------------------------------------------------------------------------------------+
; Setup Transfers                                                                                           ;
+-----------------------------+-----------------------------+--------------+----------+----------+----------+
; From Clock                  ; To Clock                    ; RR Paths     ; FR Paths ; RF Paths ; FF Paths ;
+-----------------------------+-----------------------------+--------------+----------+----------+----------+
; CLK_50                      ; CLK_50                      ; 2141         ; 0        ; 0        ; 0        ;
; Keyboard:Kb|data_reg[0]     ; CLK_50                      ; 17           ; 17       ; 0        ; 0        ;
; LCD:lcdCtrl|CLK_DLY         ; CLK_50                      ; 12           ; 1        ; 0        ; 0        ;
; CLK_50                      ; Keyboard:Kb|data_reg[0]     ; 150          ; 0        ; 150      ; 0        ;
; Keyboard:Kb|data_reg[0]     ; Keyboard:Kb|data_reg[0]     ; 10           ; 10       ; 10       ; 10       ;
; CLK_50                      ; LCD:lcdCtrl|CLK_DLY         ; 212          ; 0        ; 0        ; 0        ;
; Keyboard:Kb|data_reg[0]     ; LCD:lcdCtrl|CLK_DLY         ; 69           ; 69       ; 0        ; 0        ;
; LCD:lcdCtrl|CLK_DLY         ; LCD:lcdCtrl|CLK_DLY         ; 329          ; 0        ; 0        ; 0        ;
; CLK_50                      ; u0|altpll_0|sd1|pll7|clk[0] ; 6270         ; 0        ; 0        ; 0        ;
; Keyboard:Kb|data_reg[0]     ; u0|altpll_0|sd1|pll7|clk[0] ; 704          ; 704      ; 0        ; 0        ;
; u0|altpll_0|sd1|pll7|clk[0] ; u0|altpll_0|sd1|pll7|clk[0] ; > 2147483647 ; 0        ; 0        ; 0        ;
+-----------------------------+-----------------------------+--------------+----------+----------+----------+
Entries labeled "false path" only account for clock-to-clock false paths and not path-based false paths. As a result, actual path counts may be lower than reported.


+-----------------------------------------------------------------------------------------------------------+
; Hold Transfers                                                                                            ;
+-----------------------------+-----------------------------+--------------+----------+----------+----------+
; From Clock                  ; To Clock                    ; RR Paths     ; FR Paths ; RF Paths ; FF Paths ;
+-----------------------------+-----------------------------+--------------+----------+----------+----------+
; CLK_50                      ; CLK_50                      ; 2141         ; 0        ; 0        ; 0        ;
; Keyboard:Kb|data_reg[0]     ; CLK_50                      ; 17           ; 17       ; 0        ; 0        ;
; LCD:lcdCtrl|CLK_DLY         ; CLK_50                      ; 12           ; 1        ; 0        ; 0        ;
; CLK_50                      ; Keyboard:Kb|data_reg[0]     ; 150          ; 0        ; 150      ; 0        ;
; Keyboard:Kb|data_reg[0]     ; Keyboard:Kb|data_reg[0]     ; 10           ; 10       ; 10       ; 10       ;
; CLK_50                      ; LCD:lcdCtrl|CLK_DLY         ; 212          ; 0        ; 0        ; 0        ;
; Keyboard:Kb|data_reg[0]     ; LCD:lcdCtrl|CLK_DLY         ; 69           ; 69       ; 0        ; 0        ;
; LCD:lcdCtrl|CLK_DLY         ; LCD:lcdCtrl|CLK_DLY         ; 329          ; 0        ; 0        ; 0        ;
; CLK_50                      ; u0|altpll_0|sd1|pll7|clk[0] ; 6270         ; 0        ; 0        ; 0        ;
; Keyboard:Kb|data_reg[0]     ; u0|altpll_0|sd1|pll7|clk[0] ; 704          ; 704      ; 0        ; 0        ;
; u0|altpll_0|sd1|pll7|clk[0] ; u0|altpll_0|sd1|pll7|clk[0] ; > 2147483647 ; 0        ; 0        ; 0        ;
+-----------------------------+-----------------------------+--------------+----------+----------+----------+
Entries labeled "false path" only account for clock-to-clock false paths and not path-based false paths. As a result, actual path counts may be lower than reported.


---------------
; Report TCCS ;
---------------
No dedicated SERDES Transmitter circuitry present in device or used in design


---------------
; Report RSKM ;
---------------
No non-DPA dedicated SERDES Receiver circuitry present in device or used in design


+------------------------------------------------+
; Unconstrained Paths Summary                    ;
+---------------------------------+-------+------+
; Property                        ; Setup ; Hold ;
+---------------------------------+-------+------+
; Illegal Clocks                  ; 0     ; 0    ;
; Unconstrained Clocks            ; 0     ; 0    ;
; Unconstrained Input Ports       ; 4     ; 4    ;
; Unconstrained Input Port Paths  ; 103   ; 103  ;
; Unconstrained Output Ports      ; 65    ; 65   ;
; Unconstrained Output Port Paths ; 149   ; 149  ;
+---------------------------------+-------+------+


+-------------------------------------------------------------------------------------+
; Clock Status Summary                                                                ;
+-----------------------------+-----------------------------+-----------+-------------+
; Target                      ; Clock                       ; Type      ; Status      ;
+-----------------------------+-----------------------------+-----------+-------------+
; CLK_50                      ; CLK_50                      ; Base      ; Constrained ;
; Keyboard:Kb|data_reg[0]     ; Keyboard:Kb|data_reg[0]     ; Base      ; Constrained ;
; LCD:lcdCtrl|CLK_DLY         ; LCD:lcdCtrl|CLK_DLY         ; Base      ; Constrained ;
; u0|altpll_0|sd1|pll7|clk[0] ; u0|altpll_0|sd1|pll7|clk[0] ; Generated ; Constrained ;
; u0|altpll_0|sd1|pll7|clk[1] ; u0|altpll_0|sd1|pll7|clk[1] ; Generated ; Constrained ;
+-----------------------------+-----------------------------+-----------+-------------+


+---------------------------------------------------------------------------------------------------+
; Unconstrained Input Ports                                                                         ;
+------------+--------------------------------------------------------------------------------------+
; Input Port ; Comment                                                                              ;
+------------+--------------------------------------------------------------------------------------+
; KEY        ; No input delay, min/max delays, false-path exceptions, or max skew assignments found ;
; Sw         ; No input delay, min/max delays, false-path exceptions, or max skew assignments found ;
; ps2_clk    ; No input delay, min/max delays, false-path exceptions, or max skew assignments found ;
; ps2_data   ; No input delay, min/max delays, false-path exceptions, or max skew assignments found ;
+------------+--------------------------------------------------------------------------------------+


+-----------------------------------------------------------------------------------------------------+
; Unconstrained Output Ports                                                                          ;
+-------------+---------------------------------------------------------------------------------------+
; Output Port ; Comment                                                                               ;
+-------------+---------------------------------------------------------------------------------------+
; HEX0[0]     ; No output delay, min/max delays, false-path exceptions, or max skew assignments found ;
; HEX0[1]     ; No output delay, min/max delays, false-path exceptions, or max skew assignments found ;
; HEX0[2]     ; No output delay, min/max delays, false-path exceptions, or max skew assignments found ;
; HEX0[3]     ; No output delay, min/max delays, false-path exceptions, or max skew assignments found ;
; HEX0[4]     ; No output delay, min/max delays, false-path exceptions, or max skew assignments found ;
; HEX0[5]     ; No output delay, min/max delays, false-path exceptions, or max skew assignments found ;
; HEX0[6]     ; No output delay, min/max delays, false-path exceptions, or max skew assignments found ;
; HEX1[0]     ; No output delay, min/max delays, false-path exceptions, or max skew assignments found ;
; HEX1[1]     ; No output delay, min/max delays, false-path exceptions, or max skew assignments found ;
; HEX1[2]     ; No output delay, min/max delays, false-path exceptions, or max skew assignments found ;
; HEX1[3]     ; No output delay, min/max delays, false-path exceptions, or max skew assignments found ;
; HEX1[4]     ; No output delay, min/max delays, false-path exceptions, or max skew assignments found ;
; HEX1[5]     ; No output delay, min/max delays, false-path exceptions, or max skew assignments found ;
; HEX1[6]     ; No output delay, min/max delays, false-path exceptions, or max skew assignments found ;
; HEX2[0]     ; No output delay, min/max delays, false-path exceptions, or max skew assignments found ;
; HEX2[1]     ; No output delay, min/max delays, false-path exceptions, or max skew assignments found ;
; HEX2[2]     ; No output delay, min/max delays, false-path exceptions, or max skew assignments found ;
; HEX2[3]     ; No output delay, min/max delays, false-path exceptions, or max skew assignments found ;
; HEX2[4]     ; No output delay, min/max delays, false-path exceptions, or max skew assignments found ;
; HEX2[5]     ; No output delay, min/max delays, false-path exceptions, or max skew assignments found ;
; HEX2[6]     ; No output delay, min/max delays, false-path exceptions, or max skew assignments found ;
; HEX3[0]     ; No output delay, min/max delays, false-path exceptions, or max skew assignments found ;
; HEX3[1]     ; No output delay, min/max delays, false-path exceptions, or max skew assignments found ;
; HEX3[2]     ; No output delay, min/max delays, false-path exceptions, or max skew assignments found ;
; HEX3[3]     ; No output delay, min/max delays, false-path exceptions, or max skew assignments found ;
; HEX3[4]     ; No output delay, min/max delays, false-path exceptions, or max skew assignments found ;
; HEX3[5]     ; No output delay, min/max delays, false-path exceptions, or max skew assignments found ;
; HEX3[6]     ; No output delay, min/max delays, false-path exceptions, or max skew assignments found ;
; LCD_Data[0] ; No output delay, min/max delays, false-path exceptions, or max skew assignments found ;
; LCD_Data[1] ; No output delay, min/max delays, false-path exceptions, or max skew assignments found ;
; LCD_Data[2] ; No output delay, min/max delays, false-path exceptions, or max skew assignments found ;
; LCD_Data[3] ; No output delay, min/max delays, false-path exceptions, or max skew assignments found ;
; LCD_Data[4] ; No output delay, min/max delays, false-path exceptions, or max skew assignments found ;
; LCD_Data[5] ; No output delay, min/max delays, false-path exceptions, or max skew assignments found ;
; LCD_Data[6] ; No output delay, min/max delays, false-path exceptions, or max skew assignments found ;
; LCD_Data[7] ; No output delay, min/max delays, false-path exceptions, or max skew assignments found ;
; LCD_En      ; No output delay, min/max delays, false-path exceptions, or max skew assignments found ;
; LCD_Rs      ; No output delay, min/max delays, false-path exceptions, or max skew assignments found ;
; VGA_B[0]    ; No output delay, min/max delays, false-path exceptions, or max skew assignments found ;
; VGA_B[1]    ; No output delay, min/max delays, false-path exceptions, or max skew assignments found ;
; VGA_B[2]    ; No output delay, min/max delays, false-path exceptions, or max skew assignments found ;
; VGA_B[3]    ; No output delay, min/max delays, false-path exceptions, or max skew assignments found ;
; VGA_B[4]    ; No output delay, min/max delays, false-path exceptions, or max skew assignments found ;
; VGA_B[5]    ; No output delay, min/max delays, false-path exceptions, or max skew assignments found ;
; VGA_B[6]    ; No output delay, min/max delays, false-path exceptions, or max skew assignments found ;
; VGA_B[7]    ; No output delay, min/max delays, false-path exceptions, or max skew assignments found ;
; VGA_CLK     ; No output delay, min/max delays, false-path exceptions, or max skew assignments found ;
; VGA_G[0]    ; No output delay, min/max delays, false-path exceptions, or max skew assignments found ;
; VGA_G[1]    ; No output delay, min/max delays, false-path exceptions, or max skew assignments found ;
; VGA_G[2]    ; No output delay, min/max delays, false-path exceptions, or max skew assignments found ;
; VGA_G[3]    ; No output delay, min/max delays, false-path exceptions, or max skew assignments found ;
; VGA_G[4]    ; No output delay, min/max delays, false-path exceptions, or max skew assignments found ;
; VGA_G[5]    ; No output delay, min/max delays, false-path exceptions, or max skew assignments found ;
; VGA_G[6]    ; No output delay, min/max delays, false-path exceptions, or max skew assignments found ;
; VGA_G[7]    ; No output delay, min/max delays, false-path exceptions, or max skew assignments found ;
; VGA_HS      ; No output delay, min/max delays, false-path exceptions, or max skew assignments found ;
; VGA_R[0]    ; No output delay, min/max delays, false-path exceptions, or max skew assignments found ;
; VGA_R[1]    ; No output delay, min/max delays, false-path exceptions, or max skew assignments found ;
; VGA_R[2]    ; No output delay, min/max delays, false-path exceptions, or max skew assignments found ;
; VGA_R[3]    ; No output delay, min/max delays, false-path exceptions, or max skew assignments found ;
; VGA_R[4]    ; No output delay, min/max delays, false-path exceptions, or max skew assignments found ;
; VGA_R[5]    ; No output delay, min/max delays, false-path exceptions, or max skew assignments found ;
; VGA_R[6]    ; No output delay, min/max delays, false-path exceptions, or max skew assignments found ;
; VGA_R[7]    ; No output delay, min/max delays, false-path exceptions, or max skew assignments found ;
; VGA_VS      ; No output delay, min/max delays, false-path exceptions, or max skew assignments found ;
+-------------+---------------------------------------------------------------------------------------+


+---------------------------------------------------------------------------------------------------+
; Unconstrained Input Ports                                                                         ;
+------------+--------------------------------------------------------------------------------------+
; Input Port ; Comment                                                                              ;
+------------+--------------------------------------------------------------------------------------+
; KEY        ; No input delay, min/max delays, false-path exceptions, or max skew assignments found ;
; Sw         ; No input delay, min/max delays, false-path exceptions, or max skew assignments found ;
; ps2_clk    ; No input delay, min/max delays, false-path exceptions, or max skew assignments found ;
; ps2_data   ; No input delay, min/max delays, false-path exceptions, or max skew assignments found ;
+------------+--------------------------------------------------------------------------------------+


+-----------------------------------------------------------------------------------------------------+
; Unconstrained Output Ports                                                                          ;
+-------------+---------------------------------------------------------------------------------------+
; Output Port ; Comment                                                                               ;
+-------------+---------------------------------------------------------------------------------------+
; HEX0[0]     ; No output delay, min/max delays, false-path exceptions, or max skew assignments found ;
; HEX0[1]     ; No output delay, min/max delays, false-path exceptions, or max skew assignments found ;
; HEX0[2]     ; No output delay, min/max delays, false-path exceptions, or max skew assignments found ;
; HEX0[3]     ; No output delay, min/max delays, false-path exceptions, or max skew assignments found ;
; HEX0[4]     ; No output delay, min/max delays, false-path exceptions, or max skew assignments found ;
; HEX0[5]     ; No output delay, min/max delays, false-path exceptions, or max skew assignments found ;
; HEX0[6]     ; No output delay, min/max delays, false-path exceptions, or max skew assignments found ;
; HEX1[0]     ; No output delay, min/max delays, false-path exceptions, or max skew assignments found ;
; HEX1[1]     ; No output delay, min/max delays, false-path exceptions, or max skew assignments found ;
; HEX1[2]     ; No output delay, min/max delays, false-path exceptions, or max skew assignments found ;
; HEX1[3]     ; No output delay, min/max delays, false-path exceptions, or max skew assignments found ;
; HEX1[4]     ; No output delay, min/max delays, false-path exceptions, or max skew assignments found ;
; HEX1[5]     ; No output delay, min/max delays, false-path exceptions, or max skew assignments found ;
; HEX1[6]     ; No output delay, min/max delays, false-path exceptions, or max skew assignments found ;
; HEX2[0]     ; No output delay, min/max delays, false-path exceptions, or max skew assignments found ;
; HEX2[1]     ; No output delay, min/max delays, false-path exceptions, or max skew assignments found ;
; HEX2[2]     ; No output delay, min/max delays, false-path exceptions, or max skew assignments found ;
; HEX2[3]     ; No output delay, min/max delays, false-path exceptions, or max skew assignments found ;
; HEX2[4]     ; No output delay, min/max delays, false-path exceptions, or max skew assignments found ;
; HEX2[5]     ; No output delay, min/max delays, false-path exceptions, or max skew assignments found ;
; HEX2[6]     ; No output delay, min/max delays, false-path exceptions, or max skew assignments found ;
; HEX3[0]     ; No output delay, min/max delays, false-path exceptions, or max skew assignments found ;
; HEX3[1]     ; No output delay, min/max delays, false-path exceptions, or max skew assignments found ;
; HEX3[2]     ; No output delay, min/max delays, false-path exceptions, or max skew assignments found ;
; HEX3[3]     ; No output delay, min/max delays, false-path exceptions, or max skew assignments found ;
; HEX3[4]     ; No output delay, min/max delays, false-path exceptions, or max skew assignments found ;
; HEX3[5]     ; No output delay, min/max delays, false-path exceptions, or max skew assignments found ;
; HEX3[6]     ; No output delay, min/max delays, false-path exceptions, or max skew assignments found ;
; LCD_Data[0] ; No output delay, min/max delays, false-path exceptions, or max skew assignments found ;
; LCD_Data[1] ; No output delay, min/max delays, false-path exceptions, or max skew assignments found ;
; LCD_Data[2] ; No output delay, min/max delays, false-path exceptions, or max skew assignments found ;
; LCD_Data[3] ; No output delay, min/max delays, false-path exceptions, or max skew assignments found ;
; LCD_Data[4] ; No output delay, min/max delays, false-path exceptions, or max skew assignments found ;
; LCD_Data[5] ; No output delay, min/max delays, false-path exceptions, or max skew assignments found ;
; LCD_Data[6] ; No output delay, min/max delays, false-path exceptions, or max skew assignments found ;
; LCD_Data[7] ; No output delay, min/max delays, false-path exceptions, or max skew assignments found ;
; LCD_En      ; No output delay, min/max delays, false-path exceptions, or max skew assignments found ;
; LCD_Rs      ; No output delay, min/max delays, false-path exceptions, or max skew assignments found ;
; VGA_B[0]    ; No output delay, min/max delays, false-path exceptions, or max skew assignments found ;
; VGA_B[1]    ; No output delay, min/max delays, false-path exceptions, or max skew assignments found ;
; VGA_B[2]    ; No output delay, min/max delays, false-path exceptions, or max skew assignments found ;
; VGA_B[3]    ; No output delay, min/max delays, false-path exceptions, or max skew assignments found ;
; VGA_B[4]    ; No output delay, min/max delays, false-path exceptions, or max skew assignments found ;
; VGA_B[5]    ; No output delay, min/max delays, false-path exceptions, or max skew assignments found ;
; VGA_B[6]    ; No output delay, min/max delays, false-path exceptions, or max skew assignments found ;
; VGA_B[7]    ; No output delay, min/max delays, false-path exceptions, or max skew assignments found ;
; VGA_CLK     ; No output delay, min/max delays, false-path exceptions, or max skew assignments found ;
; VGA_G[0]    ; No output delay, min/max delays, false-path exceptions, or max skew assignments found ;
; VGA_G[1]    ; No output delay, min/max delays, false-path exceptions, or max skew assignments found ;
; VGA_G[2]    ; No output delay, min/max delays, false-path exceptions, or max skew assignments found ;
; VGA_G[3]    ; No output delay, min/max delays, false-path exceptions, or max skew assignments found ;
; VGA_G[4]    ; No output delay, min/max delays, false-path exceptions, or max skew assignments found ;
; VGA_G[5]    ; No output delay, min/max delays, false-path exceptions, or max skew assignments found ;
; VGA_G[6]    ; No output delay, min/max delays, false-path exceptions, or max skew assignments found ;
; VGA_G[7]    ; No output delay, min/max delays, false-path exceptions, or max skew assignments found ;
; VGA_HS      ; No output delay, min/max delays, false-path exceptions, or max skew assignments found ;
; VGA_R[0]    ; No output delay, min/max delays, false-path exceptions, or max skew assignments found ;
; VGA_R[1]    ; No output delay, min/max delays, false-path exceptions, or max skew assignments found ;
; VGA_R[2]    ; No output delay, min/max delays, false-path exceptions, or max skew assignments found ;
; VGA_R[3]    ; No output delay, min/max delays, false-path exceptions, or max skew assignments found ;
; VGA_R[4]    ; No output delay, min/max delays, false-path exceptions, or max skew assignments found ;
; VGA_R[5]    ; No output delay, min/max delays, false-path exceptions, or max skew assignments found ;
; VGA_R[6]    ; No output delay, min/max delays, false-path exceptions, or max skew assignments found ;
; VGA_R[7]    ; No output delay, min/max delays, false-path exceptions, or max skew assignments found ;
; VGA_VS      ; No output delay, min/max delays, false-path exceptions, or max skew assignments found ;
+-------------+---------------------------------------------------------------------------------------+


+--------------------------+
; Timing Analyzer Messages ;
+--------------------------+
Info: *******************************************************************
Info: Running Quartus Prime Timing Analyzer
    Info: Version 23.1std.1 Build 993 05/14/2024 SC Lite Edition
    Info: Processing started: Wed Apr 30 18:06:44 2025
Info: Command: quartus_sta Practica2 -c Practica2
Info: qsta_default_script.tcl version: #1
Warning (18236): Number of processors has not been specified which may cause overloading on shared machines.  Set the global assignment NUM_PARALLEL_PROCESSORS in your QSF to an appropriate value for best performance.
Info (20030): Parallel compilation is enabled and will use 16 of the 16 processors detected
Info (21077): Low junction temperature is 0 degrees C
Info (21077): High junction temperature is 85 degrees C
Warning (335093): The Timing Analyzer is analyzing 3 combinational loops as latches. For more details, run the Check Timing command in the Timing Analyzer or view the "User-Specified and Inferred Latches" table in the Analysis & Synthesis report.
Critical Warning (332012): Synopsys Design Constraints File file not found: 'Practica2.sdc'. A Synopsys Design Constraints File is required by the Timing Analyzer to get proper timing constraints. Without it, the Compiler will not properly optimize the design.
Info (332142): No user constrained generated clocks found in the design. Calling "derive_pll_clocks -create_base_clocks"
Info (332110): Deriving PLL clocks
    Info (332110): create_clock -period 20.000 -waveform {0.000 10.000} -name CLK_50 CLK_50
    Info (332110): create_generated_clock -source {u0|altpll_0|sd1|pll7|inclk[0]} -divide_by 25 -multiply_by 54 -duty_cycle 50.00 -name {u0|altpll_0|sd1|pll7|clk[0]} {u0|altpll_0|sd1|pll7|clk[0]}
    Info (332110): create_generated_clock -source {u0|altpll_0|sd1|pll7|inclk[0]} -divide_by 25 -multiply_by 54 -duty_cycle 50.00 -name {u0|altpll_0|sd1|pll7|clk[1]} {u0|altpll_0|sd1|pll7|clk[1]}
Info (332142): No user constrained base clocks found in the design. Calling "derive_clocks -period 1.0"
Info (332105): Deriving Clocks
    Info (332105): create_clock -period 1.000 -name Keyboard:Kb|data_reg[0] Keyboard:Kb|data_reg[0]
    Info (332105): create_clock -period 1.000 -name LCD:lcdCtrl|CLK_DLY LCD:lcdCtrl|CLK_DLY
Info (332143): No user constrained clock uncertainty found in the design. Calling "derive_clock_uncertainty"
Info (332123): Deriving Clock Uncertainty. Please refer to report_sdc in the Timing Analyzer to see clock uncertainties.
Info: Found TIMING_ANALYZER_REPORT_SCRIPT_INCLUDE_DEFAULT_ANALYSIS = ON
Info: Analyzing Slow 1000mV 85C Model
Critical Warning (332148): Timing requirements not met
    Info (11105): For recommendations on closing timing, run Report Timing Closure Recommendations in the Timing Analyzer.
Info (332146): Worst-case setup slack is -41.063
    Info (332119):     Slack       End Point TNS Clock 
    Info (332119): ========= =================== =====================
    Info (332119):   -41.063           -1480.316 u0|altpll_0|sd1|pll7|clk[0] 
    Info (332119):    -9.117             -26.307 Keyboard:Kb|data_reg[0] 
    Info (332119):    -6.600            -106.323 LCD:lcdCtrl|CLK_DLY 
    Info (332119):    -1.569             -19.549 CLK_50 
Info (332146): Worst-case hold slack is 0.305
    Info (332119):     Slack       End Point TNS Clock 
    Info (332119): ========= =================== =====================
    Info (332119):     0.305               0.000 Keyboard:Kb|data_reg[0] 
    Info (332119):     0.514               0.000 LCD:lcdCtrl|CLK_DLY 
    Info (332119):     0.517               0.000 CLK_50 
    Info (332119):     0.535               0.000 u0|altpll_0|sd1|pll7|clk[0] 
Info (332140): No Recovery paths to report
Info (332140): No Removal paths to report
Info (332146): Worst-case minimum pulse width slack is -1.763
    Info (332119):     Slack       End Point TNS Clock 
    Info (332119): ========= =================== =====================
    Info (332119):    -1.763             -49.364 LCD:lcdCtrl|CLK_DLY 
    Info (332119):    -0.206              -1.482 Keyboard:Kb|data_reg[0] 
    Info (332119):     4.293               0.000 u0|altpll_0|sd1|pll7|clk[0] 
    Info (332119):     9.704               0.000 CLK_50 
Info (332114): Report Metastability: Found 1 synchronizer chains.
    Info (332114): The design MTBF is not calculated because there are no specified synchronizers in the design.
    Info (332114): Number of Synchronizer Chains Found: 1
    Info (332114): Shortest Synchronizer Chain: 2 Registers
    Info (332114): Fraction of Chains for which MTBFs Could Not be Calculated: 1.000
    Info (332114): Worst Case Available Settling Time: 31.624 ns
    Info (332114): 
Info: Analyzing Slow 1000mV 0C Model
Info (334003): Started post-fitting delay annotation
Info (334004): Delay annotation completed successfully
Info (332123): Deriving Clock Uncertainty. Please refer to report_sdc in the Timing Analyzer to see clock uncertainties.
Critical Warning (332148): Timing requirements not met
    Info (11105): For recommendations on closing timing, run Report Timing Closure Recommendations in the Timing Analyzer.
Info (332146): Worst-case setup slack is -38.404
    Info (332119):     Slack       End Point TNS Clock 
    Info (332119): ========= =================== =====================
    Info (332119):   -38.404           -1381.523 u0|altpll_0|sd1|pll7|clk[0] 
    Info (332119):    -8.913             -25.745 Keyboard:Kb|data_reg[0] 
    Info (332119):    -6.272            -102.285 LCD:lcdCtrl|CLK_DLY 
    Info (332119):    -1.479             -17.482 CLK_50 
Info (332146): Worst-case hold slack is 0.284
    Info (332119):     Slack       End Point TNS Clock 
    Info (332119): ========= =================== =====================
    Info (332119):     0.284               0.000 Keyboard:Kb|data_reg[0] 
    Info (332119):     0.497               0.000 CLK_50 
    Info (332119):     0.504               0.000 LCD:lcdCtrl|CLK_DLY 
    Info (332119):     0.515               0.000 u0|altpll_0|sd1|pll7|clk[0] 
Info (332140): No Recovery paths to report
Info (332140): No Removal paths to report
Info (332146): Worst-case minimum pulse width slack is -1.763
    Info (332119):     Slack       End Point TNS Clock 
    Info (332119): ========= =================== =====================
    Info (332119):    -1.763             -49.364 LCD:lcdCtrl|CLK_DLY 
    Info (332119):    -0.257              -1.778 Keyboard:Kb|data_reg[0] 
    Info (332119):     4.292               0.000 u0|altpll_0|sd1|pll7|clk[0] 
    Info (332119):     9.669               0.000 CLK_50 
Info (332114): Report Metastability: Found 1 synchronizer chains.
    Info (332114): The design MTBF is not calculated because there are no specified synchronizers in the design.
    Info (332114): Number of Synchronizer Chains Found: 1
    Info (332114): Shortest Synchronizer Chain: 2 Registers
    Info (332114): Fraction of Chains for which MTBFs Could Not be Calculated: 1.000
    Info (332114): Worst Case Available Settling Time: 32.007 ns
    Info (332114): 
Info: Analyzing Fast 1000mV 0C Model
Info (332123): Deriving Clock Uncertainty. Please refer to report_sdc in the Timing Analyzer to see clock uncertainties.
Critical Warning (332148): Timing requirements not met
    Info (11105): For recommendations on closing timing, run Report Timing Closure Recommendations in the Timing Analyzer.
Info (332146): Worst-case setup slack is -18.768
    Info (332119):     Slack       End Point TNS Clock 
    Info (332119): ========= =================== =====================
    Info (332119):   -18.768            -762.098 u0|altpll_0|sd1|pll7|clk[0] 
    Info (332119):    -5.189             -14.928 Keyboard:Kb|data_reg[0] 
    Info (332119):    -3.622             -50.657 LCD:lcdCtrl|CLK_DLY 
    Info (332119):    -0.752              -6.257 CLK_50 
Info (332146): Worst-case hold slack is 0.141
    Info (332119):     Slack       End Point TNS Clock 
    Info (332119): ========= =================== =====================
    Info (332119):     0.141               0.000 Keyboard:Kb|data_reg[0] 
    Info (332119):     0.255               0.000 CLK_50 
    Info (332119):     0.274               0.000 LCD:lcdCtrl|CLK_DLY 
    Info (332119):     0.291               0.000 u0|altpll_0|sd1|pll7|clk[0] 
Info (332140): No Recovery paths to report
Info (332140): No Removal paths to report
Info (332146): Worst-case minimum pulse width slack is -1.763
    Info (332119):     Slack       End Point TNS Clock 
    Info (332119): ========= =================== =====================
    Info (332119):    -1.763             -49.364 LCD:lcdCtrl|CLK_DLY 
    Info (332119):     0.146               0.000 Keyboard:Kb|data_reg[0] 
    Info (332119):     4.390               0.000 u0|altpll_0|sd1|pll7|clk[0] 
    Info (332119):     9.567               0.000 CLK_50 
Info (332114): Report Metastability: Found 1 synchronizer chains.
    Info (332114): The design MTBF is not calculated because there are no specified synchronizers in the design.
    Info (332114): Number of Synchronizer Chains Found: 1
    Info (332114): Shortest Synchronizer Chain: 2 Registers
    Info (332114): Fraction of Chains for which MTBFs Could Not be Calculated: 1.000
    Info (332114): Worst Case Available Settling Time: 35.098 ns
    Info (332114): 
Info (332102): Design is not fully constrained for setup requirements
Info (332102): Design is not fully constrained for hold requirements
Info: Quartus Prime Timing Analyzer was successful. 0 errors, 6 warnings
    Info: Peak virtual memory: 712 megabytes
    Info: Processing ended: Wed Apr 30 18:06:48 2025
    Info: Elapsed time: 00:00:04
    Info: Total CPU time (on all processors): 00:00:09


